/*
Navicat MySQL Data Transfer

Source Server         : dev
Source Server Version : 50649
Source Host           : 95.211.214.194:3306
Source Database       : dev_system_rbt

Target Server Type    : MYSQL
Target Server Version : 50649
File Encoding         : 65001

Date: 2020-10-21 16:26:33
*/

SET FOREIGN_KEY_CHECKS=0;

-- ----------------------------
-- Table structure for `aggregators`
-- ----------------------------
DROP TABLE IF EXISTS `aggregators`;
CREATE TABLE `aggregators` (
  `id` int(10) unsigned NOT NULL AUTO_INCREMENT,
  `title` varchar(191) COLLATE utf8mb4_unicode_ci NOT NULL,
  `created_at` timestamp NULL DEFAULT NULL,
  `updated_at` timestamp NULL DEFAULT NULL,
  PRIMARY KEY (`id`)
) ENGINE=InnoDB AUTO_INCREMENT=2 DEFAULT CHARSET=utf8mb4 COLLATE=utf8mb4_unicode_ci;

-- ----------------------------
-- Records of aggregators
-- ----------------------------
INSERT INTO `aggregators` VALUES ('1', 'Arpu', '2020-09-06 11:52:35', '2020-09-06 11:52:35');

-- ----------------------------
-- Table structure for `amount_revenu`
-- ----------------------------
DROP TABLE IF EXISTS `amount_revenu`;
CREATE TABLE `amount_revenu` (
  `id` bigint(20) unsigned NOT NULL AUTO_INCREMENT,
  `contract_service_id` bigint(20) unsigned NOT NULL,
  `revenu_id` bigint(20) unsigned NOT NULL,
  `amount` varchar(191) COLLATE utf8mb4_unicode_ci NOT NULL,
  `created_at` timestamp NULL DEFAULT NULL,
  `updated_at` timestamp NULL DEFAULT NULL,
  PRIMARY KEY (`id`)
) ENGINE=InnoDB AUTO_INCREMENT=10 DEFAULT CHARSET=utf8mb4 COLLATE=utf8mb4_unicode_ci;

-- ----------------------------
-- Records of amount_revenu
-- ----------------------------
INSERT INTO `amount_revenu` VALUES ('1', '31', '1', '50', null, null);
INSERT INTO `amount_revenu` VALUES ('2', '32', '1', '50', null, null);
INSERT INTO `amount_revenu` VALUES ('3', '31', '2', '50', null, null);
INSERT INTO `amount_revenu` VALUES ('4', '32', '2', '50', null, null);
INSERT INTO `amount_revenu` VALUES ('5', '31', '3', '50.59', null, null);
INSERT INTO `amount_revenu` VALUES ('6', '32', '3', '50', null, null);
INSERT INTO `amount_revenu` VALUES ('7', '29', '4', '100', null, null);
INSERT INTO `amount_revenu` VALUES ('8', '30', '4', '50.20', null, null);
INSERT INTO `amount_revenu` VALUES ('9', '31', '4', '40.70', null, null);

-- ----------------------------
-- Table structure for `attachments`
-- ----------------------------
DROP TABLE IF EXISTS `attachments`;
CREATE TABLE `attachments` (
  `id` bigint(20) unsigned NOT NULL AUTO_INCREMENT,
  `attachment_code` varchar(60) COLLATE utf8mb4_unicode_ci NOT NULL DEFAULT '#',
  `contract_id` bigint(20) unsigned NOT NULL,
  `attachment_type` tinyint(4) NOT NULL COMMENT '1:annex/2:authorization/3:copyright',
  `attachment_title` varchar(200) COLLATE utf8mb4_unicode_ci NOT NULL,
  `attachment_date` date NOT NULL,
  `attachment_expiry_date` date NOT NULL,
  `contract_expiry_date` date NOT NULL,
  `attachment_pdf` varchar(255) COLLATE utf8mb4_unicode_ci NOT NULL,
  `attachment_status` tinyint(1) NOT NULL COMMENT '1:Active/0:Expired',
  `notes` text COLLATE utf8mb4_unicode_ci,
  `created_at` timestamp NULL DEFAULT NULL,
  `updated_at` timestamp NULL DEFAULT NULL,
  PRIMARY KEY (`id`)
) ENGINE=InnoDB AUTO_INCREMENT=229 DEFAULT CHARSET=utf8mb4 COLLATE=utf8mb4_unicode_ci;

-- ----------------------------
-- Records of attachments
-- ----------------------------
INSERT INTO `attachments` VALUES ('1', 'ALC#2020/08/12/1597231823/1597235565', '6', '2', 'Exclusive content for Rotana flater', '2020-01-01', '2020-12-31', '2020-12-31', '1597233493-57448861.pdf', '1', null, '2020-08-12 10:32:45', null);
INSERT INTO `attachments` VALUES ('2', 'ANC#2020/08/12/1597239849/1597242254', '7', '1', 'Adding Chef Ahmed Maghazi\'s channel management', '2020-01-15', '2021-01-14', '2021-01-14', '1597242254-35754824.pdf', '1', null, '2020-08-12 12:24:14', null);
INSERT INTO `attachments` VALUES ('3', 'ANC#2020/08/12/1597239849/1597242328', '7', '1', 'Add Hamid Zaid channel management', '2020-01-15', '2021-01-14', '2021-01-14', '1597242328-34879260.pdf', '1', null, '2020-08-12 12:25:28', null);
INSERT INTO `attachments` VALUES ('4', 'ANC#2020/08/13/1597320105/1597326529', '8', '1', '(استغلال محتوي (القرأن يجيب', '2013-07-08', '2015-07-07', '2015-06-01', '1597326529-63406767.pdf', '1', null, '2020-08-13 11:48:49', null);
INSERT INTO `attachments` VALUES ('5', 'ANC#2020/08/13/1597320105/1597326593', '8', '1', '( استغلال محتوي ( سفره', '2013-07-08', '2015-07-07', '2015-06-01', '1597326593-58116494.pdf', '1', null, '2020-08-13 11:49:53', null);
INSERT INTO `attachments` VALUES ('7', 'ANC#2020/08/13/1597323703/1597326856', '9', '1', 'ضريبه القيمه المضافه', '2017-04-06', '2018-04-05', '2017-04-05', '1597326856-30015120.pdf', '1', null, '2020-08-13 11:54:16', null);
INSERT INTO `attachments` VALUES ('8', 'ANC#2020/08/13/1597320105/1597327146', '8', '1', '( استغلال محتوي ( جريده البديل', '2013-07-08', '2015-07-07', '2015-06-01', '1597327146-98358475.pdf', '1', null, '2020-08-13 11:59:06', null);
INSERT INTO `attachments` VALUES ('9', 'ALC#2020/08/13/1597320105/1597329974', '8', '2', 'تشغيل محتوي امينه شلبايه', '2013-06-09', '2014-06-08', '2015-06-01', '1597328420-70320985.pdf', '1', null, '2020-08-13 12:46:14', null);
INSERT INTO `attachments` VALUES ('10', 'ALC#2020/08/13/1597329881/1597330210', '10', '2', 'ramy gamal - hany adel - nour', '2019-07-01', '2020-06-30', '2019-07-30', '1597330210-60845699.pdf', '1', null, '2020-08-13 12:50:10', null);
INSERT INTO `attachments` VALUES ('11', 'ALC#2020/08/13/1597329881/1597562942', '10', '2', 'اذاعه اغنيه طلقه لخالد عجاج', '2018-07-18', '2019-07-17', '2019-07-30', '1597562942-84841356.pdf', '1', null, '2020-08-16 05:29:02', null);
INSERT INTO `attachments` VALUES ('12', 'ANC#2020/08/16/1597564066/1600246384', '11', '1', 'اضافه محتوي المطرب مدحت صالح', '2019-04-01', '2020-03-31', '2020-03-31', '1597565158-74630805.pdf', '0', null, '2020-09-16 06:53:04', null);
INSERT INTO `attachments` VALUES ('13', 'ANC#2020/08/16/1597585845/1597586797', '12', '1', 'اضافه خدمات مشاري العفاسي', '2018-05-16', '2022-05-15', '2022-05-15', '1597586797-22130029.pdf', '1', null, '2020-08-16 12:06:37', null);
INSERT INTO `attachments` VALUES ('14', 'ANC#2020/08/16/1597589682/1597590070', '14', '1', 'الاتفاق على النسبه', '2018-06-12', '2019-06-11', '2019-05-19', '1597590070-2684065.pdf', '1', null, '2020-08-16 13:01:10', null);
INSERT INTO `attachments` VALUES ('15', 'ANC#2020/08/16/1597589682/1597590149', '14', '1', 'اضافه محتوي صابر الرباعي', '2018-06-12', '2019-06-11', '2019-05-19', '1597590149-27598701.pdf', '1', null, '2020-08-16 13:02:29', null);
INSERT INTO `attachments` VALUES ('16', 'ANC#2020/08/16/1597587553/1597590586', '13', '1', 'اضافه 11 اغنيه', '2017-05-31', '2021-05-30', '2021-05-30', '1597590586-59780478.pdf', '1', null, '2020-08-16 13:09:46', null);
INSERT INTO `attachments` VALUES ('17', 'ANC#2020/08/16/1597587553/1597590706', '13', '1', 'اضافه 2 اغنيه', '2020-06-04', '2024-06-03', '2021-05-30', '1597590706-98038967.pdf', '1', null, '2020-08-16 13:11:46', null);
INSERT INTO `attachments` VALUES ('18', 'ANC#2020/08/17/1597659102/1597659224', '16', '1', 'الاتفاق على النسبه مابين الطرفين', '2019-05-01', '2020-04-30', '2020-04-30', '1597659224-31530469.pdf', '1', null, '2020-08-17 08:13:44', null);
INSERT INTO `attachments` VALUES ('19', 'ANC#2020/08/17/1597662776/1597663043', '17', '1', 'تحديد حصه كلا الطرفين', '2019-10-09', '2020-10-08', '2020-10-08', '1597663043-29414030.pdf', '1', null, '2020-08-17 09:17:23', null);
INSERT INTO `attachments` VALUES ('20', 'ANC#2020/08/17/1597662776/1597663195', '17', '1', 'customer`s complaints', '2019-10-09', '2020-10-08', '2020-10-08', '1597663195-68905015.pdf', '1', null, '2020-08-17 09:19:55', null);
INSERT INTO `attachments` VALUES ('21', 'ANC#2020/08/17/1597662776/1597663380', '17', '1', 'عدم تحمل زين المسؤليه القانونيه', '2019-10-09', '2020-10-08', '2020-10-08', '1597663380-50414566.pdf', '1', null, '2020-08-17 09:23:00', null);
INSERT INTO `attachments` VALUES ('22', 'ALC#2020/08/17/1597669797/1597740777', '18', '2', 'محاصه', '2017-06-12', '2018-06-11', '2018-06-11', '1597740777-95044877.pdf', '1', null, '2020-08-18 06:52:57', null);
INSERT INTO `attachments` VALUES ('23', 'ANC#2020/08/18/1597748143/1597748664', '22', '1', 'اتفاق بين الثلاثه اطراف', '2017-05-21', '2018-05-20', '2018-05-20', '1597748664-96024797.pdf', '1', null, '2020-08-18 09:04:24', null);
INSERT INTO `attachments` VALUES ('24', 'ANC#2020/08/18/1597749705/1600246476', '23', '1', 'اضافه مصنفات فنيه', '2017-11-22', '2018-11-21', '2018-11-21', '1597750098-70220620.pdf', '0', null, '2020-09-16 06:54:36', null);
INSERT INTO `attachments` VALUES ('25', 'ANC#2020/08/18/1597749705/1597750199', '23', '1', 'مد مده العقد', '2018-11-22', '2019-11-21', '2018-11-21', '1597750199-63245694.pdf', '1', null, '2020-08-18 09:29:59', null);
INSERT INTO `attachments` VALUES ('26', 'CRC#2020/08/18/1597749705/1600246679', '23', '3', 'توكيل', '2017-11-22', '2018-11-21', '2019-11-21', '1597751554-75835034.pdf', '0', null, '2020-09-16 06:57:59', null);
INSERT INTO `attachments` VALUES ('27', 'CRC#2020/08/18/1597749705/1600246732', '23', '3', 'توكيل 1', '2017-11-22', '2018-11-21', '2019-11-21', '1597751613-11711640.pdf', '0', null, '2020-09-16 06:58:52', null);
INSERT INTO `attachments` VALUES ('28', 'ALC#2020/08/18/1597762547/1597762628', '25', '2', 'تفويض اربو', '2015-01-01', '2015-12-31', '2016-11-30', '1597762628-40975032.pdf', '1', null, '2020-08-18 12:57:08', null);
INSERT INTO `attachments` VALUES ('29', 'ANC#2020/08/18/1597762547/1597762811', '25', '1', 'اكواد الخدمات', '2015-12-01', '2016-11-30', '2016-11-30', '1597762811-34045661.pdf', '1', null, '2020-08-18 13:00:11', null);
INSERT INTO `attachments` VALUES ('30', 'ALC#2020/08/19/1597823567/1597823756', '27', '2', 'تفويض باستغلال اي فاز المحتوي', '2015-09-17', '2018-09-16', '2018-09-16', '1597823756-10378451.pdf', '1', null, '2020-08-19 05:55:56', null);
INSERT INTO `attachments` VALUES ('31', 'ANC#2020/08/19/1597825041/1597828579', '28', '1', 'ملحق بالافلام الممنوحه', '2017-05-11', '2017-11-10', '2017-09-10', '1597828579-94258696.pdf', '1', null, '2020-08-19 07:16:19', null);
INSERT INTO `attachments` VALUES ('32', 'ANC#2020/08/19/1597825041/1597828902', '28', '1', 'مواصفات فنيه', '2017-05-11', '2015-11-10', '2017-09-10', '1597828902-73418506.pdf', '1', null, '2020-08-19 07:21:42', null);
INSERT INTO `attachments` VALUES ('33', 'ANC#2020/08/19/1597825041/1597828968', '28', '1', 'بنود حمايه وامن الافلام', '2017-05-11', '2017-11-10', '2017-09-10', '1597828968-85164538.pdf', '1', null, '2020-08-19 07:22:48', null);
INSERT INTO `attachments` VALUES ('34', 'ALC#2020/08/19/1597828009/1597829180', '30', '2', 'تفويض باستغلال اي فاز محتوي ال vas', '2017-05-11', '2017-11-10', '2019-05-10', '1597829180-59303370.pdf', '1', null, '2020-08-19 07:26:20', null);
INSERT INTO `attachments` VALUES ('35', 'ALC#2020/09/15/1600179900/1600958369', '143', '2', 'نحديد شبكات الاتصال', '2019-04-01', '2021-03-31', '2020-03-31', '1597834086-40037862.pdf', '1', null, '2020-09-24 12:39:29', null);
INSERT INTO `attachments` VALUES ('36', 'ANC#2020/08/19/1597833841/1597839046', '32', '1', 'نسبه كلا الطرفين', '2019-04-01', '2020-03-31', '2021-03-31', '1597839046-67470402.pdf', '1', null, '2020-08-19 10:10:46', null);
INSERT INTO `attachments` VALUES ('37', 'ANC#2020/08/19/1597844903/1600246984', '35', '1', 'استغلال محتوي', '2019-03-01', '2020-02-29', '2020-02-29', '1597845876-94034252.pdf', '0', null, '2020-09-16 07:03:04', null);
INSERT INTO `attachments` VALUES ('38', 'ANC#2020/08/19/1597844903/1600246975', '35', '1', 'networks', '2019-03-01', '2020-02-29', '2020-02-29', '1597846132-14898782.pdf', '0', '<p>ملحق رقم 2 : تحديد الشبكات&nbsp;</p><p>ملحق رقم 3: استغلال محتوي</p>', '2020-09-16 07:02:55', null);
INSERT INTO `attachments` VALUES ('39', 'ALC#2020/08/12/1597231823/1598183733', '6', '2', '(استغلال محتوي ( فلاتر روتانا', '2020-04-16', '2023-04-15', '2020-12-31', '1598183733-61385603.pdf', '1', null, '2020-08-23 09:55:33', null);
INSERT INTO `attachments` VALUES ('40', 'ALC#2020/08/23/1598183319/1598184635', '36', '2', 'عقد شراكه بين طرفين', '2018-09-03', '2021-10-02', '2023-04-15', '1598184635-65812800.pdf', '1', null, '2020-08-23 10:10:35', null);
INSERT INTO `attachments` VALUES ('41', 'ANC#2020/08/23/1598183319/1598185451', '36', '1', 'المحتوي الاسلامي', '2020-04-16', '2023-04-15', '2023-04-15', '1598185451-28803800.pdf', '1', null, '2020-08-23 10:24:11', null);
INSERT INTO `attachments` VALUES ('42', 'ALC#2020/08/25/1598350913/1598351072', '39', '2', 'تفويض ل اي فاز بأستغلال المحتوي', '2017-07-19', '2022-07-18', '2021-07-18', '1598351072-86312927.pdf', '1', null, '2020-08-25 08:24:32', null);
INSERT INTO `attachments` VALUES ('43', 'ANC#2020/08/25/1598352335/1598353510', '40', '1', 'مستحقات العميل', '2018-02-27', '2019-02-26', '2019-02-26', '1598353510-46968621.pdf', '1', null, '2020-08-25 09:05:10', null);
INSERT INTO `attachments` VALUES ('44', 'ANC#2020/08/25/1598352335/1598353567', '40', '1', 'جهات الاتصال', '2018-02-27', '2019-02-26', '2019-02-26', '1598353567-68594589.pdf', '1', null, '2020-08-25 09:06:07', null);
INSERT INTO `attachments` VALUES ('45', 'ANC#2020/08/25/1598352335/1598355017', '40', '1', 'مستحقات العميل 2', '2018-02-27', '2019-02-26', '2019-02-26', '1598355017-6917289.pdf', '1', null, '2020-08-25 09:30:17', null);
INSERT INTO `attachments` VALUES ('46', 'ANC#2020/08/25/1598356650/1600246898', '41', '1', 'اتفاق الطرفين على تغير النسبه عام 2014', '2014-10-01', '2016-09-30', '2016-09-30', '1598356891-12669405.pdf', '0', null, '2020-09-16 07:01:38', null);
INSERT INTO `attachments` VALUES ('47', 'ANC#2020/08/25/1598356650/1600246887', '41', '1', 'اتفاق الطرفين على تغير النسبه عام 2013', '2014-10-01', '2016-09-30', '2016-09-30', '1598356947-99733935.pdf', '0', null, '2020-09-16 07:01:27', null);
INSERT INTO `attachments` VALUES ('48', 'ANC#2020/08/25/1598356650/1600246869', '41', '1', 'اتفاق الطرفين على تغير النسبه عام 2015', '2014-10-01', '2016-09-30', '2016-09-30', '1598357070-26650496.pdf', '0', null, '2020-09-16 07:01:09', null);
INSERT INTO `attachments` VALUES ('49', 'ANC#2020/08/25/1598356650/1600246850', '41', '1', 'اضافه محتوي', '2014-10-01', '2016-09-30', '2016-09-30', '1598357220-51012864.pdf', '0', null, '2020-09-16 07:00:50', null);
INSERT INTO `attachments` VALUES ('50', 'ALC#2020/08/25/1598356650/1600246837', '41', '2', '1', '2014-10-01', '2016-09-30', '2016-09-30', '1598357680-74581965.pdf', '0', null, '2020-09-16 07:00:37', null);
INSERT INTO `attachments` VALUES ('51', 'ALC#2020/08/25/1598356650/1600246823', '41', '2', '2', '2014-10-01', '2016-09-30', '2016-09-30', '1598357951-34609961.pdf', '0', null, '2020-09-16 07:00:23', null);
INSERT INTO `attachments` VALUES ('52', 'ALC#2020/08/25/1598356650/1600247048', '41', '2', '3', '2014-10-01', '2016-09-30', '2016-09-30', '1598357992-54779199.pdf', '0', null, '2020-09-16 07:04:08', null);
INSERT INTO `attachments` VALUES ('53', 'ALC#2020/08/25/1598356650/1600247060', '41', '2', '4', '2014-10-01', '2016-09-30', '2016-09-30', '1598358022-98506234.pdf', '0', null, '2020-09-16 07:04:20', null);
INSERT INTO `attachments` VALUES ('54', 'ALC#2020/08/25/1598356650/1600247093', '41', '2', '5', '2014-10-01', '2016-09-30', '2016-09-30', '1598358109-73361199.pdf', '0', null, '2020-09-16 07:04:53', null);
INSERT INTO `attachments` VALUES ('55', 'ANC#2020/08/25/1598360433/1600247131', '42', '1', 'نسب الاطراف', '2014-10-01', '2016-09-30', '2016-09-30', '1598360531-73545878.pdf', '0', null, '2020-09-16 07:05:31', null);
INSERT INTO `attachments` VALUES ('56', 'ANC#2020/08/25/1598360433/1600247359', '42', '1', 'قواعد عامه', '2014-10-01', '2016-09-30', '2016-09-30', '1598360568-64022428.pdf', '0', null, '2020-09-16 07:09:19', null);
INSERT INTO `attachments` VALUES ('57', 'ANC#2020/08/25/1598360433/1600247350', '42', '1', 'ارشادات', '2014-10-01', '2016-09-30', '2016-09-30', '1598360619-98710694.pdf', '0', null, '2020-09-16 07:09:10', null);
INSERT INTO `attachments` VALUES ('58', 'ANC#2020/08/25/1598361526/1598361624', '43', '1', 'المواصفات الفنيه', '2015-06-01', '2016-05-31', '2016-05-31', '1598361624-70647106.pdf', '1', null, '2020-08-25 11:20:24', null);
INSERT INTO `attachments` VALUES ('59', 'ANC#2020/08/25/1598361526/1598361760', '43', '1', 'الوضع المالى', '2015-06-01', '2016-05-31', '2016-05-31', '1598361760-1798195.pdf', '1', null, '2020-08-25 11:22:40', null);
INSERT INTO `attachments` VALUES ('60', 'ANC#2020/08/25/1598361526/1598361798', '43', '1', 'تقرير', '2015-06-01', '2016-05-31', '2016-05-31', '1598361798-64389257.pdf', '1', null, '2020-08-25 11:23:18', null);
INSERT INTO `attachments` VALUES ('61', 'ANC#2020/08/25/1598361526/1598361859', '43', '1', 'تحويلات بنكيه', '2015-06-01', '2016-05-31', '2016-05-31', '1598361859-73128342.pdf', '1', null, '2020-08-25 11:24:19', null);
INSERT INTO `attachments` VALUES ('62', 'ALC#2020/08/25/1598361526/1598361959', '43', '2', 'Tim We Auhuraisation', '2015-06-01', '2016-05-31', '2016-05-31', '1598361959-84967603.pdf', '1', null, '2020-08-25 11:25:59', null);
INSERT INTO `attachments` VALUES ('63', 'ALC#2020/08/25/1598365736/1600247322', '44', '2', '1', '2014-06-22', '2015-06-21', '2015-06-21', '1598365813-55849358.pdf', '0', null, '2020-09-16 07:08:42', null);
INSERT INTO `attachments` VALUES ('64', 'ALC#2020/08/25/1598365736/1600247303', '44', '2', '2', '2014-06-22', '2015-06-21', '2015-06-21', '1598365918-77846093.pdf', '0', null, '2020-09-16 07:08:23', null);
INSERT INTO `attachments` VALUES ('65', 'ALC#2020/08/25/1598365736/1600247277', '44', '2', '3', '2014-06-22', '2015-06-21', '2015-06-21', '1598366264-61349311.pdf', '0', null, '2020-09-16 07:07:57', null);
INSERT INTO `attachments` VALUES ('66', 'ANC#2020/08/25/1598367188/1598367361', '45', '1', 'نسبه كلا الطرفين', '2015-10-01', '2017-10-31', '2020-08-31', '1598367361-98703313.pdf', '0', null, '2020-08-25 12:56:01', null);
INSERT INTO `attachments` VALUES ('67', 'ANC#2020/08/25/1598367843/1598367970', '46', '1', 'نسبه كلا الطرفين', '2014-10-01', '2015-09-30', '2020-08-31', '1598367929-31583379.pdf', '0', null, '2020-08-25 13:06:10', null);
INSERT INTO `attachments` VALUES ('68', 'ANC#2020/08/25/1598367843/1598368041', '46', '1', 'تفويضات', '2014-10-01', '2015-09-30', '2020-08-31', '1598368041-17327076.pdf', '0', null, '2020-08-25 13:07:21', null);
INSERT INTO `attachments` VALUES ('69', 'ALC#2020/08/26/1598431927/1598432874', '47', '2', 'تفويضات', '2013-06-04', '2016-06-03', '2016-06-04', '1598432874-57562509.pdf', '1', null, '2020-08-26 07:07:54', null);
INSERT INTO `attachments` VALUES ('70', 'ALC#2020/08/26/1598431927/1598432952', '47', '2', '1', '2013-06-04', '2016-06-03', '2016-06-04', '1598432952-4118282.pdf', '1', null, '2020-08-26 07:09:12', null);
INSERT INTO `attachments` VALUES ('71', 'ALC#2020/08/26/1598431927/1598433007', '47', '2', '2', '2013-06-04', '2016-06-03', '2016-06-04', '1598433007-82670130.pdf', '1', null, '2020-08-26 07:10:07', null);
INSERT INTO `attachments` VALUES ('72', 'ALC#2020/08/26/1598435014/1600247425', '48', '2', 'authuraisation', '2014-09-05', '2015-03-04', '2015-09-05', '1598438626-97951515.pdf', '0', null, '2020-09-16 07:10:25', null);
INSERT INTO `attachments` VALUES ('73', 'ANC#2020/08/26/1598435014/1600249709', '48', '1', 'ملحق رقم 1', '2014-09-05', '2015-03-04', '2015-09-05', '1598439473-10595887.pdf', '0', null, '2020-09-16 07:48:29', null);
INSERT INTO `attachments` VALUES ('74', 'ANC#2020/08/26/1598436530/1600249696', '49', '1', 'نسب الاطراف', '2014-09-05', '2015-03-04', '2015-03-04', '1598439624-96048599.pdf', '0', null, '2020-09-16 07:48:16', null);
INSERT INTO `attachments` VALUES ('75', 'ANC#2020/08/26/1598435014/1600248479', '48', '1', 'ملحق رقم 2', '2014-09-05', '2015-03-04', '2015-09-05', '1598439817-171436.pdf', '0', null, '2020-09-16 07:27:59', null);
INSERT INTO `attachments` VALUES ('76', 'ANC#2020/08/26/1598435014/1600248473', '48', '1', 'ملحق رقم 3', '2014-09-05', '2015-03-04', '2015-09-05', '1598439943-67878537.pdf', '0', null, '2020-09-16 07:27:53', null);
INSERT INTO `attachments` VALUES ('77', 'ANC#2020/08/26/1598441636/1600248457', '50', '1', 'اضافه المطرب خالد عجاج', '2019-07-01', '2020-06-30', '2020-06-30', '1598442161-82089032.pdf', '0', null, '2020-09-16 07:27:37', null);
INSERT INTO `attachments` VALUES ('78', 'ANC#2020/08/26/1598441636/1600248444', '50', '1', 'هاني شاكر', '2019-07-01', '2020-06-30', '2020-06-30', '1598442227-98281457.pdf', '0', null, '2020-09-16 07:27:24', null);
INSERT INTO `attachments` VALUES ('79', 'ANC#2020/08/26/1598443774/1600248428', '51', '1', 'Du - Etisalat', '2018-05-01', '2018-10-31', '2018-10-31', '1598444002-64900845.pdf', '0', null, '2020-09-16 07:27:08', null);
INSERT INTO `attachments` VALUES ('80', 'ALC#2020/08/26/1598443774/1600248359', '51', '2', 'Confirmation', '2018-05-01', '2018-10-31', '2018-10-31', '1598444093-39779750.pdf', '0', null, '2020-09-16 07:25:59', null);
INSERT INTO `attachments` VALUES ('81', 'ALC#2020/08/27/1598515862/1598519220', '52', '2', '1', '2014-10-01', '2015-09-30', '2015-09-30', '1598519220-85114115.pdf', '0', null, '2020-08-27 07:07:00', null);
INSERT INTO `attachments` VALUES ('82', 'ALC#2020/08/27/1598515862/1598519343', '52', '2', '2', '2014-10-01', '2015-09-30', '2015-09-30', '1598519343-47170949.pdf', '0', null, '2020-08-27 07:09:03', null);
INSERT INTO `attachments` VALUES ('83', 'ALC#2020/08/27/1598515862/1598519541', '52', '2', '3', '2014-10-01', '2015-09-30', '2015-09-30', '1598519541-10345840.pdf', '0', null, '2020-08-27 07:12:21', null);
INSERT INTO `attachments` VALUES ('84', 'ALC#2020/08/27/1598518136/1600248338', '54', '2', 'الخدمات', '2014-05-18', '2016-05-17', '2016-05-17', '1598519733-7007539.pdf', '0', null, '2020-09-16 07:25:38', null);
INSERT INTO `attachments` VALUES ('85', 'ALC#2020/08/27/1598516750/1598519867', '53', '2', '1', '2014-10-01', '2015-09-30', '2015-09-30', '1598519867-75659564.pdf', '0', null, '2020-08-27 07:17:47', null);
INSERT INTO `attachments` VALUES ('86', 'ALC#2020/08/27/1598515862/1598519968', '52', '2', '4', '2014-10-01', '2015-09-30', '2015-09-30', '1598519968-48841083.pdf', '0', null, '2020-08-27 07:19:28', null);
INSERT INTO `attachments` VALUES ('87', 'ALC#2020/08/27/1598516750/1598520062', '53', '2', '3', '2014-10-01', '2015-09-30', '2015-09-30', '1598520062-58562811.pdf', '0', null, '2020-08-27 07:21:02', null);
INSERT INTO `attachments` VALUES ('88', 'ALC#2020/08/27/1598516750/1598520150', '53', '2', '4', '2014-10-01', '2015-09-30', '2015-09-30', '1598520150-2822970.pdf', '0', null, '2020-08-27 07:22:30', null);
INSERT INTO `attachments` VALUES ('89', 'ALC#2020/08/27/1598516750/1598520229', '53', '2', '2', '2014-10-01', '2015-09-30', '2015-09-30', '1598520229-28456869.pdf', '0', null, '2020-08-27 07:23:49', null);
INSERT INTO `attachments` VALUES ('90', 'ANC#2020/08/27/1598539638/1600248306', '55', '1', '1', '2018-05-14', '2019-05-13', '2019-05-13', '1598539825-60956601.pdf', '0', null, '2020-09-16 07:25:06', null);
INSERT INTO `attachments` VALUES ('91', 'ANC#2020/08/27/1598539638/1600248290', '55', '1', '2', '2018-05-14', '2019-05-13', '2019-05-13', '1598539903-47413740.pdf', '0', null, '2020-09-16 07:24:50', null);
INSERT INTO `attachments` VALUES ('92', 'ANC#2020/08/27/1598540364/1598540412', '56', '1', '1', '2018-10-17', '2019-10-16', '2019-10-16', '1598540412-10666070.pdf', '1', null, '2020-08-27 13:00:12', null);
INSERT INTO `attachments` VALUES ('93', 'ANC#2020/08/27/1598539638/1600248271', '55', '1', '3', '2018-05-14', '2019-05-13', '2019-05-13', '1598776906-44058389.pdf', '0', null, '2020-09-16 07:24:31', null);
INSERT INTO `attachments` VALUES ('94', 'ANC#2020/08/30/1598777514/1598777990', '57', '1', 'ملحق رقم 1', '2018-08-01', '2019-07-31', '2019-07-31', '1598777990-92249340.pdf', '0', null, '2020-08-30 06:59:50', null);
INSERT INTO `attachments` VALUES ('95', 'ANC#2020/08/30/1598777514/1598778094', '57', '1', 'سخ العقد', '2018-08-01', '2018-09-02', '2019-07-31', '1598778094-98694312.pdf', '0', null, '2020-08-30 07:01:34', null);
INSERT INTO `attachments` VALUES ('96', 'ANC#2020/08/30/1598782309/1600248242', '58', '1', 'جدول المحتوي', '2019-08-01', '2020-07-31', '2020-07-31', '1598785663-50564015.pdf', '0', null, '2020-09-16 07:24:02', null);
INSERT INTO `attachments` VALUES ('97', 'ANC#2020/08/30/1598791059/1600248229', '59', '1', 'تعديل نسبه الطرفين', '2015-12-01', '2019-03-31', '2019-03-31', '1598791597-11935141.pdf', '0', null, '2020-09-16 07:23:49', null);
INSERT INTO `attachments` VALUES ('98', 'ANC#2020/08/30/1598798744/1598798842', '61', '1', '1', '2014-07-14', '2017-07-13', '2017-07-13', '1598798841-4202636.pdf', '1', null, '2020-08-30 12:47:22', null);
INSERT INTO `attachments` VALUES ('99', 'ANC#2020/08/31/1598868634/1598869070', '63', '1', '1', '2013-06-02', '2016-06-01', '2015-06-01', '1598869070-17409515.pdf', '1', null, '2020-08-31 08:17:50', null);
INSERT INTO `attachments` VALUES ('100', 'ANC#2020/08/31/1598883263/1598884314', '69', '1', '1', '2020-08-16', '2023-08-15', '2023-08-15', '1598884314-38854890.pdf', '1', null, '2020-08-31 12:31:54', null);
INSERT INTO `attachments` VALUES ('101', 'ALC#2020/08/31/1598883263/1598884366', '69', '2', '1', '2020-08-16', '2023-08-15', '2023-08-15', '1598884366-45205370.pdf', '1', null, '2020-08-31 12:32:46', null);
INSERT INTO `attachments` VALUES ('102', 'CRC#2020/08/31/1598883263/1598884407', '69', '3', '1', '2020-08-16', '2023-08-15', '2023-08-15', '1598884407-93532441.pdf', '1', null, '2020-08-31 12:33:27', null);
INSERT INTO `attachments` VALUES ('103', 'ANC#2020/09/01/1598961126/1598961193', '72', '1', '1', '2014-10-02', '2017-10-01', '2017-10-01', '1598961193-44920874.pdf', '1', null, '2020-09-01 09:53:13', null);
INSERT INTO `attachments` VALUES ('104', 'ANC#2020/09/01/1598961126/1598964471', '72', '1', '2', '2014-10-02', '2017-10-01', '2017-10-01', '1598964471-65163081.pdf', '1', null, '2020-09-01 10:47:51', null);
INSERT INTO `attachments` VALUES ('105', 'ALC#2020/09/01/1598961126/1598965113', '72', '2', '1', '2013-10-28', '2017-10-01', '2017-10-01', '1598965113-14723084.pdf', '1', null, '2020-09-01 10:58:33', null);
INSERT INTO `attachments` VALUES ('106', 'ALC#2020/09/01/1598963429/1600250146', '74', '2', '1', '2014-10-01', '2015-09-30', '2015-09-30', '1598965371-77109452.pdf', '0', null, '2020-09-16 07:55:46', null);
INSERT INTO `attachments` VALUES ('107', 'CRC#2020/09/01/1598961126/1598965939', '72', '3', '1', '2014-10-02', '2017-10-01', '2017-10-01', '1598965939-79513369.pdf', '1', null, '2020-09-01 11:12:19', null);
INSERT INTO `attachments` VALUES ('108', 'ANC#2020/09/01/1598976909/1600250110', '75', '1', '1', '2017-03-27', '2018-03-26', '2018-03-26', '1598977097-10504790.pdf', '0', null, '2020-09-16 07:55:10', null);
INSERT INTO `attachments` VALUES ('109', 'ANC#2020/09/01/1598976909/1600250089', '75', '1', '2', '2017-03-27', '2018-03-26', '2018-03-26', '1598977129-50671677.pdf', '0', null, '2020-09-16 07:54:49', null);
INSERT INTO `attachments` VALUES ('110', 'ANC#2020/09/01/1598976909/1600250078', '75', '1', '3', '2017-03-27', '2018-03-26', '2018-03-26', '1598977342-3072378.pdf', '0', null, '2020-09-16 07:54:38', null);
INSERT INTO `attachments` VALUES ('111', 'ANC#2020/09/02/1599042910/1600250065', '76', '1', '1', '2018-05-15', '2019-05-14', '2019-05-14', '1599043106-46038507.pdf', '0', null, '2020-09-16 07:54:25', null);
INSERT INTO `attachments` VALUES ('112', 'ANC#2020/09/02/1599042910/1600250040', '76', '1', '2', '2018-05-15', '2019-05-14', '2019-05-14', '1599043143-54058617.pdf', '0', null, '2020-09-16 07:54:00', null);
INSERT INTO `attachments` VALUES ('113', 'ANC#2020/09/02/1599042910/1600250027', '76', '1', '3', '2018-05-15', '2019-05-14', '2019-05-14', '1599043202-66136021.pdf', '0', null, '2020-09-16 07:53:47', null);
INSERT INTO `attachments` VALUES ('114', 'ANC#2020/09/02/1599042910/1600250013', '76', '1', '4', '2018-05-15', '2019-05-14', '2019-05-14', '1599043258-84533594.pdf', '0', null, '2020-09-16 07:53:33', null);
INSERT INTO `attachments` VALUES ('115', 'ANC#2020/09/02/1599042910/1600250001', '76', '1', '5', '2018-05-15', '2019-05-14', '2019-05-14', '1599043308-85950087.pdf', '0', null, '2020-09-16 07:53:21', null);
INSERT INTO `attachments` VALUES ('116', 'ANC#2020/09/02/1599042910/1600249984', '76', '1', '6', '2018-05-15', '2019-05-14', '2019-05-14', '1599043391-31601924.pdf', '0', null, '2020-09-16 07:53:04', null);
INSERT INTO `attachments` VALUES ('117', 'ANC#2020/09/02/1599050127/1600249967', '81', '1', '1', '2014-04-01', '2015-03-31', '2015-03-31', '1599051927-19133258.pdf', '0', null, '2020-09-16 07:52:47', null);
INSERT INTO `attachments` VALUES ('118', 'ANC#2020/09/02/1599050127/1600249955', '81', '1', '2', '2014-04-01', '2015-03-31', '2015-03-31', '1599051967-56134459.pdf', '0', null, '2020-09-16 07:52:35', null);
INSERT INTO `attachments` VALUES ('119', 'ANC#2020/09/03/1599125920/1599126131', '82', '1', '1', '2017-02-01', '2019-01-31', '2019-01-31', '1599126131-70563682.pdf', '1', null, '2020-09-03 07:42:11', null);
INSERT INTO `attachments` VALUES ('120', 'ANC#2020/09/03/1599125920/1599126222', '82', '1', '2', '2017-02-01', '2019-01-31', '2019-01-31', '1599126222-95929024.pdf', '1', null, '2020-09-03 07:43:42', null);
INSERT INTO `attachments` VALUES ('121', 'ANC#2020/09/03/1599125920/1599126289', '82', '1', '3', '2017-02-01', '2019-01-31', '2019-01-31', '1599126289-28993815.pdf', '1', null, '2020-09-03 07:44:49', null);
INSERT INTO `attachments` VALUES ('122', 'ANC#2020/09/03/1599127785/1600249931', '83', '1', '1', '2016-09-01', '2017-08-31', '2017-08-31', '1599128390-65942024.pdf', '0', null, '2020-09-16 07:52:11', null);
INSERT INTO `attachments` VALUES ('123', 'ANC#2020/09/03/1599125920/1599135057', '82', '1', '4', '2017-02-01', '2019-01-31', '2019-01-31', '1599135057-75819164.pdf', '1', null, '2020-09-03 10:10:57', null);
INSERT INTO `attachments` VALUES ('124', 'ANC#2020/09/03/1599138216/1599138281', '87', '1', 'All', '2013-11-09', '2014-11-08', '2014-11-08', '1599138281-9872212.pdf', '1', null, '2020-09-03 11:04:41', null);
INSERT INTO `attachments` VALUES ('125', 'ALC#2020/09/03/1599139447/1599143604', '88', '2', '1', '2019-10-01', '2020-09-30', '2020-09-30', '1599143604-8972702.pdf', '1', null, '2020-09-03 12:33:24', null);
INSERT INTO `attachments` VALUES ('126', 'ALC#2020/09/07/1599467833/1599467940', '90', '2', 'تصريح', '2014-12-08', '2019-12-07', '2019-12-07', '1599467940-75325354.pdf', '1', null, '2020-09-07 06:39:00', null);
INSERT INTO `attachments` VALUES ('127', 'ANC#2020/09/07/1599470158/1600249899', '94', '1', '1', '2017-05-02', '2016-02-10', '2016-02-10', '1599470280-1248402.pdf', '0', null, '2020-09-16 07:51:39', null);
INSERT INTO `attachments` VALUES ('128', 'ALC#2020/09/07/1599472057/1599472132', '96', '2', '1', '2014-05-20', '2017-05-19', '2017-05-19', '1599472132-3625255.pdf', '1', null, '2020-09-07 07:48:52', null);
INSERT INTO `attachments` VALUES ('129', 'ALC#2020/09/07/1599472780/1599472878', '98', '2', '1', '2016-12-19', '2018-12-01', '2018-11-30', '1599472878-58373397.pdf', '1', null, '2020-09-07 08:01:18', null);
INSERT INTO `attachments` VALUES ('130', 'ANC#2020/09/07/1599472780/1599472946', '98', '1', '1', '2015-12-01', '2018-11-30', '2018-11-30', '1599472946-6718148.pdf', '1', null, '2020-09-07 08:02:26', null);
INSERT INTO `attachments` VALUES ('131', 'ANC#2020/09/07/1599472780/1599472984', '98', '1', '2', '2015-12-01', '2018-11-30', '2018-11-30', '1599472984-29077405.pdf', '1', null, '2020-09-07 08:03:04', null);
INSERT INTO `attachments` VALUES ('132', 'ANC#2020/09/07/1599472780/1599473063', '98', '1', 'TV', '2015-12-01', '2018-11-30', '2018-11-30', '1599473063-94432184.pdf', '1', null, '2020-09-07 08:04:23', null);
INSERT INTO `attachments` VALUES ('133', 'ANC#2020/09/07/1599472780/1599473255', '98', '1', 'Audio', '2015-12-01', '2018-11-30', '2018-11-30', '1599473255-54916661.pdf', '1', null, '2020-09-07 08:07:35', null);
INSERT INTO `attachments` VALUES ('134', 'ANC#2020/09/07/1599472780/1599473448', '98', '1', 'Vedio', '2015-12-01', '2018-11-30', '2018-11-30', '1599473448-89840136.pdf', '1', null, '2020-09-07 08:10:48', null);
INSERT INTO `attachments` VALUES ('135', 'ALC#2020/09/07/1599473874/1599473962', '99', '2', '1', '2017-02-15', '2020-02-14', '2020-02-14', '1599473962-756811.pdf', '1', null, '2020-09-07 08:19:22', null);
INSERT INTO `attachments` VALUES ('136', 'ALC#2020/09/07/1599477748/1600250312', '103', '2', '1', '2019-09-01', '2020-08-31', '2020-08-31', '1599477851-7092278.pdf', '0', null, '2020-09-16 07:58:32', null);
INSERT INTO `attachments` VALUES ('137', 'ALC#2020/09/07/1599477748/1600250337', '103', '2', '2', '2019-09-01', '2020-08-31', '2020-08-31', '1599477940-83871714.pdf', '0', null, '2020-09-16 07:58:57', null);
INSERT INTO `attachments` VALUES ('138', 'ALC#2020/09/07/1599477748/1600250349', '103', '2', '3', '2019-09-01', '2020-08-31', '2020-08-31', '1599477981-30274394.pdf', '0', null, '2020-09-16 07:59:09', null);
INSERT INTO `attachments` VALUES ('139', 'ALC#2020/09/07/1599477748/1600250361', '103', '2', '4', '2019-09-01', '2020-08-31', '2020-08-31', '1599480703-74599443.pdf', '0', null, '2020-09-16 07:59:21', null);
INSERT INTO `attachments` VALUES ('140', 'ALC#2020/09/07/1599477748/1600250374', '103', '2', '5', '2019-09-01', '2020-08-31', '2020-08-31', '1599480872-88472721.pdf', '0', null, '2020-09-16 07:59:34', null);
INSERT INTO `attachments` VALUES ('141', 'ALC#2020/09/08/1599556637/1599556751', '104', '2', '1', '2017-04-12', '2022-04-11', '2022-04-11', '1599556751-16584374.pdf', '1', null, '2020-09-08 07:19:11', null);
INSERT INTO `attachments` VALUES ('142', 'ANC#2020/09/08/1599556932/1599557002', '105', '1', '1', '2014-07-15', '2017-07-14', '2017-07-14', '1599557002-40505078.pdf', '1', null, '2020-09-08 07:23:22', null);
INSERT INTO `attachments` VALUES ('143', 'ANC#2020/09/08/1599557201/1599557252', '106', '1', '1', '2016-06-01', '2019-05-31', '2019-05-31', '1599557252-66547236.pdf', '1', null, '2020-09-08 07:27:32', null);
INSERT INTO `attachments` VALUES ('144', 'ANC#2020/09/08/1599557201/1599557303', '106', '1', '2', '2016-06-01', '2019-05-31', '2019-05-31', '1599557303-89551635.pdf', '1', null, '2020-09-08 07:28:23', null);
INSERT INTO `attachments` VALUES ('145', 'ANC#2020/09/08/1599557463/1599557521', '107', '1', '1', '2014-07-18', '2019-07-17', '2019-07-17', '1599557521-18599952.pdf', '1', null, '2020-09-08 07:32:01', null);
INSERT INTO `attachments` VALUES ('146', 'ALC#2020/09/08/1599557645/1600250511', '108', '2', '1', '2014-10-01', '2019-09-30', '2019-09-30', '1599557699-44003686.pdf', '0', null, '2020-09-16 08:01:51', null);
INSERT INTO `attachments` VALUES ('147', 'ALC#2020/09/08/1599557645/1600250527', '108', '2', '2', '2014-10-01', '2019-09-30', '2019-09-30', '1599557781-95484730.pdf', '0', null, '2020-09-16 08:02:07', null);
INSERT INTO `attachments` VALUES ('148', 'ALC#2020/09/08/1599557645/1600250538', '108', '2', '3', '2014-10-01', '2019-09-30', '2019-09-30', '1599557815-7426847.pdf', '0', null, '2020-09-16 08:02:18', null);
INSERT INTO `attachments` VALUES ('149', 'ALC#2020/09/08/1599557998/1599558050', '109', '2', '1', '2017-04-12', '2022-04-11', '2022-04-11', '1599558050-47318746.pdf', '1', null, '2020-09-08 07:40:50', null);
INSERT INTO `attachments` VALUES ('150', 'ANC#2020/09/08/1599558943/1599559003', '112', '1', '1', '2019-12-01', '2022-11-30', '2022-11-30', '1599559003-72732975.pdf', '1', null, '2020-09-08 07:56:43', null);
INSERT INTO `attachments` VALUES ('151', 'ANC#2020/09/08/1599559379/1600250557', '113', '1', '1', '2019-07-01', '2020-06-30', '2020-06-30', '1599559459-26060779.pdf', '0', null, '2020-09-16 08:02:37', null);
INSERT INTO `attachments` VALUES ('152', 'ANC#2020/09/08/1599559379/1600250612', '113', '1', '2', '2019-07-01', '2020-06-30', '2020-06-30', '1599559501-51211112.pdf', '0', null, '2020-09-16 08:03:32', null);
INSERT INTO `attachments` VALUES ('153', 'ANC#2020/09/09/1599648566/1599648615', '116', '1', '1', '2014-07-07', '2017-07-06', '2017-07-07', '1599648615-59618730.pdf', '1', null, '2020-09-09 08:50:15', null);
INSERT INTO `attachments` VALUES ('154', 'ALC#2020/09/09/1599648566/1599648648', '116', '2', '1', '2014-07-07', '2017-07-06', '2017-07-07', '1599648648-83930512.pdf', '1', null, '2020-09-09 08:50:48', null);
INSERT INTO `attachments` VALUES ('155', 'ANC#2020/09/09/1599648987/1599649143', '118', '1', 'انهاء التعاقد', '2014-09-09', '2019-09-08', '2019-09-08', '1599649143-38386947.pdf', '0', null, '2020-09-09 08:59:03', null);
INSERT INTO `attachments` VALUES ('156', 'ALC#2020/09/09/1599648987/1599649227', '118', '2', '1', '2014-09-09', '2019-09-08', '2019-09-08', '1599649226-69998211.pdf', '0', null, '2020-09-09 09:00:27', null);
INSERT INTO `attachments` VALUES ('157', 'ANC#2020/09/09/1599649523/1599649756', '119', '1', 'فسخ عقد اربو والطبلاوي', '2014-07-14', '2019-07-13', '2017-07-13', '1599649756-55903094.pdf', '1', null, '2020-09-09 09:09:16', null);
INSERT INTO `attachments` VALUES ('158', 'ANC#2020/09/09/1599649523/1599649917', '119', '1', '1', '2014-07-14', '2017-07-13', '2017-07-13', '1599649917-73086397.pdf', '1', null, '2020-09-09 09:11:57', null);
INSERT INTO `attachments` VALUES ('159', 'ALC#2020/09/09/1599649523/1599649996', '119', '2', '1', '2014-07-14', '2017-07-13', '2017-07-13', '1599649996-91599302.pdf', '1', null, '2020-09-09 09:13:16', null);
INSERT INTO `attachments` VALUES ('160', 'ANC#2020/09/09/1599649523/1599650144', '119', '1', '2', '2014-07-14', '2017-07-13', '2017-07-13', '1599650144-35317058.pdf', '1', null, '2020-09-09 09:15:44', null);
INSERT INTO `attachments` VALUES ('161', 'ANC#2020/09/09/1599649523/1599650221', '119', '1', '3', '2014-07-14', '2017-07-13', '2017-07-13', '1599650221-67786436.pdf', '1', null, '2020-09-09 09:17:01', null);
INSERT INTO `attachments` VALUES ('162', 'ANC#2020/09/09/1599651696/1599651773', '123', '1', 'All', '2019-07-29', '2022-07-28', '2022-07-28', '1599651773-4179214.pdf', '1', null, '2020-09-09 09:42:53', null);
INSERT INTO `attachments` VALUES ('163', 'ALC#2020/09/09/1599651696/1599651813', '123', '2', '1', '2019-07-29', '2022-07-28', '2022-07-28', '1599651813-239335.pdf', '1', null, '2020-09-09 09:43:33', null);
INSERT INTO `attachments` VALUES ('164', 'ALC#2020/09/09/1599652843/1599653114', '125', '2', '1', '2016-01-27', '2021-01-26', '2021-01-26', '1599653114-14544823.pdf', '1', null, '2020-09-09 10:05:14', null);
INSERT INTO `attachments` VALUES ('165', 'ALC#2020/09/09/1599652843/1599653177', '125', '2', '2', '2016-01-27', '2021-01-26', '2021-01-26', '1599653177-77600701.pdf', '1', null, '2020-09-09 10:06:17', null);
INSERT INTO `attachments` VALUES ('166', 'ANC#2020/09/09/1599652843/1599653220', '125', '1', '1', '2016-01-27', '2021-01-26', '2021-01-26', '1599653220-17325857.pdf', '1', null, '2020-09-09 10:07:00', null);
INSERT INTO `attachments` VALUES ('167', 'ANC#2020/09/09/1599652843/1599653498', '125', '1', '2', '2016-01-27', '2021-01-26', '2021-01-26', '1599653497-38193712.pdf', '1', null, '2020-09-09 10:11:38', null);
INSERT INTO `attachments` VALUES ('168', 'ANC#2020/09/09/1599652843/1599653530', '125', '1', '3', '2016-01-27', '2021-01-26', '2021-01-26', '1599653530-66480235.pdf', '1', null, '2020-09-09 10:12:10', null);
INSERT INTO `attachments` VALUES ('169', 'ANC#2020/09/09/1599652843/1599653580', '125', '1', '4', '2016-01-27', '2021-01-26', '2021-01-26', '1599653580-63269475.pdf', '1', null, '2020-09-09 10:13:00', null);
INSERT INTO `attachments` VALUES ('170', 'ANC#2020/09/09/1599653965/1599654639', '128', '1', '1', '2014-12-11', '2019-12-10', '2019-12-10', '1599654639-56466839.pdf', '1', null, '2020-09-09 10:30:39', null);
INSERT INTO `attachments` VALUES ('171', 'ALC#2020/09/09/1599653965/1599655187', '128', '2', '1', '2014-12-11', '2019-12-10', '2019-12-10', '1599655187-61365225.pdf', '1', null, '2020-09-09 10:39:47', null);
INSERT INTO `attachments` VALUES ('172', 'ANC#2020/09/09/1599655454/1599656177', '129', '1', '1', '2014-04-01', '2017-03-31', '2017-03-31', '1599656177-4172668.pdf', '1', null, '2020-09-09 10:56:17', null);
INSERT INTO `attachments` VALUES ('173', 'ALC#2020/09/09/1599655454/1599656230', '129', '2', '1', '2014-04-01', '2017-03-31', '2017-03-31', '1599656230-61684064.pdf', '1', null, '2020-09-09 10:57:10', null);
INSERT INTO `attachments` VALUES ('174', 'ALC#2020/09/09/1599655517/1599656282', '130', '2', '1', '2014-11-27', '2019-11-26', '2019-11-26', '1599656282-14890788.pdf', '1', null, '2020-09-09 10:58:02', null);
INSERT INTO `attachments` VALUES ('175', 'ANC#2020/09/10/1599726470/1599727698', '132', '1', '1', '2013-06-02', '2015-06-01', '2015-06-01', '1599727698-67629791.pdf', '1', null, '2020-09-10 06:48:18', null);
INSERT INTO `attachments` VALUES ('176', 'ALC#2020/09/10/1599726470/1599727763', '132', '2', '1', '2013-06-02', '2015-06-01', '2015-06-01', '1599727763-76454201.pdf', '1', null, '2020-09-10 06:49:23', null);
INSERT INTO `attachments` VALUES ('177', 'ANC#2020/09/10/1599730336/1599730750', '134', '1', '1', '2002-09-24', '2027-09-23', '2007-09-23', '1599730750-71829120.pdf', '1', null, '2020-09-10 07:39:10', null);
INSERT INTO `attachments` VALUES ('178', 'ANC#2020/09/10/1599733742/1599733803', '136', '1', '1', '2014-09-05', '2019-09-04', '2019-09-04', '1599733803-72775508.pdf', '1', null, '2020-09-10 08:30:03', null);
INSERT INTO `attachments` VALUES ('179', 'ANC#2020/09/10/1599733742/1599733962', '136', '1', 'عقد استغلال اسم تجارى', '2014-10-01', '2020-09-30', '2019-09-04', '1599733962-5589947.pdf', '1', null, '2020-09-10 08:32:42', null);
INSERT INTO `attachments` VALUES ('180', 'ANC#2020/09/10/1599733742/1599734002', '136', '1', '2', '2014-10-01', '2020-09-30', '2019-09-04', '1599734002-73813578.pdf', '1', null, '2020-09-10 08:33:22', null);
INSERT INTO `attachments` VALUES ('181', 'ALC#2020/09/10/1599733742/1599734426', '136', '2', 'All', '2014-10-01', '2020-09-30', '2019-09-04', '1599734426-20585656.pdf', '1', null, '2020-09-10 08:40:26', null);
INSERT INTO `attachments` VALUES ('182', 'ANC#2020/09/10/1599733742/1599735749', '136', '1', '3', '2014-09-05', '2019-09-04', '2019-09-04', '1599735749-13810722.pdf', '1', null, '2020-09-10 09:02:29', null);
INSERT INTO `attachments` VALUES ('183', 'ANC#2020/09/10/1599736917/1599737022', '137', '1', 'حق استغلال حقوق الملكيه الفكريه', '2006-07-18', '2009-07-17', '2009-07-18', '1599737022-85440814.pdf', '1', null, '2020-09-10 09:23:42', null);
INSERT INTO `attachments` VALUES ('184', 'ANC#2020/09/10/1599733742/1599737572', '136', '1', 'All', '2014-09-05', '2019-09-04', '2019-09-04', '1599737572-14576064.pdf', '1', null, '2020-09-10 09:32:52', null);
INSERT INTO `attachments` VALUES ('185', 'ANC#2020/09/10/1599750157/1599750507', '140', '1', '1', '2017-02-07', '2022-02-06', '2022-02-06', '1599750507-56368724.pdf', '1', null, '2020-09-10 13:08:27', null);
INSERT INTO `attachments` VALUES ('186', 'ALC#2020/09/10/1599750157/1599750548', '140', '2', '1', '2017-02-07', '2022-02-06', '2022-02-06', '1599750548-15021101.pdf', '1', null, '2020-09-10 13:09:08', null);
INSERT INTO `attachments` VALUES ('187', 'ANC#2020/09/10/1599750822/1599750881', '142', '1', '1', '2015-01-26', '2025-01-25', '2025-01-25', '1599750881-90960954.pdf', '1', null, '2020-09-10 13:14:41', null);
INSERT INTO `attachments` VALUES ('188', 'ALC#2020/09/10/1599750822/1599750943', '142', '2', '1', '2015-01-26', '2025-01-25', '2025-01-25', '1599750943-55014709.pdf', '1', null, '2020-09-10 13:15:43', null);
INSERT INTO `attachments` VALUES ('189', 'ALC#2020/09/10/1599750822/1599988753', '142', '2', 'توكيل', '2015-01-26', '2025-01-25', '2025-01-25', '1599988753-83504483.pdf', '1', null, '2020-09-13 07:19:13', null);
INSERT INTO `attachments` VALUES ('190', 'ANC#2020/08/27/1598539638/1600250824', '55', '1', '4', '2018-05-14', '2019-05-13', '2019-05-13', '1600178401-96776723.pdf', '0', null, '2020-09-16 08:07:04', null);
INSERT INTO `attachments` VALUES ('191', 'ANC#2020/09/15/1600179900/1600180169', '143', '1', '1', '2019-04-01', '2020-03-31', '2020-03-31', '1600180169-84622838.pdf', '1', null, '2020-09-15 12:29:29', null);
INSERT INTO `attachments` VALUES ('192', 'ALC#2020/09/15/1600179900/1600180220', '143', '2', '1', '2019-04-01', '2020-03-31', '2020-03-31', '1600180220-11277304.pdf', '1', null, '2020-09-15 12:30:20', null);
INSERT INTO `attachments` VALUES ('193', 'ANC#2020/09/15/1600182066/1600250850', '144', '1', '1', '2017-01-01', '2018-07-31', '2019-12-31', '1600182205-61156080.pdf', '0', null, '2020-09-16 08:07:30', null);
INSERT INTO `attachments` VALUES ('194', 'ANC#2020/09/15/1600182066/1600250845', '144', '1', '2', '2017-01-01', '2018-07-31', '2019-12-31', '1600182306-49577753.pdf', '0', null, '2020-09-16 08:07:25', null);
INSERT INTO `attachments` VALUES ('195', 'ANC#2020/09/15/1600182570/1600250964', '145', '1', '1', '2017-07-01', '2018-06-30', '2018-06-30', '1600182661-58245929.pdf', '0', null, '2020-09-16 08:09:24', null);
INSERT INTO `attachments` VALUES ('196', 'ANC#2020/09/15/1600183136/1600250884', '146', '1', '1', '2018-11-01', '2019-10-31', '2019-10-31', '1600183324-87791716.pdf', '0', null, '2020-09-16 08:08:04', null);
INSERT INTO `attachments` VALUES ('197', 'ANC#2020/09/15/1600183565/1600250869', '147', '1', '1', '2018-04-01', '2019-03-31', '2019-03-31', '1600183616-24581008.pdf', '0', null, '2020-09-16 08:07:49', null);
INSERT INTO `attachments` VALUES ('198', 'ANC#2020/08/26/1598431927/1600780363', '47', '1', 'تجديد العقد لمده اخري', '2017-09-30', '2020-09-29', '2016-06-04', '1600780363-99883863.pdf', '1', null, '2020-09-22 11:12:43', null);
INSERT INTO `attachments` VALUES ('199', 'ALC#2020/09/27/1601215116/1601379171', '151', '2', '1', '2020-01-01', '2022-12-31', '2022-12-31', '1601379171-90679423.pdf', '1', null, '2020-09-29 15:32:51', null);
INSERT INTO `attachments` VALUES ('200', 'ALC#2020/09/27/1601215116/1601380421', '151', '2', 'Hana', '2020-01-01', '2022-12-31', '2022-12-31', '1601380421-72437087.pdf', '1', null, '2020-09-29 15:53:41', null);
INSERT INTO `attachments` VALUES ('201', 'ANC#2020/10/06/1601981479/1601981600', '154', '1', '1', '2015-01-18', '2016-01-17', '2016-01-17', '1601981600-49000392.pdf', '1', null, '2020-10-06 14:53:20', null);
INSERT INTO `attachments` VALUES ('202', 'ANC#2020/10/06/1601989496/1601989573', '156', '1', '1', '2014-10-01', '2015-09-30', '2015-09-30', '1601989573-33504687.pdf', '1', null, '2020-10-06 17:06:13', null);
INSERT INTO `attachments` VALUES ('203', 'ALC#2020/10/06/1601989496/1601989682', '156', '2', '1', '2014-10-01', '2015-09-30', '2015-09-30', '1601989682-65689183.pdf', '1', null, '2020-10-06 17:08:02', null);
INSERT INTO `attachments` VALUES ('204', 'ANC#2020/10/06/1601994195/1601994279', '157', '1', '1', '2014-10-01', '2017-09-30', '2017-09-30', '1601994279-99754574.pdf', '1', null, '2020-10-06 18:24:39', null);
INSERT INTO `attachments` VALUES ('205', 'ALC#2020/08/25/1598367188/1601997536', '45', '2', '1', '2015-10-01', '2017-09-30', '2017-09-30', '1601997536-64211257.pdf', '1', null, '2020-10-06 19:18:56', null);
INSERT INTO `attachments` VALUES ('206', 'ALC#2020/08/27/1598516750/1601998143', '53', '2', '1', '2014-10-01', '2015-09-30', '2015-09-30', '1601998143-18776236.pdf', '1', null, '2020-10-06 19:29:03', null);
INSERT INTO `attachments` VALUES ('207', 'ANC#2020/08/26/1598435014/1601998696', '48', '1', '1', '2014-09-05', '2015-09-04', '2015-09-05', '1601998696-68447614.pdf', '1', null, '2020-10-06 19:38:16', null);
INSERT INTO `attachments` VALUES ('208', 'ALC#2020/08/30/1598793163/1601998909', '60', '2', '1', '2019-04-01', '2020-03-31', '2020-03-31', '1601998909-52179880.pdf', '1', null, '2020-10-06 19:41:49', null);
INSERT INTO `attachments` VALUES ('209', 'ALC#2020/08/18/1597742691/1602058661', '20', '2', '1', '2018-04-11', '2019-04-10', '2019-04-01', '1602058661-8594530.pdf', '1', null, '2020-10-07 12:17:41', null);
INSERT INTO `attachments` VALUES ('210', 'ALC#2020/08/12/1597239849/1602058999', '7', '2', '1', '2020-01-15', '2021-01-14', '2021-01-14', '1602058999-28741625.pdf', '1', null, '2020-10-07 12:23:19', null);
INSERT INTO `attachments` VALUES ('211', 'ALC#2020/09/01/1598963429/1602059452', '74', '2', '1', '2014-10-01', '2015-09-30', '2015-09-30', '1602059452-4841867.pdf', '1', null, '2020-10-07 12:30:52', null);
INSERT INTO `attachments` VALUES ('212', 'ALC#2020/09/23/1600851351/1602059631', '148', '2', '1', '2015-06-01', '2018-05-31', '2018-05-31', '1602059631-59881257.pdf', '1', null, '2020-10-07 12:33:51', null);
INSERT INTO `attachments` VALUES ('213', 'ALC#2020/08/30/1598777514/1602060876', '57', '2', '1', '2018-08-01', '2019-07-31', '2019-07-31', '1602060876-49043493.pdf', '1', null, '2020-10-07 12:54:36', null);
INSERT INTO `attachments` VALUES ('214', 'ALC#2020/08/30/1598777514/1602061320', '57', '2', '2', '2018-08-01', '2019-07-31', '2019-07-31', '1602061320-92441490.pdf', '1', null, '2020-10-07 13:02:00', null);
INSERT INTO `attachments` VALUES ('215', 'ALC#2020/08/30/1598782309/1602061484', '58', '2', '1', '2019-08-01', '2020-07-31', '2020-07-31', '1602061484-16415878.pdf', '1', null, '2020-10-07 13:04:44', null);
INSERT INTO `attachments` VALUES ('216', 'ALC#2020/08/30/1598782309/1602061621', '58', '2', '2', '2019-08-01', '2020-07-31', '2020-07-31', '1602061621-50260755.pdf', '1', null, '2020-10-07 13:07:01', null);
INSERT INTO `attachments` VALUES ('217', 'ALC#2020/08/16/1597587553/1602062057', '13', '2', '1', '2017-05-31', '2021-05-30', '2021-05-30', '1602062057-41839203.pdf', '1', null, '2020-10-07 13:14:17', null);
INSERT INTO `attachments` VALUES ('218', 'ALC#2020/08/16/1597585845/1602062265', '12', '2', '1', '2018-05-16', '2022-05-15', '2022-05-15', '1602062265-6387734.pdf', '1', null, '2020-10-07 13:17:45', null);
INSERT INTO `attachments` VALUES ('219', 'ALC#2020/09/07/1599470158/1602064121', '94', '2', '1', '2017-05-02', '2022-05-01', '2016-02-10', '1602064121-83385252.pdf', '1', null, '2020-10-07 13:48:41', null);
INSERT INTO `attachments` VALUES ('220', 'ALC#2020/08/26/1598431927/1602065090', '47', '2', '1', '2013-06-04', '2016-06-03', '2016-06-04', '1602065090-73805172.pdf', '1', null, '2020-10-07 14:04:50', null);
INSERT INTO `attachments` VALUES ('221', 'ALC#2020/08/16/1597564066/1602065327', '11', '2', '1', '2019-04-01', '2020-03-31', '2020-03-31', '1602065327-72660847.pdf', '1', null, '2020-10-07 14:08:47', null);
INSERT INTO `attachments` VALUES ('222', 'ALC#2020/08/17/1597659102/1602065727', '16', '2', '1', '2019-05-01', '2020-04-30', '2020-04-30', '1602065727-65914520.pdf', '1', null, '2020-10-07 14:15:27', null);
INSERT INTO `attachments` VALUES ('223', 'ALC#2020/08/26/1598435014/1602404818', '48', '2', '1', '2014-09-05', '2015-09-04', '2015-09-05', '1602404818-97589065.pdf', '0', null, '2020-10-11 12:26:58', null);
INSERT INTO `attachments` VALUES ('224', 'ALC#2020/08/26/1598435014/1602405302', '48', '2', '2', '2014-09-05', '2015-09-04', '2015-09-05', '1602405302-34549.pdf', '0', null, '2020-10-11 12:35:02', null);
INSERT INTO `attachments` VALUES ('225', 'ALC#2020/08/30/1598793163/1602405795', '60', '2', '2', '2019-04-01', '2020-03-31', '2020-03-31', '1602405795-76685821.pdf', '0', null, '2020-10-11 12:43:15', null);
INSERT INTO `attachments` VALUES ('226', 'ALC#2020/08/30/1598791059/1602407212', '59', '2', '1', '2015-12-01', '2019-03-31', '2019-03-31', '1602407212-35756959.pdf', '0', null, '2020-10-11 13:06:52', null);
INSERT INTO `attachments` VALUES ('227', 'ALC#2020/08/30/1598791059/1602407338', '59', '2', '2', '2015-12-01', '2019-03-31', '2019-03-31', '1602407320-62503337.pdf', '0', null, '2020-10-11 13:08:58', null);
INSERT INTO `attachments` VALUES ('228', 'ALC#2020/09/15/1600182066/1602408575', '144', '2', 'All Authiraisations', '2017-01-01', '2019-12-31', '2019-12-31', '1602408575-70634447.pdf', '1', null, '2020-10-11 13:29:35', null);

-- ----------------------------
-- Table structure for `contents`
-- ----------------------------
DROP TABLE IF EXISTS `contents`;
CREATE TABLE `contents` (
  `id` int(10) unsigned NOT NULL AUTO_INCREMENT,
  `content_title` varchar(191) COLLATE utf8mb4_unicode_ci NOT NULL,
  `content_type` varchar(191) COLLATE utf8mb4_unicode_ci NOT NULL,
  `path` text COLLATE utf8mb4_unicode_ci NOT NULL,
  `image_preview` varchar(191) COLLATE utf8mb4_unicode_ci DEFAULT NULL,
  `internal_coding` varchar(191) COLLATE utf8mb4_unicode_ci DEFAULT NULL,
  `provider_id` int(10) unsigned DEFAULT NULL,
  `user_id` int(10) unsigned DEFAULT NULL,
  `occasion_id` int(10) unsigned DEFAULT NULL,
  `created_at` timestamp NULL DEFAULT NULL,
  `updated_at` timestamp NULL DEFAULT NULL,
  `contract_id` int(10) unsigned DEFAULT NULL,
  PRIMARY KEY (`id`),
  KEY `contents_provider_id_foreign` (`provider_id`),
  KEY `contents_user_id_foreign` (`user_id`),
  KEY `contents_occasion_id_foreign` (`occasion_id`),
  CONSTRAINT `contents_occasion_id_foreign` FOREIGN KEY (`occasion_id`) REFERENCES `occasions` (`id`) ON DELETE CASCADE,
  CONSTRAINT `contents_provider_id_foreign` FOREIGN KEY (`provider_id`) REFERENCES `providers` (`id`) ON DELETE CASCADE,
  CONSTRAINT `contents_user_id_foreign` FOREIGN KEY (`user_id`) REFERENCES `users` (`id`) ON DELETE CASCADE
) ENGINE=InnoDB AUTO_INCREMENT=47 DEFAULT CHARSET=utf8mb4 COLLATE=utf8mb4_unicode_ci;

-- ----------------------------
-- Records of contents
-- ----------------------------
INSERT INTO `contents` VALUES ('10', 'لصار بعدك', 'audio', '/uploads/content/2020-09-17/1600338690450.mp3', null, '10', '2', null, '6', '2019-08-25 13:32:00', '2020-10-07 11:53:21', '2');
INSERT INTO `contents` VALUES ('34', 'اللهم تقبل شفاعة محمد الكبري', 'audio', '/uploads/content/2020-09-17/1600338594857.mp3', null, null, '1', null, '16', '2020-09-17 10:29:54', '2020-10-07 11:49:59', '4');
INSERT INTO `contents` VALUES ('35', 'ولقد زينا السماء الدنيا', 'audio', '/uploads/content/2020-09-20/1600606119930.wav', null, 'Co/2020/09/20/1600606119', '1', null, '16', '2020-09-20 12:48:39', '2020-10-07 11:48:51', '4');
INSERT INTO `contents` VALUES ('36', 'شيرين 1', 'audio', '/uploads/content/2020-10-07/160207831345.wav', null, 'Co/2020/10/07/1602078313', '5', null, '9', '2020-10-07 13:45:14', '2020-10-07 13:45:32', '3');
INSERT INTO `contents` VALUES ('40', 'test12', 'audio', '/uploads/content/2020-10-12/1602500389611.wav', null, 'Co/2020/10/12/1602500389', '1', null, '21', '2020-10-12 10:59:50', '2020-10-12 10:59:50', '6');
INSERT INTO `contents` VALUES ('44', 'content12_1', 'audio', 'uploads/content/2020-10-12/content12_1.wav', null, 'Co/2020/10/12/5f843d76943dd', '8', '1', '21', '2020-10-12 11:26:46', '2020-10-12 11:26:46', '6');
INSERT INTO `contents` VALUES ('45', 'content12_2', 'audio', 'uploads/content/2020-10-12/content12_2.wav', null, 'Co/2020/10/12/5f843d769e6cc', '8', '1', '21', '2020-10-12 11:26:46', '2020-10-12 11:26:46', '6');
INSERT INTO `contents` VALUES ('46', 'content12_3', 'audio', 'uploads/content/2020-10-12/content12_3.wav', null, 'Co/2020/10/12/5f843d76a92f9', '8', '1', '21', '2020-10-12 11:26:46', '2020-10-12 11:26:46', '6');

-- ----------------------------
-- Table structure for `contract_duration`
-- ----------------------------
DROP TABLE IF EXISTS `contract_duration`;
CREATE TABLE `contract_duration` (
  `contract_duration_id` bigint(20) unsigned NOT NULL AUTO_INCREMENT,
  `contract_duration_title` varchar(100) COLLATE utf8mb4_unicode_ci NOT NULL DEFAULT 'add a duration',
  `created_at` timestamp NULL DEFAULT NULL,
  `updated_at` timestamp NULL DEFAULT NULL,
  PRIMARY KEY (`contract_duration_id`)
) ENGINE=InnoDB AUTO_INCREMENT=8 DEFAULT CHARSET=utf8mb4 COLLATE=utf8mb4_unicode_ci;

-- ----------------------------
-- Records of contract_duration
-- ----------------------------
INSERT INTO `contract_duration` VALUES ('1', '1 Year', null, null);
INSERT INTO `contract_duration` VALUES ('2', '2 Years', null, null);
INSERT INTO `contract_duration` VALUES ('3', '3 Years', null, null);
INSERT INTO `contract_duration` VALUES ('4', '5 Years', null, null);

-- ----------------------------
-- Table structure for `contract_items`
-- ----------------------------
DROP TABLE IF EXISTS `contract_items`;
CREATE TABLE `contract_items` (
  `id` int(10) unsigned NOT NULL AUTO_INCREMENT,
  `item` text COLLATE utf8mb4_unicode_ci NOT NULL,
  `department_ids` varchar(191) COLLATE utf8mb4_unicode_ci NOT NULL,
  `contract_id` bigint(20) unsigned NOT NULL,
  `created_at` timestamp NULL DEFAULT NULL,
  `updated_at` timestamp NULL DEFAULT NULL,
  `fullapproves` int(11) NOT NULL DEFAULT '0' COMMENT '1-allApproved 0-notApproved',
  PRIMARY KEY (`id`),
  KEY `contract_id` (`contract_id`)
) ENGINE=InnoDB AUTO_INCREMENT=33 DEFAULT CHARSET=utf8mb4 COLLATE=utf8mb4_unicode_ci;

-- ----------------------------
-- Records of contract_items
-- ----------------------------
INSERT INTO `contract_items` VALUES ('1', '<p class=\"MsoNormal\" dir=\"RTL\" style=\"text-align: right; break-after: avoid;\"><b><span lang=\"AR-SA\" style=\"font-size:\r\n            14.0pt\"> أنه فى يوم <span id=\"signed_date\">٢٠٢٠/١٠/٢٥</span> الموافق </span></b><b><span lang=\"AR-SA\" style=\"font-size:14.0pt;mso-bidi-language:AR-SA;mso-no-proof:no\"> <span id=\"day_name\">الأحد</span> تحرر هذا\r\n                    العقد بين كل من:<o:p></o:p></span></b></p>\r\n        <p class=\"MsoNormal\" dir=\"RTL\" style=\"mso-pagination:none;page-break-after:avoid;\r\n            tab-stops:60.7pt\"><b><span lang=\"AR-SA\" style=\"font-size:14.0pt;\">\r\n                    <o:p> </o:p>\r\n                </span></b></p>\r\n        <p class=\"MsoNormal\" dir=\"RTL\" style=\"text-align: right; margin-right: 40.2pt; text-indent: -20.1pt; line-height: 115%; break-after: avoid;\"><span lang=\"AR-SA\" style=\"font-size:14.0pt;line-height:115%;\"> أولا: السادة / شركة <span id=\"first_part_name\">DigiZone\r\n                                        </span>\r\n                .<o:p></o:p></span></p>\r\n        <p class=\"MsoNormal\" dir=\"RTL\" style=\"text-align: right; margin-right: 40.2pt; text-indent: -20.1pt; line-height: 115%; break-after: avoid;\"><span lang=\"AR-SA\" style=\"font-size:14.0pt;line-height:115%;\"> الكائن مقرها في <span id=\"first_part_address\">mohandssen-dokki</span>\r\n                و لها سجل تجارى رقم <span id=\"first_commercial_register_no\">454554</span> و\r\n                بطاقة ضريبية رقم <span id=\"first_tax_card_no\">45454</span>، و يمثلها فى هذا العقد السيد\r\n                <span id=\"first_part_person\">haytham</span> بصفته <span id=\"first_part_character\">ceo</span>.</span><span dir=\"LTR\"></span><span dir=\"LTR\"></span><span lang=\"AR-SA\" dir=\"LTR\" style=\"font-size:14.0pt;line-height:\r\n            115%;mso-no-proof:no\"><span dir=\"LTR\"></span><span dir=\"LTR\"></span> </span><span lang=\"AR-EG\" style=\"font-size:14.0pt;line-height:115%;mso-no-proof:no\">\r\n                <o:p></o:p>\r\n            </span></p>\r\n        <p class=\"MsoNormal\" dir=\"RTL\" style=\"margin-right:40.2pt;text-indent:-20.1pt;\r\n            line-height:115%;mso-pagination:none;page-break-after:avoid;tab-stops:60.7pt\"><span lang=\"AR-EG\" style=\"font-size:14.0pt;line-height:115%;\"></span><span lang=\"AR-SA\" style=\"font-size:14.0pt;line-height:115%;\">\r\n                (ويشار إليه بالطرف\r\n                الأول)<o:p></o:p></span></p>\r\n        <p class=\"MsoNormal\" align=\"right\" dir=\"RTL\" style=\"margin-right: 20.1pt; text-indent: -20.1pt; line-height: 115%; break-after: avoid;\"><span lang=\"AR-SA\" style=\"font-size:14.0pt;line-height:\r\n            115%;\">\r\n                <o:p> </o:p>\r\n            </span></p>\r\n        <p class=\"MsoNormal\" dir=\"RTL\" style=\"text-align: right; margin-right: 40.2pt; text-indent: -20.1pt; line-height: 115%; break-after: avoid;\"><span lang=\"AR-SA\" style=\"font-size:14.0pt;\r\n            line-height:115%;\">ثانيا: </span><span lang=\"AR-SA\" style=\"font-size:14.0pt;line-height:115%;mso-bidi-language:AR-SA;\"> السادة / شركة <span id=\"second_part_name\">Melody Company</span> .</span></p>\r\n        <p class=\"MsoNormal\" dir=\"RTL\" style=\"text-align: right; margin-right: 40.2pt; text-indent: -20.1pt; line-height: 115%; break-after: avoid;\"><span lang=\"AR-SA\" style=\"font-size:14.0pt;line-height:115%;\"> الكائن مقرها في <span id=\"second_part_address\">kuwait</span> و لها سجل تجارى رقم <span id=\"second_commercial_register_no\">777</span> و\r\n                بطاقة ضريبية رقم <span id=\"second_tax_card_no\">888</span>و يمثلها فى هذا العقد السيد\r\n                <span id=\"second_part_person\">مشاري</span> بصفته <span id=\"second_part_character\">contnet owner</span>.</span><span dir=\"LTR\"></span><span dir=\"LTR\"></span><span lang=\"AR-SA\" dir=\"LTR\" style=\"font-size:14.0pt;line-height:\r\n            115%;mso-no-proof:no\"><span dir=\"LTR\"></span><span dir=\"LTR\"></span> </span><span lang=\"AR-EG\" style=\"font-size:14.0pt;line-height:115%;\"></span></p>\r\n        <p class=\"MsoNormal\" dir=\"RTL\" style=\"margin-right:40.2pt;text-indent:-20.1pt;\r\n            line-height:115%;mso-pagination:none;page-break-after:avoid;tab-stops:60.7pt\"><span lang=\"AR-EG\" style=\"font-size:14.0pt;line-height:115%;mso-no-proof:no\"></span><span lang=\"AR-SA\" style=\"font-size:14.0pt;line-height:115%;mso-bidi-language:AR-SA;\"> (ويشار إليه بالطرف الثاني)<o:p></o:p></span>\r\n        </p>', '1,2', '8', '2020-10-18 10:21:25', '2020-10-18 10:29:14', '1');
INSERT INTO `contract_items` VALUES ('2', '<div style=\"margin-right:-1.15pt;text-align: right;\">\r\n<p class=\"MsoNormal\" align=\"center\" dir=\"RTL\" style=\"text-align:center;line-height:\r\n150%\">\r\n<b><u><span lang=\"AR-EG\" style=\"font-size:14.0pt;line-height:150%\">\r\nتمهيـــــد</span></u></b>\r\n</p>\r\n<p class=\"MsoNormal\" align=\"right\" dir=\"RTL\" style=\"text-align: right; line-height: 150%;font-size:14.0pt;\">\r\nالطرف الأول قدم نفسه على أنه هو حاصل على حقوق استغلال مجموعة من المصنفات الفنية والمدرج بيانها في ملاحق او تفويضات هذا العقد ، بما يمكنه من التعاقد عليها و منح الطرف الثانى حق إتاحتها عبر خدمة الـ <span id=\"services\"></span> بشكل حصرى على شبكة  <span id=\"operators\"></span>\r\n</p>\r\n<p class=\"MsoNormal\" align=\"right\" dir=\"RTL\" style=\"text-align: right; line-height: 150%;font-size:14.0pt;\">\r\nوحيث أن الطرف الثاني يعمل فى مجال تقديم خدمات القيمة المضافة للهاتف المحمول .</p>\r\n<p class=\"MsoNormal\" align=\"right\" dir=\"RTL\" style=\"text-align: right; line-height: 150%;font-size:14.0pt;\">\r\nولما رغب الطرفان فى التعاون فيما بينهما فقد إتفق وتراضى الطرفان بعد أن أقر كل منهما بأهليته القانونية للتعاقد وخلو إرادته من كافة عيوب الرضا على ما يلى:</p>\r\n<div></div></div>', '', '8', '2020-10-18 10:21:27', '2020-10-18 10:21:27', '1');
INSERT INTO `contract_items` VALUES ('3', '<p class=\"MsoNormal\" align=\"center\" dir=\"RTL\" style=\"text-align:center;line-height:\r\n150%\"><b><u><span lang=\"AR-EG\" style=\"font-size:14.0pt;line-height:150%\">البند\r\nالأول<o:p></o:p></span></u></b></p>\r\n\r\n<p class=\"MsoNormal\" dir=\"RTL\" style=\"margin-right:.25in;text-align:justify;\r\nline-height:115%;mso-pagination:none;page-break-after:avoid;tab-stops:60.7pt\"><span lang=\"AR-SA\" style=\"font-size:14.0pt;line-height:115%;mso-bidi-language:AR-SA;\r\nmso-no-proof:no\">يعتبر التمهيد السابق جزء لا يتجزأ من هذا العقد ومتمما له\r\nولأحكامة ولا يفسر بدونه.<o:p></o:p></span></p>', '', '8', '2020-10-18 10:21:27', '2020-10-18 10:21:27', '1');
INSERT INTO `contract_items` VALUES ('4', '<p class=\"MsoNormal\" align=\"center\" dir=\"RTL\" style=\"text-align:center;line-height:\r\n150%\"><b><u><span lang=\"AR-EG\" style=\"font-size:14.0pt;line-height:150%\">البند\r\nالثانى<o:p></o:p></span></u></b></p>\r\n\r\n<p class=\"MsoNormal\" dir=\"RTL\" style=\"font-size:14.0pt;text-align: right; margin-right: 0.25in; line-height: 115%; break-after: avoid;\"><br></p><p class=\"MsoNormal\" dir=\"RTL\" style=\"text-align: right; margin-right: 0.25in; line-height: 115%; break-after: avoid;font-size:14.0pt;\">منح الطرف الأول الطرف الثانى بموجب هذا العقد الحق الحصرى في إستغلال والتراخيص باستغلال الأغاني والمصنفات الفنية المتضمنه فى ملاحق هذا العقد وكذا المقاطع الغنائية الخاصة بها وصور المطرب المؤدي لها للاستغلال عبر شبكة <span id=\"operators\"></span>             ، بحيث يقوم الطرف الثانى بإستغلالها بشكل حصرى على شبكة <span id=\"operators\"></span>                               بإستخدام خدمات التفاعل الصوتى عبر الهاتف ( خدمة رنين المتصل RBT ) لمستخدمى تلك الخدمات وبحيث يتمكن مستخدم الخدمة من إستغلال المصنفات الفنية بكافة أشكالها للاستماع  عبر الـ RBT  خدمة الكول تون .</p><div style=\"text-align: right;\"><br></div>', '', '8', '2020-10-18 10:21:27', '2020-10-18 10:21:27', '1');
INSERT INTO `contract_items` VALUES ('5', '<p class=\"MsoNormal\" align=\"center\" dir=\"RTL\" style=\"text-align:center;line-height:\r\n150%\"><b><u><span lang=\"AR-EG\" style=\"font-size:14.0pt;line-height:150%\">البند\r\nالثالث</span></u></b><span lang=\"AR-SA\" style=\"font-size:14.0pt;line-height:150%;\r\nmso-bidi-language:AR-SA;mso-no-proof:no\"><o:p></o:p></span></p>\r\n\r\n<p class=\"MsoNormal\" dir=\"RTL\" style=\"margin-right:.25in;text-align:justify;\r\nline-height:115%;tab-stops:60.7pt\"><span lang=\"AR-SA\" style=\"font-size:14.0pt;\r\nline-height:115%;mso-bidi-language:AR-SA;mso-no-proof:no\">مقابل الحقوق الممنوحة\r\nمن الطرف الأول للطرف الثانى فى البند الثانى أعلاه يقوم الطرف الثاني بإعطاء\r\nالطرف الأول نسبة تعادل        % (          بالمائة) من صافى الدخل ويعتبر صافى\r\nالدخل هو العائدات النقدية المحصلة والمحققة من تقديم الخدمات محل العقد بعد خصم\r\nحصة شركات الاتصالات وأى مصاريف حكومية خاصة بنشاط خدمات القيمة المضافة على أن\r\nتتم المحاسبة بصفة شهريه ، هذا ويتم إحتساب حصة الطرف الأول بناء على التقارير\r\nالتى تصدر عن شركات الاتصالات والتى تعتبر نهائية وملزمة للطرفين والتى يحق للطرف\r\nالاول الاطلاع عليها ومراجعتها ، مع التزام الطرف الثانى بإرسال تقارير شهرية من\r\nواقع التقارير المالية الصادره عن شركات الاتصالات خلال 10 ايام من تاريخ استلامها\r\nحتى يتسنى للطرف الاول تقديم فاتورة مطالبة لإستلام حصته من صافى الايرادات .<o:p></o:p></span></p>', '', '8', '2020-10-18 10:21:27', '2020-10-18 10:21:27', '1');
INSERT INTO `contract_items` VALUES ('6', '<p class=\"MsoNormal\" align=\"center\" dir=\"RTL\" style=\"text-align:center;line-height:\r\n150%\"><b><u><span lang=\"AR-EG\" style=\"font-size:14.0pt;line-height:150%\">البند\r\nالرابع</span></u></b><span lang=\"AR-SA\" style=\"font-size:14.0pt;line-height:150%;\r\nmso-bidi-language:AR-SA;mso-no-proof:no\"><o:p></o:p></span></p><p class=\"MsoNormal\" align=\"center\" dir=\"RTL\" style=\"text-align:center;line-height:\r\n150%\">\r\n\r\n</p><p class=\"MsoNormal\" dir=\"RTL\" style=\"margin-right:.25in;text-align:justify;\r\nline-height:115%;mso-pagination:none;page-break-after:avoid;tab-stops:60.7pt\"><span lang=\"AR-SA\" style=\"font-size:14.0pt;line-height:115%;mso-bidi-language:AR-SA;\r\nmso-no-proof:no\">يتعهد الطرف الأول بأنه يمتلك كافة حقوق استغلال المصنفات\r\nالمذكورة فى تمهيد هذا العقد بما فيها تحويلها وبثها واستخدامها للتليفون المحمول\r\nوبأنه يمتلك الحق بترخيص تلك الحقوق للطرف الثانى ويتعهد بمسئوليته الكاملة أمام\r\nأى طرف ثالث قد يدعى أى حقوق له على تلك المصنفات بما فيهم المؤلفين والملحنين\r\nبحيث لا يكون الطرف الثاني مسؤولا عن أية قضايا أو منازعات تقام علي الطرف الأول\r\nلأسباب  تتعلق بمنحه للطرف الثانى الحقوق\r\nالواردة بهذا العقد، وبحيث يتحمل الطرف الأول المسئولية كاملة في كل قضايا أو\r\nمنازعات تقام علي الطرف الثاني لأسباب تتعلق بمضمون أو محتوى أو ملكية تلك\r\nالمصنفات.</span><span dir=\"LTR\" style=\"font-size:14.0pt;line-height:115%;\r\nmso-bidi-language:AR-SA;mso-no-proof:no\"><o:p></o:p></span></p>', '', '8', '2020-10-18 10:21:27', '2020-10-18 10:21:27', '1');
INSERT INTO `contract_items` VALUES ('7', '<p class=\"MsoNormal\" align=\"center\" dir=\"RTL\" style=\"text-align:center;line-height:\r\n150%\"><b><u><span lang=\"AR-EG\" style=\"font-size:14.0pt;line-height:150%\">البند\r\nالخامس</span></u></b><span lang=\"AR-EG\" style=\"font-size:14.0pt;line-height:150%;\r\nmso-no-proof:no\"><o:p></o:p></span></p>\r\n\r\n<p class=\"MsoNormal\" dir=\"RTL\" style=\"margin-right:.25in;text-align:justify;\r\nline-height:115%;mso-pagination:none;page-break-after:avoid;tab-stops:60.7pt\"><span lang=\"AR-SA\" style=\"font-size:14.0pt;line-height:115%;mso-bidi-language:AR-SA;\r\nmso-no-proof:no\">مدة هذا العقد   <span id=\"peroid\"></span> سنه ميلادية وتتجدد تلقائيا ما لم يخطر أحد الطرفين الآخر\r\nبرغبته فى عدم التجديد قبل نهايتها بشهر على الأقل.<o:p></o:p></span></p>', '', '8', '2020-10-18 10:21:27', '2020-10-18 10:21:27', '1');
INSERT INTO `contract_items` VALUES ('8', '<p class=\"MsoNormal\" align=\"center\" dir=\"RTL\" style=\"text-align:center;line-height:150%\"><b><u><span style=\"font-size:14.0pt;line-height:150%\">البند\r\nالسادس</span></u></b><span lang=\"AR-SA\" style=\"font-size:14.0pt;line-height:150%;\"></span></p>\r\n\r\n<p class=\"MsoNormal\" align=\"center\" dir=\"RTL\" style=\"text-align:center;line-height:\r\n150%\"><b><u></u></b><b><u><span style=\"font-size:14.0pt;line-height:150%\">سرية المعلومات</span></u></b></p>\r\n\r\n<p class=\"MsoNormal\" dir=\"RTL\" style=\"margin-right:.25in;text-align:justify;\r\nline-height:115%;tab-stops:60.7pt\"><span lang=\"AR-SA\" style=\"font-size:14.0pt;line-height:115%;\">يلتزم كل طرف ويتعهد للطرف الآخر بالمحافظة على سرية جميع\r\nالمعلومات التى تصل إليه بصفته طرفاً فى هذا العقد ويتعهد بأن يبذل قصارى جهده لكي\r\nيحافظ هو وموظفيه والأشخاص التابعين له على سرية هذه المعلومات ، ولا يجوز لأي من\r\nطرفي العقد إفشاء أو إستخدام أي من الأسرار التى قد يطلع عليها بموجب هذا العقد\r\nإلا بعد الحصول على الموافقة الكتابية المسبقة للطرف الآخر.</span></p>', '', '8', '2020-10-18 10:21:27', '2020-10-18 10:21:27', '1');
INSERT INTO `contract_items` VALUES ('9', '<p class=\"MsoNormal\" align=\"center\" dir=\"RTL\" style=\"text-align:center;line-height:\r\n150%\"><b><u><span lang=\"AR-EG\" style=\"font-size:14.0pt;line-height:150%\">البند\r\nالسابع ( التنازل عن العقد )</span></u></b></p>\r\n\r\n<p class=\"MsoNormal\" dir=\"RTL\" style=\"margin-right:.25in;text-align:justify;\r\nline-height:115%;mso-pagination:none;page-break-after:avoid;tab-stops:60.7pt\"><span lang=\"AR-SA\" style=\"font-size:14.0pt;line-height:115%;mso-bidi-language:AR-SA;\r\nmso-no-proof:no\">لا يحق للطرفين التنازل أو حوالة هذا العقد أو اي من حقوقه\r\nالواردة فيه أو ملحقاته الي اى طرف آخر الا بعد موافقة الطرف الاخر كتابتة على ذلك\r\n.<o:p></o:p></span></p>', '', '8', '2020-10-18 10:21:27', '2020-10-18 10:21:27', '1');
INSERT INTO `contract_items` VALUES ('10', '<p class=\"MsoNormal\" align=\"center\" dir=\"RTL\" style=\"text-align:center;line-height:\r\n150%\"><b><u><span lang=\"AR-EG\" style=\"font-size:14.0pt;line-height:150%\">البند\r\nالثامن ( انهاء العقد )<o:p></o:p></span></u></b></p>\r\n\r\n<p class=\"MsoNormal\" dir=\"RTL\" style=\"margin-right:.25in;text-align:justify;\r\nline-height:115%;mso-pagination:none;page-break-after:avoid;tab-stops:60.7pt\"><span lang=\"AR-SA\" style=\"font-size:14.0pt;line-height:115%;mso-bidi-language:AR-SA;\r\nmso-no-proof:no\">1- عند إنتهاء العقد ، يتوقف الطرف الثانى عن إستغلال محتوى\r\nالطرف الاول , وتقديم كشف الحساب الخاص بالخدمة إلى الطرف الاول حتى تاريخ إنتهاء\r\nالخدمة .</span><span dir=\"LTR\" style=\"font-size:14.0pt;line-height:115%;\r\nmso-bidi-language:AR-SA;mso-no-proof:no\"><o:p></o:p></span></p>\r\n\r\n<p class=\"MsoNormal\" dir=\"RTL\" style=\"margin-right:.25in;text-align:justify;\r\nline-height:115%;mso-pagination:none;page-break-after:avoid;tab-stops:60.7pt\"><span dir=\"RTL\"></span><span dir=\"RTL\"></span><span lang=\"AR-SA\" style=\"font-size:14.0pt;\r\nline-height:115%;mso-bidi-language:AR-SA;mso-no-proof:no\"><span dir=\"RTL\"></span><span dir=\"RTL\"></span>2- إتفق الطرفان على أن الحالات التّالية تعتبر من قبيل الظّروف\r\nالإستثنائيّة أو القوة القاهرة التى تبرّر الإنهاء السّابق من قبل الطّرف الآخر:\r\nالإفلاس، خلال الفترات الإستثنائية كالحروب، الكوارث، الأضطرابات ، تعيين قيم أو\r\nمصفى أو حارس قضائى.</span><span dir=\"LTR\" style=\"font-size:14.0pt;line-height:\r\n115%;mso-bidi-language:AR-SA;mso-no-proof:no\"><o:p></o:p></span></p>\r\n\r\n<p class=\"MsoNormal\" dir=\"RTL\" style=\"margin-right:.25in;text-align:justify;\r\nline-height:115%;mso-pagination:none;page-break-after:avoid;tab-stops:60.7pt\"><span dir=\"RTL\"></span><span dir=\"RTL\"></span><span lang=\"AR-SA\" style=\"font-size:14.0pt;\r\nline-height:115%;mso-bidi-language:AR-SA;mso-no-proof:no\"><span dir=\"RTL\"></span><span dir=\"RTL\"></span>3- يحق لأي من الطرفين إنهاء هذا العقد فوراً ودون الحاجة إلى\r\nإنذار أو أعذار أو إتخاذ أي إجراء قانونى أو قضائى آخر فى حالة إخلال أي من\r\nالطرفين بإلتزاماته او تعهداته الواردة فى هذا العقد ، وذلك شريطة إخطار الطرف\r\nالمخل بما وقع منه من إخلال والتنبيه عليه</span><span dir=\"LTR\"></span><span dir=\"LTR\"></span><span lang=\"AR-SA\" dir=\"LTR\" style=\"font-size:14.0pt;line-height:\r\n115%;mso-bidi-language:AR-SA;mso-no-proof:no\"><span dir=\"LTR\"></span><span dir=\"LTR\"></span> </span><span lang=\"AR-SA\" style=\"font-size:14.0pt;line-height:\r\n115%;mso-bidi-language:AR-SA;mso-no-proof:no\">بعلاجه خلال 15 يوماً من هذا\r\nالإخطار ومرور تلك المدة دون علاج ما وقع منه من إخلال .<o:p></o:p></span></p>', '', '8', '2020-10-18 10:21:27', '2020-10-18 10:21:27', '1');
INSERT INTO `contract_items` VALUES ('11', '<p class=\"MsoNormal\" dir=\"RTL\" style=\"text-align: center;line-height: 115%; break-after: avoid;\"><b><u><span lang=\"AR-EG\" style=\"font-size:14.0pt;line-height:115%\">البند التاسع ( الأخطارات\r\nوالعناوين )</span></u></b></p>\r\n\r\n<p class=\"MsoNormal\" dir=\"RTL\" style=\"margin-right:176.05pt;text-align:justify;\r\nline-height:115%;mso-pagination:none;page-break-after:avoid;tab-stops:60.7pt 2.75in\"><span lang=\"AR-SA\" style=\"font-size:14.0pt;line-height:115%;mso-bidi-language:AR-SA;\r\nmso-no-proof:no\">      </span><span lang=\"AR-SA\" style=\"font-size:6.0pt;line-height:115%;mso-bidi-language:AR-SA;\r\nmso-no-proof:no\"><o:p></o:p></span></p>\r\n\r\n<p class=\"MsoNormal\" dir=\"RTL\" style=\"margin-right:.25in;text-align:justify;\r\nline-height:115%;mso-pagination:none;page-break-after:avoid;tab-stops:60.7pt\"><span lang=\"AR-SA\" style=\"font-size:14.0pt;line-height:115%;mso-bidi-language:AR-SA;\r\nmso-no-proof:no\">كافة الاخطارات والمراسلات المتعلقة بهذا العقد تكون صحيحة\r\nومنتجة لاثارها القانونية إذا ما أرسلت بإنذار رسمي علي يد محضر او بالبريد المسجل\r\nعلي العناوين المذكورة اعلاه بالعقد أو أن تسلم إلي الشخص الموجه إليه باليد مقابل\r\nإيصال بالاستلام ، وفي حالة تغيير عنوان المراسلات يلتزم كل طرف بإعلان الطرف\r\nالاخر بعنوان مراسلاته الجديد ، كما اتفق الأطراف على استخدام الرسائل الالكترونية\r\n(</span><span dir=\"LTR\" style=\"font-size:14.0pt;line-height:115%;mso-bidi-language:\r\nAR-SA;mso-no-proof:no\">Emails </span><span dir=\"RTL\"></span><span dir=\"RTL\"></span><span lang=\"AR-SA\" style=\"font-size:14.0pt;line-height:115%;mso-bidi-language:AR-SA;\r\nmso-no-proof:no\"><span dir=\"RTL\"></span><span dir=\"RTL\"></span> ) كوسيلة معتمدة للتخاطب بخصوص الاعمال اليومية\r\nوتفاصيل العمل وتعتبر بمثابة الوثائق الخطية كما تعتبر الرسائل المرسلة من البريد\r\nالالكتروني لأي فريق والمخزنة في نظام الفريق الآخر بمثابة موقعة وموثقة بمجرد إرسالها\r\nدون الحاجة لتوثيقها بأي وسيلة أخرى او توقيعها بتوقيع الكتروني خاص او تخزينها\r\nبشكل خاص.<o:p></o:p></span></p>', '', '8', '2020-10-18 10:21:27', '2020-10-18 10:21:27', '1');
INSERT INTO `contract_items` VALUES ('12', '<p class=\"MsoNormal\" dir=\"RTL\" style=\"margin-right:-1.15pt\"><b><u><span lang=\"AR-EG\">البريد\r\nالألكترونى للطرف الأول</span></u><span lang=\"AR-EG\"> :</span></b><span lang=\"AR-EG\">        <span id=\"first_part_email\">haitham@ivas.com.eg</span></span></p>\r\n\r\n<p class=\"MsoNormal\" dir=\"RTL\" style=\"margin-right:64.45pt;text-align:justify\"></p>\r\n\r\n<p class=\"MsoNormal\" dir=\"RTL\" style=\"margin-right:64.45pt;text-align:justify\"><b></b></p>\r\n\r\n<p class=\"MsoNormal\" dir=\"RTL\" style=\"margin-right:-1.15pt;text-align:justify\"><b><span lang=\"AR-EG\">الأسم:     <span id=\"first_part_name\">DigiZone\r\n                                        </span>                رقم الموبيل: <span id=\"first_part_phone\">01223872695</span></span></b></p>\r\n\r\n<p class=\"MsoNormal\" dir=\"RTL\" style=\"margin-right:64.45pt;text-align:justify\"></p>\r\n\r\n<p class=\"MsoNormal\" dir=\"RTL\" style=\"margin-right:-1.15pt\"><b><u><span lang=\"AR-EG\">البريد\r\nالألكترونى للطرف الثانى</span></u><span lang=\"AR-EG\"> :</span></b><span lang=\"AR-EG\">       <span id=\"second_part_email\">mishr@mishri.com</span></span></p>\r\n\r\n<p class=\"MsoNormal\" dir=\"RTL\" style=\"margin-right:-1.15pt;text-align:justify\"><b><span lang=\"AR-EG\">الأسم:     <span id=\"second_part_name\">Melody Company</span>                رقم الموبيل: <span id=\"second_part_phone\">01092093709</span></span></b></p>', '1,2', '8', '2020-10-18 10:21:27', '2020-10-18 10:27:02', '1');
INSERT INTO `contract_items` VALUES ('13', '<p class=\"MsoNormal\" dir=\"RTL\" style=\"text-align: center;\"><b><span lang=\"AR-EG\" style=\"font-size:14.0pt\">\r\n<u>البند العاشر<o:p></o:p></u></span></b>\r\n</p>\r\n\r\n<p class=\"MsoNormal\" dir=\"RTL\" style=\"margin-right:-1.15pt\"><span lang=\"AR-SA\" style=\"font-size:14.0pt;mso-bidi-language:AR-SA;mso-no-proof:no\">يخضع هذا العقد\r\nلأحكام القوانين ونظام المحاكم المعمول بهما في جمهورية مصر العربية.</span></p>', '', '8', '2020-10-18 10:21:28', '2020-10-18 10:21:28', '1');
INSERT INTO `contract_items` VALUES ('14', '<blockquote style=\"margin: 0 0 0 40px; border: none; padding: 0px;\"><p dir=\"RTL\" style=\"text-align: center; margin: 0in 82.45pt 2pt 0in;\"><b><u><span style=\"font-size:\r\n14.0pt\">البند الحادى عشر</span></u></b></p></blockquote>\r\n\r\n<p dir=\"RTL\" style=\"margin-right:-1.15pt\"><span style=\"font-size:14.0pt;\">حرر هذا العقد\r\nمن نسختين أصليتين بيد كل طرف نسخة  و\r\nالنسخه مكونه من ثلاث ورقات للعمل بها عند الحاجة.<o:p></o:p></span></p>\r\n\r\n<p dir=\"RTL\" style=\"margin-right:-1.15pt\"><span lang=\"AR-SA\" style=\"font-size:14.0pt;\"><o:p> </o:p></span></p>', '', '8', '2020-10-18 10:21:28', '2020-10-18 10:21:28', '1');
INSERT INTO `contract_items` VALUES ('15', '<blockquote style=\"margin: 0 0 0 40px; border: none; padding: 0px;\">\r\n          <p dir=\"RTL\" style=\"text-align: center; margin: 0in 82.45pt 2pt 0in;\"><b><u><span style=\"font-size:\r\n          14.0pt\">البند الثانى&nbsp;عشر</span></u></b></p>\r\n          </blockquote>\r\n\r\n          <p dir=\"RTL\" style=\"margin-right:-1.15pt\"><span style=\"font-size: 18.6667px;\">ينص هذا العقد على ان نسبة الطرف الاول <span id=\"first_part_percent\">50%</span> ونسبة الطرف الثانى <span id=\"second_part_percent\">50%</span></span></p>\r\n\r\n          <p dir=\"RTL\" style=\"margin-right:-1.15pt\"><span lang=\"AR-SA\" style=\"font-size:14.0pt;\"><o:p> </o:p></span></p>', '', '8', '2020-10-18 10:21:28', '2020-10-18 10:21:28', '1');
INSERT INTO `contract_items` VALUES ('16', '<table width=\"100%\" dir=\"rtl\">\r\n            <tbody>\r\n                <tr>\r\n                    <td width=\"50%\">\r\n                        <h3><u>الطرف الاول</u></h3>\r\n                    </td>\r\n                    <td width=\"50%\">\r\n                        <h3><u>الطرف الثاني</u></h3>\r\n                    </td>\r\n                </tr>\r\n                <tr>\r\n                    <td>شركة/ <span id=\"first_part_name\">DigiZone\r\n                                        </span> </td>\r\n                    <td>شركة/ <span id=\"second_part_name\">Melody Company</span> </td>\r\n                </tr>\r\n                <tr>\r\n                    <td>الاسم : <span id=\"first_part_person\">haytham</span></td>\r\n                    <td>الاسم : <span id=\"second_part_person\">مشاري</span></td>\r\n                </tr>\r\n                <tr>\r\n                    <td>الصفة : <span id=\"first_part_character\">ceo</span></td>\r\n                    <td>الصفة : <span id=\"second_part_character\">contnet owner</span></td>\r\n                </tr>\r\n                <tr>\r\n                    <td>\r\n                        <p style=\"line-height:150%;vertical-align:bottom\"><br>التوقيع: <span id=\"first_part_signature\"></span></p>\r\n                    </td>\r\n                    <td>\r\n                        <p style=\"line-height:150%;vertical-align:bottom\"><br>التوقيع:<span id=\"second_part_signature\"></span></p>\r\n                    </td>\r\n                </tr>\r\n                <tr>\r\n                    <td>\r\n                        <p style=\"line-height:250%;vertical-align:bottom\"><br>خاتم الشركة : <span id=\"first_part_seal\"></span></p>\r\n                    </td>\r\n                    <td>\r\n                        <p style=\"line-height:250%;vertical-align:bottom\"><br>خاتم الشركة : <span id=\"second_part_seal\"></span></p>\r\n                    </td>\r\n                </tr>\r\n            </tbody>\r\n        </table>', '', '8', '2020-10-18 10:21:28', '2020-10-18 10:21:28', '1');
INSERT INTO `contract_items` VALUES ('17', '<p class=\"MsoNormal\" dir=\"RTL\" style=\"text-align: right; break-after: avoid;\"><b><span lang=\"AR-SA\" style=\"font-size:\r\n            14.0pt\"> أنه فى يوم <span id=\"signed_date\">٢٠٢٠/١٠/٢٥</span> الموافق </span></b><b><span lang=\"AR-SA\" style=\"font-size:14.0pt;mso-bidi-language:AR-SA;mso-no-proof:no\"> <span id=\"day_name\">الأحد</span> تحرر هذا\r\n                    العقد بين كل من:<o:p></o:p></span></b></p>\r\n        <p class=\"MsoNormal\" dir=\"RTL\" style=\"mso-pagination:none;page-break-after:avoid;\r\n            tab-stops:60.7pt\"><b><span lang=\"AR-SA\" style=\"font-size:14.0pt;\">\r\n                    <o:p> </o:p>\r\n                </span></b></p>\r\n        <p class=\"MsoNormal\" dir=\"RTL\" style=\"text-align: right; margin-right: 40.2pt; text-indent: -20.1pt; line-height: 115%; break-after: avoid;\"><span lang=\"AR-SA\" style=\"font-size:14.0pt;line-height:115%;\"> أولا: السادة / شركة <span id=\"first_part_name\">DigiZone\r\n                                        </span>\r\n                .<o:p></o:p></span></p>\r\n        <p class=\"MsoNormal\" dir=\"RTL\" style=\"text-align: right; margin-right: 40.2pt; text-indent: -20.1pt; line-height: 115%; break-after: avoid;\"><span lang=\"AR-SA\" style=\"font-size:14.0pt;line-height:115%;\"> الكائن مقرها في <span id=\"first_part_address\">cairo</span>\r\n                و لها سجل تجارى رقم <span id=\"first_commercial_register_no\">12121</span> و\r\n                بطاقة ضريبية رقم <span id=\"first_tax_card_no\">545454</span>، و يمثلها فى هذا العقد السيد\r\n                <span id=\"first_part_person\">haytham</span> بصفته <span id=\"first_part_character\">ceo</span>.</span><span dir=\"LTR\"></span><span dir=\"LTR\"></span><span lang=\"AR-SA\" dir=\"LTR\" style=\"font-size:14.0pt;line-height:\r\n            115%;mso-no-proof:no\"><span dir=\"LTR\"></span><span dir=\"LTR\"></span> </span><span lang=\"AR-EG\" style=\"font-size:14.0pt;line-height:115%;mso-no-proof:no\">\r\n                <o:p></o:p>\r\n            </span></p>\r\n        <p class=\"MsoNormal\" dir=\"RTL\" style=\"margin-right:40.2pt;text-indent:-20.1pt;\r\n            line-height:115%;mso-pagination:none;page-break-after:avoid;tab-stops:60.7pt\"><span lang=\"AR-EG\" style=\"font-size:14.0pt;line-height:115%;\"></span><span lang=\"AR-SA\" style=\"font-size:14.0pt;line-height:115%;\">\r\n                (ويشار إليه بالطرف\r\n                الأول)<o:p></o:p></span></p>\r\n        <p class=\"MsoNormal\" align=\"right\" dir=\"RTL\" style=\"margin-right: 20.1pt; text-indent: -20.1pt; line-height: 115%; break-after: avoid;\"><span lang=\"AR-SA\" style=\"font-size:14.0pt;line-height:\r\n            115%;\">\r\n                <o:p> </o:p>\r\n            </span></p>\r\n        <p class=\"MsoNormal\" dir=\"RTL\" style=\"text-align: right; margin-right: 40.2pt; text-indent: -20.1pt; line-height: 115%; break-after: avoid;\"><span lang=\"AR-SA\" style=\"font-size:14.0pt;\r\n            line-height:115%;\">ثانيا: </span><span lang=\"AR-SA\" style=\"font-size:14.0pt;line-height:115%;mso-bidi-language:AR-SA;\"> السادة / شركة <span id=\"second_part_name\">Etisalat Misr</span> .</span></p>\r\n        <p class=\"MsoNormal\" dir=\"RTL\" style=\"text-align: right; margin-right: 40.2pt; text-indent: -20.1pt; line-height: 115%; break-after: avoid;\"><span lang=\"AR-SA\" style=\"font-size:14.0pt;line-height:115%;\"> الكائن مقرها في <span id=\"second_part_address\">alex</span> و لها سجل تجارى رقم <span id=\"second_commercial_register_no\">8787878</span> و\r\n                بطاقة ضريبية رقم <span id=\"second_tax_card_no\">989898</span>و يمثلها فى هذا العقد السيد\r\n                <span id=\"second_part_person\">etisalat</span> بصفته <span id=\"second_part_character\">contnet owner</span>.</span><span dir=\"LTR\"></span><span dir=\"LTR\"></span><span lang=\"AR-SA\" dir=\"LTR\" style=\"font-size:14.0pt;line-height:\r\n            115%;mso-no-proof:no\"><span dir=\"LTR\"></span><span dir=\"LTR\"></span> </span><span lang=\"AR-EG\" style=\"font-size:14.0pt;line-height:115%;\"></span></p>\r\n        <p class=\"MsoNormal\" dir=\"RTL\" style=\"margin-right:40.2pt;text-indent:-20.1pt;\r\n            line-height:115%;mso-pagination:none;page-break-after:avoid;tab-stops:60.7pt\"><span lang=\"AR-EG\" style=\"font-size:14.0pt;line-height:115%;mso-no-proof:no\"></span><span lang=\"AR-SA\" style=\"font-size:14.0pt;line-height:115%;mso-bidi-language:AR-SA;\"> (ويشار إليه بالطرف الثاني)<o:p></o:p></span>\r\n        </p>', '1,2', '159', '2020-10-20 11:43:23', '2020-10-20 11:47:37', '1');
INSERT INTO `contract_items` VALUES ('18', '<div style=\"margin-right:-1.15pt;text-align: right;\">\r\n<p align=\"center\" class=\"MsoNormal\" dir=\"RTL\" style=\"text-align:center;line-height:\r\n150%\"><b><u><span lang=\"AR-EG\" style=\"font-size:14.0pt;line-height:150%\">تمهيـــــد</span></u></b></p>\r\n\r\n<p align=\"right\" class=\"MsoNormal\" dir=\"RTL\" style=\"text-align: right; line-height: 150%;font-size:14.0pt;\"><em><strong>الطرف &nbsp;</strong></em>الأول وبصفته&nbsp;&nbsp;قدم نفسه على أنه هو حاصل على حقوق استغلال مجموعة من المصنفات الفنية والمدرج بيانها في ملاحق او تفويضات هذا العقد ، بما يمكنه من التعاقد عليها و منح الطرف الثانى حق إتاحتها عبر خدمة الـ بشكل حصرى على شبكة</p>\r\n\r\n<p align=\"right\" class=\"MsoNormal\" dir=\"RTL\" style=\"text-align: right; line-height: 150%;font-size:14.0pt;\">وحيث أن الطرف الثاني يعمل فى مجال تقديم خدمات القيمة المضافة للهاتف المحمول .</p>\r\n\r\n<p align=\"right\" class=\"MsoNormal\" dir=\"RTL\" style=\"text-align: right; line-height: 150%;font-size:14.0pt;\">ولما رغب الطرفان فى التعاون فيما بينهما فقد إتفق وتراضى الطرفان بعد أن أقر كل منهما بأهليته القانونية للتعاقد وخلو إرادته من كافة عيوب الرضا على ما يلى:</p>\r\n\r\n<div>&nbsp;</div>\r\n</div>', '', '159', '2020-10-20 11:43:25', '2020-10-20 11:43:25', '1');
INSERT INTO `contract_items` VALUES ('19', '<p class=\"MsoNormal\" align=\"center\" dir=\"RTL\" style=\"text-align:center;line-height:\r\n150%\"><b><u><span lang=\"AR-EG\" style=\"font-size:14.0pt;line-height:150%\">البند\r\nالأول<o:p></o:p></span></u></b></p>\r\n\r\n<p class=\"MsoNormal\" dir=\"RTL\" style=\"margin-right:.25in;text-align:justify;\r\nline-height:115%;mso-pagination:none;page-break-after:avoid;tab-stops:60.7pt\"><span lang=\"AR-SA\" style=\"font-size:14.0pt;line-height:115%;mso-bidi-language:AR-SA;\r\nmso-no-proof:no\">يعتبر التمهيد السابق جزء لا يتجزأ من هذا العقد ومتمما له\r\nولأحكامة ولا يفسر بدونه.<o:p></o:p></span></p>', '', '159', '2020-10-20 11:43:25', '2020-10-20 11:43:25', '1');
INSERT INTO `contract_items` VALUES ('20', '<p class=\"MsoNormal\" align=\"center\" dir=\"RTL\" style=\"text-align:center;line-height:\r\n150%\"><b><u><span lang=\"AR-EG\" style=\"font-size:14.0pt;line-height:150%\">البند\r\nالثانى<o:p></o:p></span></u></b></p>\r\n\r\n<p class=\"MsoNormal\" dir=\"RTL\" style=\"font-size:14.0pt;text-align: right; margin-right: 0.25in; line-height: 115%; break-after: avoid;\"><br></p><p class=\"MsoNormal\" dir=\"RTL\" style=\"text-align: right; margin-right: 0.25in; line-height: 115%; break-after: avoid;font-size:14.0pt;\">منح الطرف الأول الطرف الثانى بموجب هذا العقد الحق الحصرى في إستغلال والتراخيص باستغلال الأغاني والمصنفات الفنية المتضمنه فى ملاحق هذا العقد وكذا المقاطع الغنائية الخاصة بها وصور المطرب المؤدي لها للاستغلال عبر شبكة <span id=\"operators\"></span>             ، بحيث يقوم الطرف الثانى بإستغلالها بشكل حصرى على شبكة <span id=\"operators\"></span>                               بإستخدام خدمات التفاعل الصوتى عبر الهاتف ( خدمة رنين المتصل RBT ) لمستخدمى تلك الخدمات وبحيث يتمكن مستخدم الخدمة من إستغلال المصنفات الفنية بكافة أشكالها للاستماع  عبر الـ RBT  خدمة الكول تون .</p><div style=\"text-align: right;\"><br></div>', '', '159', '2020-10-20 11:43:25', '2020-10-20 11:43:25', '1');
INSERT INTO `contract_items` VALUES ('21', '<p class=\"MsoNormal\" align=\"center\" dir=\"RTL\" style=\"text-align:center;line-height:\r\n150%\"><b><u><span lang=\"AR-EG\" style=\"font-size:14.0pt;line-height:150%\">البند\r\nالثالث</span></u></b><span lang=\"AR-SA\" style=\"font-size:14.0pt;line-height:150%;\r\nmso-bidi-language:AR-SA;mso-no-proof:no\"><o:p></o:p></span></p>\r\n\r\n<p class=\"MsoNormal\" dir=\"RTL\" style=\"margin-right:.25in;text-align:justify;\r\nline-height:115%;tab-stops:60.7pt\"><span lang=\"AR-SA\" style=\"font-size:14.0pt;\r\nline-height:115%;mso-bidi-language:AR-SA;mso-no-proof:no\">مقابل الحقوق الممنوحة\r\nمن الطرف الأول للطرف الثانى فى البند الثانى أعلاه يقوم الطرف الثاني بإعطاء\r\nالطرف الأول نسبة تعادل        % (          بالمائة) من صافى الدخل ويعتبر صافى\r\nالدخل هو العائدات النقدية المحصلة والمحققة من تقديم الخدمات محل العقد بعد خصم\r\nحصة شركات الاتصالات وأى مصاريف حكومية خاصة بنشاط خدمات القيمة المضافة على أن\r\nتتم المحاسبة بصفة شهريه ، هذا ويتم إحتساب حصة الطرف الأول بناء على التقارير\r\nالتى تصدر عن شركات الاتصالات والتى تعتبر نهائية وملزمة للطرفين والتى يحق للطرف\r\nالاول الاطلاع عليها ومراجعتها ، مع التزام الطرف الثانى بإرسال تقارير شهرية من\r\nواقع التقارير المالية الصادره عن شركات الاتصالات خلال 10 ايام من تاريخ استلامها\r\nحتى يتسنى للطرف الاول تقديم فاتورة مطالبة لإستلام حصته من صافى الايرادات .<o:p></o:p></span></p>', '', '159', '2020-10-20 11:43:25', '2020-10-20 11:43:25', '1');
INSERT INTO `contract_items` VALUES ('22', '<p class=\"MsoNormal\" align=\"center\" dir=\"RTL\" style=\"text-align:center;line-height:\r\n150%\"><b><u><span lang=\"AR-EG\" style=\"font-size:14.0pt;line-height:150%\">البند\r\nالرابع</span></u></b><span lang=\"AR-SA\" style=\"font-size:14.0pt;line-height:150%;\r\nmso-bidi-language:AR-SA;mso-no-proof:no\"><o:p></o:p></span></p><p class=\"MsoNormal\" align=\"center\" dir=\"RTL\" style=\"text-align:center;line-height:\r\n150%\">\r\n\r\n</p><p class=\"MsoNormal\" dir=\"RTL\" style=\"margin-right:.25in;text-align:justify;\r\nline-height:115%;mso-pagination:none;page-break-after:avoid;tab-stops:60.7pt\"><span lang=\"AR-SA\" style=\"font-size:14.0pt;line-height:115%;mso-bidi-language:AR-SA;\r\nmso-no-proof:no\">يتعهد الطرف الأول بأنه يمتلك كافة حقوق استغلال المصنفات\r\nالمذكورة فى تمهيد هذا العقد بما فيها تحويلها وبثها واستخدامها للتليفون المحمول\r\nوبأنه يمتلك الحق بترخيص تلك الحقوق للطرف الثانى ويتعهد بمسئوليته الكاملة أمام\r\nأى طرف ثالث قد يدعى أى حقوق له على تلك المصنفات بما فيهم المؤلفين والملحنين\r\nبحيث لا يكون الطرف الثاني مسؤولا عن أية قضايا أو منازعات تقام علي الطرف الأول\r\nلأسباب  تتعلق بمنحه للطرف الثانى الحقوق\r\nالواردة بهذا العقد، وبحيث يتحمل الطرف الأول المسئولية كاملة في كل قضايا أو\r\nمنازعات تقام علي الطرف الثاني لأسباب تتعلق بمضمون أو محتوى أو ملكية تلك\r\nالمصنفات.</span><span dir=\"LTR\" style=\"font-size:14.0pt;line-height:115%;\r\nmso-bidi-language:AR-SA;mso-no-proof:no\"><o:p></o:p></span></p>', '', '159', '2020-10-20 11:43:25', '2020-10-20 11:43:25', '1');
INSERT INTO `contract_items` VALUES ('23', '<p class=\"MsoNormal\" align=\"center\" dir=\"RTL\" style=\"text-align:center;line-height:\r\n150%\"><b><u><span lang=\"AR-EG\" style=\"font-size:14.0pt;line-height:150%\">البند\r\nالخامس</span></u></b><span lang=\"AR-EG\" style=\"font-size:14.0pt;line-height:150%;\r\nmso-no-proof:no\"><o:p></o:p></span></p>\r\n\r\n<p class=\"MsoNormal\" dir=\"RTL\" style=\"margin-right:.25in;text-align:justify;\r\nline-height:115%;mso-pagination:none;page-break-after:avoid;tab-stops:60.7pt\"><span lang=\"AR-SA\" style=\"font-size:14.0pt;line-height:115%;mso-bidi-language:AR-SA;\r\nmso-no-proof:no\">مدة هذا العقد   <span id=\"peroid\"></span> سنه ميلادية وتتجدد تلقائيا ما لم يخطر أحد الطرفين الآخر\r\nبرغبته فى عدم التجديد قبل نهايتها بشهر على الأقل.<o:p></o:p></span></p>', '', '159', '2020-10-20 11:43:25', '2020-10-20 11:43:25', '1');
INSERT INTO `contract_items` VALUES ('24', '<p class=\"MsoNormal\" align=\"center\" dir=\"RTL\" style=\"text-align:center;line-height:150%\"><b><u><span style=\"font-size:14.0pt;line-height:150%\">البند\r\nالسادس</span></u></b><span lang=\"AR-SA\" style=\"font-size:14.0pt;line-height:150%;\"></span></p>\r\n\r\n<p class=\"MsoNormal\" align=\"center\" dir=\"RTL\" style=\"text-align:center;line-height:\r\n150%\"><b><u></u></b><b><u><span style=\"font-size:14.0pt;line-height:150%\">سرية المعلومات</span></u></b></p>\r\n\r\n<p class=\"MsoNormal\" dir=\"RTL\" style=\"margin-right:.25in;text-align:justify;\r\nline-height:115%;tab-stops:60.7pt\"><span lang=\"AR-SA\" style=\"font-size:14.0pt;line-height:115%;\">يلتزم كل طرف ويتعهد للطرف الآخر بالمحافظة على سرية جميع\r\nالمعلومات التى تصل إليه بصفته طرفاً فى هذا العقد ويتعهد بأن يبذل قصارى جهده لكي\r\nيحافظ هو وموظفيه والأشخاص التابعين له على سرية هذه المعلومات ، ولا يجوز لأي من\r\nطرفي العقد إفشاء أو إستخدام أي من الأسرار التى قد يطلع عليها بموجب هذا العقد\r\nإلا بعد الحصول على الموافقة الكتابية المسبقة للطرف الآخر.</span></p>', '', '159', '2020-10-20 11:43:25', '2020-10-20 11:43:25', '1');
INSERT INTO `contract_items` VALUES ('25', '<p class=\"MsoNormal\" align=\"center\" dir=\"RTL\" style=\"text-align:center;line-height:\r\n150%\"><b><u><span lang=\"AR-EG\" style=\"font-size:14.0pt;line-height:150%\">البند\r\nالسابع ( التنازل عن العقد )</span></u></b></p>\r\n\r\n<p class=\"MsoNormal\" dir=\"RTL\" style=\"margin-right:.25in;text-align:justify;\r\nline-height:115%;mso-pagination:none;page-break-after:avoid;tab-stops:60.7pt\"><span lang=\"AR-SA\" style=\"font-size:14.0pt;line-height:115%;mso-bidi-language:AR-SA;\r\nmso-no-proof:no\">لا يحق للطرفين التنازل أو حوالة هذا العقد أو اي من حقوقه\r\nالواردة فيه أو ملحقاته الي اى طرف آخر الا بعد موافقة الطرف الاخر كتابتة على ذلك\r\n.<o:p></o:p></span></p>', '', '159', '2020-10-20 11:43:25', '2020-10-20 11:43:25', '1');
INSERT INTO `contract_items` VALUES ('26', '<p class=\"MsoNormal\" align=\"center\" dir=\"RTL\" style=\"text-align:center;line-height:\r\n150%\"><b><u><span lang=\"AR-EG\" style=\"font-size:14.0pt;line-height:150%\">البند\r\nالثامن ( انهاء العقد )<o:p></o:p></span></u></b></p>\r\n\r\n<p class=\"MsoNormal\" dir=\"RTL\" style=\"margin-right:.25in;text-align:justify;\r\nline-height:115%;mso-pagination:none;page-break-after:avoid;tab-stops:60.7pt\"><span lang=\"AR-SA\" style=\"font-size:14.0pt;line-height:115%;mso-bidi-language:AR-SA;\r\nmso-no-proof:no\">1- عند إنتهاء العقد ، يتوقف الطرف الثانى عن إستغلال محتوى\r\nالطرف الاول , وتقديم كشف الحساب الخاص بالخدمة إلى الطرف الاول حتى تاريخ إنتهاء\r\nالخدمة .</span><span dir=\"LTR\" style=\"font-size:14.0pt;line-height:115%;\r\nmso-bidi-language:AR-SA;mso-no-proof:no\"><o:p></o:p></span></p>\r\n\r\n<p class=\"MsoNormal\" dir=\"RTL\" style=\"margin-right:.25in;text-align:justify;\r\nline-height:115%;mso-pagination:none;page-break-after:avoid;tab-stops:60.7pt\"><span dir=\"RTL\"></span><span dir=\"RTL\"></span><span lang=\"AR-SA\" style=\"font-size:14.0pt;\r\nline-height:115%;mso-bidi-language:AR-SA;mso-no-proof:no\"><span dir=\"RTL\"></span><span dir=\"RTL\"></span>2- إتفق الطرفان على أن الحالات التّالية تعتبر من قبيل الظّروف\r\nالإستثنائيّة أو القوة القاهرة التى تبرّر الإنهاء السّابق من قبل الطّرف الآخر:\r\nالإفلاس، خلال الفترات الإستثنائية كالحروب، الكوارث، الأضطرابات ، تعيين قيم أو\r\nمصفى أو حارس قضائى.</span><span dir=\"LTR\" style=\"font-size:14.0pt;line-height:\r\n115%;mso-bidi-language:AR-SA;mso-no-proof:no\"><o:p></o:p></span></p>\r\n\r\n<p class=\"MsoNormal\" dir=\"RTL\" style=\"margin-right:.25in;text-align:justify;\r\nline-height:115%;mso-pagination:none;page-break-after:avoid;tab-stops:60.7pt\"><span dir=\"RTL\"></span><span dir=\"RTL\"></span><span lang=\"AR-SA\" style=\"font-size:14.0pt;\r\nline-height:115%;mso-bidi-language:AR-SA;mso-no-proof:no\"><span dir=\"RTL\"></span><span dir=\"RTL\"></span>3- يحق لأي من الطرفين إنهاء هذا العقد فوراً ودون الحاجة إلى\r\nإنذار أو أعذار أو إتخاذ أي إجراء قانونى أو قضائى آخر فى حالة إخلال أي من\r\nالطرفين بإلتزاماته او تعهداته الواردة فى هذا العقد ، وذلك شريطة إخطار الطرف\r\nالمخل بما وقع منه من إخلال والتنبيه عليه</span><span dir=\"LTR\"></span><span dir=\"LTR\"></span><span lang=\"AR-SA\" dir=\"LTR\" style=\"font-size:14.0pt;line-height:\r\n115%;mso-bidi-language:AR-SA;mso-no-proof:no\"><span dir=\"LTR\"></span><span dir=\"LTR\"></span> </span><span lang=\"AR-SA\" style=\"font-size:14.0pt;line-height:\r\n115%;mso-bidi-language:AR-SA;mso-no-proof:no\">بعلاجه خلال 15 يوماً من هذا\r\nالإخطار ومرور تلك المدة دون علاج ما وقع منه من إخلال .<o:p></o:p></span></p>', '', '159', '2020-10-20 11:43:25', '2020-10-20 11:43:25', '1');
INSERT INTO `contract_items` VALUES ('27', '<p class=\"MsoNormal\" dir=\"RTL\" style=\"text-align: center;line-height: 115%; break-after: avoid;\"><b><u><span lang=\"AR-EG\" style=\"font-size:14.0pt;line-height:115%\">البند التاسع ( الأخطارات\r\nوالعناوين )</span></u></b></p>\r\n\r\n<p class=\"MsoNormal\" dir=\"RTL\" style=\"margin-right:176.05pt;text-align:justify;\r\nline-height:115%;mso-pagination:none;page-break-after:avoid;tab-stops:60.7pt 2.75in\"><span lang=\"AR-SA\" style=\"font-size:14.0pt;line-height:115%;mso-bidi-language:AR-SA;\r\nmso-no-proof:no\">      </span><span lang=\"AR-SA\" style=\"font-size:6.0pt;line-height:115%;mso-bidi-language:AR-SA;\r\nmso-no-proof:no\"><o:p></o:p></span></p>\r\n\r\n<p class=\"MsoNormal\" dir=\"RTL\" style=\"margin-right:.25in;text-align:justify;\r\nline-height:115%;mso-pagination:none;page-break-after:avoid;tab-stops:60.7pt\"><span lang=\"AR-SA\" style=\"font-size:14.0pt;line-height:115%;mso-bidi-language:AR-SA;\r\nmso-no-proof:no\">كافة الاخطارات والمراسلات المتعلقة بهذا العقد تكون صحيحة\r\nومنتجة لاثارها القانونية إذا ما أرسلت بإنذار رسمي علي يد محضر او بالبريد المسجل\r\nعلي العناوين المذكورة اعلاه بالعقد أو أن تسلم إلي الشخص الموجه إليه باليد مقابل\r\nإيصال بالاستلام ، وفي حالة تغيير عنوان المراسلات يلتزم كل طرف بإعلان الطرف\r\nالاخر بعنوان مراسلاته الجديد ، كما اتفق الأطراف على استخدام الرسائل الالكترونية\r\n(</span><span dir=\"LTR\" style=\"font-size:14.0pt;line-height:115%;mso-bidi-language:\r\nAR-SA;mso-no-proof:no\">Emails </span><span dir=\"RTL\"></span><span dir=\"RTL\"></span><span lang=\"AR-SA\" style=\"font-size:14.0pt;line-height:115%;mso-bidi-language:AR-SA;\r\nmso-no-proof:no\"><span dir=\"RTL\"></span><span dir=\"RTL\"></span> ) كوسيلة معتمدة للتخاطب بخصوص الاعمال اليومية\r\nوتفاصيل العمل وتعتبر بمثابة الوثائق الخطية كما تعتبر الرسائل المرسلة من البريد\r\nالالكتروني لأي فريق والمخزنة في نظام الفريق الآخر بمثابة موقعة وموثقة بمجرد إرسالها\r\nدون الحاجة لتوثيقها بأي وسيلة أخرى او توقيعها بتوقيع الكتروني خاص او تخزينها\r\nبشكل خاص.<o:p></o:p></span></p>', '', '159', '2020-10-20 11:43:25', '2020-10-20 11:43:25', '1');
INSERT INTO `contract_items` VALUES ('28', '<p class=\"MsoNormal\" dir=\"RTL\" style=\"margin-right:-1.15pt\"><b><u><span lang=\"AR-EG\">البريد\r\nالألكترونى للطرف الأول</span></u><span lang=\"AR-EG\"> :</span></b><span lang=\"AR-EG\">        <span id=\"first_part_email\">ivas@ivas.com</span></span></p>\r\n\r\n<p class=\"MsoNormal\" dir=\"RTL\" style=\"margin-right:64.45pt;text-align:justify\"></p>\r\n\r\n<p class=\"MsoNormal\" dir=\"RTL\" style=\"margin-right:64.45pt;text-align:justify\"><b></b></p>\r\n\r\n<p class=\"MsoNormal\" dir=\"RTL\" style=\"margin-right:-1.15pt;text-align:justify\"><b><span lang=\"AR-EG\">الأسم:     <span id=\"first_part_name\">DigiZone\r\n                                        </span>                رقم الموبيل: <span id=\"first_part_phone\">01000241524545</span></span></b></p>\r\n\r\n<p class=\"MsoNormal\" dir=\"RTL\" style=\"margin-right:64.45pt;text-align:justify\"></p>\r\n\r\n<p class=\"MsoNormal\" dir=\"RTL\" style=\"margin-right:-1.15pt\"><b><u><span lang=\"AR-EG\">البريد\r\nالألكترونى للطرف الثانى</span></u><span lang=\"AR-EG\"> :</span></b><span lang=\"AR-EG\">       <span id=\"second_part_email\">etisalat@estisalt.com</span></span></p>\r\n\r\n<p class=\"MsoNormal\" dir=\"RTL\" style=\"margin-right:-1.15pt;text-align:justify\"><b><span lang=\"AR-EG\">الأسم:     <span id=\"second_part_name\">Etisalat Misr</span>                رقم الموبيل: <span id=\"second_part_phone\">0115455874757</span></span></b></p>', '', '159', '2020-10-20 11:43:25', '2020-10-20 11:43:25', '1');
INSERT INTO `contract_items` VALUES ('29', '<p class=\"MsoNormal\" dir=\"RTL\" style=\"text-align: center;\"><b><span lang=\"AR-EG\" style=\"font-size:14.0pt\">\r\n<u>البند العاشر<o:p></o:p></u></span></b>\r\n</p>\r\n\r\n<p class=\"MsoNormal\" dir=\"RTL\" style=\"margin-right:-1.15pt\"><span lang=\"AR-SA\" style=\"font-size:14.0pt;mso-bidi-language:AR-SA;mso-no-proof:no\">يخضع هذا العقد\r\nلأحكام القوانين ونظام المحاكم المعمول بهما في جمهورية مصر العربية.</span></p>', '', '159', '2020-10-20 11:43:25', '2020-10-20 11:43:25', '1');
INSERT INTO `contract_items` VALUES ('30', '<blockquote style=\"margin: 0 0 0 40px; border: none; padding: 0px;\"><p dir=\"RTL\" style=\"text-align: center; margin: 0in 82.45pt 2pt 0in;\"><b><u><span style=\"font-size:\r\n14.0pt\">البند الحادى عشر</span></u></b></p></blockquote>\r\n\r\n<p dir=\"RTL\" style=\"margin-right:-1.15pt\"><span style=\"font-size:14.0pt;\">حرر هذا العقد\r\nمن نسختين أصليتين بيد كل طرف نسخة  و\r\nالنسخه مكونه من ثلاث ورقات للعمل بها عند الحاجة.<o:p></o:p></span></p>\r\n\r\n<p dir=\"RTL\" style=\"margin-right:-1.15pt\"><span lang=\"AR-SA\" style=\"font-size:14.0pt;\"><o:p> </o:p></span></p>', '', '159', '2020-10-20 11:43:25', '2020-10-20 11:43:25', '1');
INSERT INTO `contract_items` VALUES ('31', '<blockquote style=\"margin: 0 0 0 40px; border: none; padding: 0px;\">\r\n          <p dir=\"RTL\" style=\"text-align: center; margin: 0in 82.45pt 2pt 0in;\"><b><u><span style=\"font-size:\r\n          14.0pt\">البند الثانى&nbsp;عشر</span></u></b></p>\r\n          </blockquote>\r\n\r\n          <p dir=\"RTL\" style=\"margin-right:-1.15pt\"><span style=\"font-size: 18.6667px;\">ينص هذا العقد على ان نسبة الطرف الاول <span id=\"first_part_percent\">50%</span> ونسبة الطرف الثانى <span id=\"second_part_percent\">50%</span></span></p>\r\n\r\n          <p dir=\"RTL\" style=\"margin-right:-1.15pt\"><span lang=\"AR-SA\" style=\"font-size:14.0pt;\"><o:p> </o:p></span></p>', '1', '159', '2020-10-20 11:43:25', '2020-10-20 11:45:55', '1');
INSERT INTO `contract_items` VALUES ('32', '<table width=\"100%\" dir=\"rtl\">\r\n            <tbody>\r\n                <tr>\r\n                    <td width=\"50%\">\r\n                        <h3><u>الطرف الاول</u></h3>\r\n                    </td>\r\n                    <td width=\"50%\">\r\n                        <h3><u>الطرف الثاني</u></h3>\r\n                    </td>\r\n                </tr>\r\n                <tr>\r\n                    <td>شركة/ <span id=\"first_part_name\">DigiZone\r\n                                        </span> </td>\r\n                    <td>شركة/ <span id=\"second_part_name\">Etisalat Misr</span> </td>\r\n                </tr>\r\n                <tr>\r\n                    <td>الاسم : <span id=\"first_part_person\">haytham</span></td>\r\n                    <td>الاسم : <span id=\"second_part_person\">etisalat</span></td>\r\n                </tr>\r\n                <tr>\r\n                    <td>الصفة : <span id=\"first_part_character\">ceo</span></td>\r\n                    <td>الصفة : <span id=\"second_part_character\">contnet owner</span></td>\r\n                </tr>\r\n                <tr>\r\n                    <td>\r\n                        <p style=\"line-height:150%;vertical-align:bottom\"><br>التوقيع: <span id=\"first_part_signature\"></span></p>\r\n                    </td>\r\n                    <td>\r\n                        <p style=\"line-height:150%;vertical-align:bottom\"><br>التوقيع:<span id=\"second_part_signature\"></span></p>\r\n                    </td>\r\n                </tr>\r\n                <tr>\r\n                    <td>\r\n                        <p style=\"line-height:250%;vertical-align:bottom\"><br>خاتم الشركة : <span id=\"first_part_seal\"></span></p>\r\n                    </td>\r\n                    <td>\r\n                        <p style=\"line-height:250%;vertical-align:bottom\"><br>خاتم الشركة : <span id=\"second_part_seal\"></span></p>\r\n                    </td>\r\n                </tr>\r\n            </tbody>\r\n        </table>', '', '159', '2020-10-20 11:43:26', '2020-10-20 11:43:26', '1');

-- ----------------------------
-- Table structure for `contract_items_approves`
-- ----------------------------
DROP TABLE IF EXISTS `contract_items_approves`;
CREATE TABLE `contract_items_approves` (
  `id` int(10) unsigned NOT NULL AUTO_INCREMENT,
  `user_id` int(10) unsigned DEFAULT NULL,
  `contract_item_id` int(10) unsigned DEFAULT NULL,
  `status` int(11) NOT NULL DEFAULT '0' COMMENT '2-approves 1-notapproves 0-notactions',
  `created_at` timestamp NULL DEFAULT NULL,
  `updated_at` timestamp NULL DEFAULT NULL,
  PRIMARY KEY (`id`),
  KEY `contract_items_approves_user_id_foreign` (`user_id`),
  KEY `contract_items_approves_contract_item_id_foreign` (`contract_item_id`),
  CONSTRAINT `contract_items_approves_contract_item_id_foreign` FOREIGN KEY (`contract_item_id`) REFERENCES `contract_items` (`id`) ON DELETE CASCADE,
  CONSTRAINT `contract_items_approves_user_id_foreign` FOREIGN KEY (`user_id`) REFERENCES `users` (`id`) ON DELETE CASCADE
) ENGINE=InnoDB AUTO_INCREMENT=8 DEFAULT CHARSET=utf8mb4 COLLATE=utf8mb4_unicode_ci;

-- ----------------------------
-- Records of contract_items_approves
-- ----------------------------
INSERT INTO `contract_items_approves` VALUES ('1', '5', '1', '2', '2020-10-18 10:21:25', '2020-10-18 10:28:43');
INSERT INTO `contract_items_approves` VALUES ('2', '2', '1', '2', '2020-10-18 10:21:25', '2020-10-18 10:29:14');
INSERT INTO `contract_items_approves` VALUES ('3', '5', '12', '2', '2020-10-18 10:21:27', '2020-10-18 10:25:18');
INSERT INTO `contract_items_approves` VALUES ('4', '2', '12', '2', '2020-10-18 10:21:27', '2020-10-18 10:27:02');
INSERT INTO `contract_items_approves` VALUES ('5', '5', '17', '2', '2020-10-20 11:43:23', '2020-10-20 11:46:14');
INSERT INTO `contract_items_approves` VALUES ('6', '2', '17', '2', '2020-10-20 11:43:23', '2020-10-20 11:47:37');
INSERT INTO `contract_items_approves` VALUES ('7', '5', '31', '2', '2020-10-20 11:43:25', '2020-10-20 11:45:55');

-- ----------------------------
-- Table structure for `contract_services`
-- ----------------------------
DROP TABLE IF EXISTS `contract_services`;
CREATE TABLE `contract_services` (
  `id` bigint(20) unsigned NOT NULL AUTO_INCREMENT,
  `contract_id` bigint(20) unsigned NOT NULL,
  `title` varchar(191) COLLATE utf8mb4_unicode_ci NOT NULL,
  `created_at` timestamp NULL DEFAULT NULL,
  `updated_at` timestamp NULL DEFAULT NULL,
  PRIMARY KEY (`id`)
) ENGINE=InnoDB AUTO_INCREMENT=39 DEFAULT CHARSET=utf8mb4 COLLATE=utf8mb4_unicode_ci;

-- ----------------------------
-- Records of contract_services
-- ----------------------------
INSERT INTO `contract_services` VALUES ('29', '4', 'mishri alert for zain kuwait', '2020-09-10 09:23:54', '2020-10-07 10:58:35');
INSERT INTO `contract_services` VALUES ('30', '4', 'mishri alert for ooredoo kuwait', '2020-09-10 09:23:58', '2020-10-07 10:58:35');
INSERT INTO `contract_services` VALUES ('31', '4', 'mishri alert for stc kuwait', '2020-09-14 15:20:31', '2020-10-07 10:58:35');
INSERT INTO `contract_services` VALUES ('32', '1', 'service2', '2020-09-14 15:20:44', '2020-09-14 15:20:44');
INSERT INTO `contract_services` VALUES ('33', '2', 'service3', '2020-09-15 12:10:27', '2020-09-15 12:10:27');
INSERT INTO `contract_services` VALUES ('34', '2', 'service4', '2020-09-15 12:10:38', '2020-09-15 12:10:38');
INSERT INTO `contract_services` VALUES ('35', '2', 'service5', '2020-09-15 15:28:11', '2020-09-15 15:28:11');
INSERT INTO `contract_services` VALUES ('36', '3', 'service1', '2020-09-16 11:26:22', '2020-09-16 11:26:22');
INSERT INTO `contract_services` VALUES ('37', '3', 'service2', '2020-09-16 11:26:22', '2020-09-16 11:26:22');
INSERT INTO `contract_services` VALUES ('38', '3', 'service3', '2020-09-16 11:26:22', '2020-09-16 11:26:22');

-- ----------------------------
-- Table structure for `contracts`
-- ----------------------------
DROP TABLE IF EXISTS `contracts`;
CREATE TABLE `contracts` (
  `id` bigint(20) unsigned NOT NULL AUTO_INCREMENT,
  `contract_code` varchar(60) COLLATE utf8mb4_unicode_ci NOT NULL DEFAULT '#CODE',
  `service_type_id` bigint(20) unsigned NOT NULL,
  `contract_label` varchar(250) COLLATE utf8mb4_unicode_ci NOT NULL DEFAULT 'set contract name',
  `first_party_id` bigint(20) unsigned NOT NULL,
  `first_party_select` tinyint(1) NOT NULL DEFAULT '1' COMMENT '0:no | 1:yes',
  `second_party_id` bigint(20) unsigned NOT NULL,
  `first_party` varchar(191) COLLATE utf8mb4_unicode_ci NOT NULL,
  `second_party` varchar(191) COLLATE utf8mb4_unicode_ci NOT NULL,
  `first_party_percentage` tinyint(1) NOT NULL,
  `second_party_percentage` tinyint(1) NOT NULL,
  `contract_date` date NOT NULL DEFAULT '2020-05-28',
  `contract_duration_id` bigint(20) unsigned NOT NULL,
  `renewal_status` tinyint(1) NOT NULL DEFAULT '0' COMMENT '0:no | 1:yes | 2:renewal by another one',
  `contract_status` tinyint(1) NOT NULL DEFAULT '1' COMMENT '0:terminated/1:active',
  `contract_expiry_date` date DEFAULT NULL,
  `country_title` varchar(191) COLLATE utf8mb4_unicode_ci NOT NULL,
  `operator_title` varchar(191) COLLATE utf8mb4_unicode_ci NOT NULL,
  `copies` tinyint(1) DEFAULT '2',
  `pages` tinyint(1) DEFAULT '10',
  `contract_pdf` varchar(191) COLLATE utf8mb4_unicode_ci DEFAULT NULL,
  `contract_notes` text COLLATE utf8mb4_unicode_ci,
  `btn_annex` varchar(191) COLLATE utf8mb4_unicode_ci DEFAULT NULL,
  `btn_auturaisition` varchar(191) COLLATE utf8mb4_unicode_ci DEFAULT NULL,
  `btn_copyrights` varchar(191) COLLATE utf8mb4_unicode_ci DEFAULT NULL,
  `entry_by_details` varchar(191) COLLATE utf8mb4_unicode_ci DEFAULT NULL,
  `entry_by` int(11) NOT NULL,
  `created_at` timestamp NULL DEFAULT NULL,
  `updated_at` timestamp NULL DEFAULT NULL,
  `second_party_type_id` bigint(20) unsigned DEFAULT NULL,
  `contract_type` tinyint(4) NOT NULL DEFAULT '1' COMMENT '1-new 2-draft',
  `full_approves` int(11) NOT NULL DEFAULT '0' COMMENT '1-allApproved 0-notApproved',
  PRIMARY KEY (`id`),
  KEY `service_type_id` (`service_type_id`),
  KEY `contracts_first_party_id_foreign` (`first_party_id`),
  KEY `contracts_second_party_id_foreign` (`second_party_id`),
  KEY `contracts_contract_duration_id_foreign` (`contract_duration_id`),
  KEY `second_party_type_id` (`second_party_type_id`)
) ENGINE=InnoDB AUTO_INCREMENT=160 DEFAULT CHARSET=utf8mb4 COLLATE=utf8mb4_unicode_ci;

-- ----------------------------
-- Records of contracts
-- ----------------------------
INSERT INTO `contracts` VALUES ('4', 'C#2020/08/12/1597224538', '1', 'Rebiana', '2', '0', '58', 'Rebiana-Libya', 'DigiZone', '50', '50', '2020-01-30', '1', '2', '1', '2021-01-29', 'libya', 'libyana - libya,libyana - libya', '2', '8', '1597240045-19013892.pdf', null, '<a href=\"https://ccms.l-sh.me/annexes?search=contract_id:equal:4\"\' class=\"btn btn-default btn-sm\" role=\"button\" aria-disabled=\"true\"><i class=\"fa fa-paper-plane\"></i></a>', '<a href=\"https://ccms.l-sh.me/authorizations?search=contract_id:equal:4\"\' class=\"btn btn-default btn-sm\" role=\"button\" aria-disabled=\"true\"><i class=\"fa fa-paper-plane\"></i></a>', '<a href=\"https://ccms.l-sh.me/copyrights?search=contract_id:equal:4\"\' class=\"btn btn-default btn-sm\" role=\"button\" aria-disabled=\"true\"><i class=\"fa fa-paper-plane\"></i></a>', 'Sayed Aref', '0', '2020-09-30 11:49:13', '2020-08-23 12:24:56', '1', '2', '0');
INSERT INTO `contracts` VALUES ('6', 'C#2020/08/12/1597231823', '3', 'Rotana - Filters', '2', '0', '59', 'Rotana', 'DigiZone', '60', '40', '2020-01-01', '1', '2', '1', '2020-12-31', 'Egypt,Kuwait,KSA,UAE,Jordan,Iraq', 'ooredoo - Kuwait,Mobinil - Egypt,Vodafone - Egypt,Zain - Kuwait,Zain - Iraq,STC - KSA,Zain - KSA,Mobily - KSA,Viva - Kuwait,korek tele - Iraq,du - UAE,etisalat - UAE,zain - Jordan,Umniah - Jo', '2', '5', '1597231823-12008564.pdf', '25.000$ نسبه الطرف الاول هى 60% في حال تجاوزت ايرادات الخدمه للطرفين مبلغ \r\nو65% للطرف الاول في حال لم تتجاوز هذا المبلغ', '<a href=\"https://ccms.l-sh.me/annexes?search=contract_id:equal:6\"\' class=\"btn btn-default btn-sm\" role=\"button\" aria-disabled=\"true\"><i class=\"fa fa-paper-plane\"></i></a>', '<a href=\"https://ccms.l-sh.me/authorizations?search=contract_id:equal:6\"\' class=\"btn btn-default btn-sm\" role=\"button\" aria-disabled=\"true\"><i class=\"fa fa-paper-plane\"></i></a>', '<a href=\"https://ccms.l-sh.me/copyrights?search=contract_id:equal:6\"\' class=\"btn btn-default btn-sm\" role=\"button\" aria-disabled=\"true\"><i class=\"fa fa-paper-plane\"></i></a>', 'Sayed Aref', '0', '2020-09-27 20:45:06', '2020-08-23 12:25:24', '4', '2', '0');
INSERT INTO `contracts` VALUES ('7', 'C#2020/08/12/1597239849', '9', 'Takween - Web Streaming', '2', '1', '54', 'DigiZone', 'Takween', '70', '30', '2020-01-15', '1', '0', '1', '2021-01-14', 'All countries', 'All - All', '2', '3', '1597239849-93653637.pdf', null, '<a href=\"https://ccms.l-sh.me/annexes?search=contract_id:equal:7\"\' class=\"btn btn-default btn-sm\" role=\"button\" aria-disabled=\"true\"><i class=\"fa fa-paper-plane\"></i></a>', '<a href=\"https://ccms.l-sh.me/authorizations?search=contract_id:equal:7\"\' class=\"btn btn-default btn-sm\" role=\"button\" aria-disabled=\"true\"><i class=\"fa fa-paper-plane\"></i></a>', '<a href=\"https://ccms.l-sh.me/copyrights?search=contract_id:equal:7\"\' class=\"btn btn-default btn-sm\" role=\"button\" aria-disabled=\"true\"><i class=\"fa fa-paper-plane\"></i></a>', 'Sayed Aref', '0', '2020-09-09 12:38:06', '2020-08-12 11:44:09', '1', '2', '0');
INSERT INTO `contracts` VALUES ('8', 'C#2020/08/13/1597320105', '3', 'Victory link - Alert Subscription', '1', '1', '43', 'iVAS', 'Victory Link', '50', '50', '2013-06-02', '2', '1', '1', '2015-06-01', 'All countries', 'Mobinil - Egypt', '2', '7', '1597320105-38859228.pdf', null, '<a href=\"https://ccms.l-sh.me/annexes?search=contract_id:equal:8\"\' class=\"btn btn-default btn-sm\" role=\"button\" aria-disabled=\"true\"><i class=\"fa fa-paper-plane\"></i></a>', '<a href=\"https://ccms.l-sh.me/authorizations?search=contract_id:equal:8\"\' class=\"btn btn-default btn-sm\" role=\"button\" aria-disabled=\"true\"><i class=\"fa fa-paper-plane\"></i></a>', '<a href=\"https://ccms.l-sh.me/copyrights?search=contract_id:equal:8\"\' class=\"btn btn-default btn-sm\" role=\"button\" aria-disabled=\"true\"><i class=\"fa fa-paper-plane\"></i></a>', 'Sayed Aref', '0', '2020-09-06 12:23:31', '2020-08-23 12:26:38', '1', '2', '0');
INSERT INTO `contracts` VALUES ('9', 'C#2020/08/13/1597323703', '4', 'Victory Link - Bulk Sms', '1', '0', '43', 'Victory Link', 'iVAS', '0', '0', '2017-04-06', '1', '1', '1', '2017-04-05', 'Egypt', 'All - Egypt', '2', '4', '1597323703-56931226.pdf', null, '<a href=\"https://ccms.l-sh.me/annexes?search=contract_id:equal:9\"\' class=\"btn btn-default btn-sm\" role=\"button\" aria-disabled=\"true\"><i class=\"fa fa-paper-plane\"></i></a>', '<a href=\"https://ccms.l-sh.me/authorizations?search=contract_id:equal:9\"\' class=\"btn btn-default btn-sm\" role=\"button\" aria-disabled=\"true\"><i class=\"fa fa-paper-plane\"></i></a>', '<a href=\"https://ccms.l-sh.me/copyrights?search=contract_id:equal:9\"\' class=\"btn btn-default btn-sm\" role=\"button\" aria-disabled=\"true\"><i class=\"fa fa-paper-plane\"></i></a>', 'Sayed Aref', '0', '2020-09-06 12:25:48', '2020-08-23 06:11:49', '1', '2', '0');
INSERT INTO `contracts` VALUES ('10', 'C#2020/08/13/1597329881', '1', 'Negoom Fm - Vas - Etisalat Misr', '1', '0', '82', 'Negoom fm', 'iVAS', '70', '30', '2018-07-31', '1', '1', '1', '2019-07-30', 'Egypt', 'etisalat - Egypt', '2', '6', '1597329881-58985174.pdf', null, '<a href=\"https://ccms.l-sh.me/annexes?search=contract_id:equal:10\"\' class=\"btn btn-default btn-sm\" role=\"button\" aria-disabled=\"true\"><i class=\"fa fa-paper-plane\"></i></a>', '<a href=\"https://ccms.l-sh.me/authorizations?search=contract_id:equal:10\"\' class=\"btn btn-default btn-sm\" role=\"button\" aria-disabled=\"true\"><i class=\"fa fa-paper-plane\"></i></a>', '<a href=\"https://ccms.l-sh.me/copyrights?search=contract_id:equal:10\"\' class=\"btn btn-default btn-sm\" role=\"button\" aria-disabled=\"true\"><i class=\"fa fa-paper-plane\"></i></a>', 'Sayed Aref', '0', '2020-09-03 10:34:31', '2020-08-23 12:27:53', '8', '2', '0');
INSERT INTO `contracts` VALUES ('11', 'C#2020/08/16/1597564066', '2', 'Negoom Fm - RBT- Vodafone Misr', '1', '0', '82', 'Negoom fm', 'iVAS', '0', '0', '2019-04-01', '1', '2', '0', '2020-03-31', 'Egypt', 'Vodafone - Egypt', '2', '7', '1597564066-92573427.pdf', null, '<a href=\"https://ccms.l-sh.me/annexes?search=contract_id:equal:11\"\' class=\"btn btn-default btn-sm\" role=\"button\" aria-disabled=\"true\"><i class=\"fa fa-paper-plane\"></i></a>', '<a href=\"https://ccms.l-sh.me/authorizations?search=contract_id:equal:11\"\' class=\"btn btn-default btn-sm\" role=\"button\" aria-disabled=\"true\"><i class=\"fa fa-paper-plane\"></i></a>', '<a href=\"https://ccms.l-sh.me/copyrights?search=contract_id:equal:11\"\' class=\"btn btn-default btn-sm\" role=\"button\" aria-disabled=\"true\"><i class=\"fa fa-paper-plane\"></i></a>', 'Salma Adel', '0', '2020-09-16 06:08:40', '2020-08-23 12:28:25', '8', '2', '0');
INSERT INTO `contracts` VALUES ('12', 'C#2020/08/16/1597585845', '1', 'Binary Waves - Vas', '1', '0', '85', 'Binary Waves', 'iVAS', '30', '70', '2018-05-16', '8', '1', '1', '2022-05-15', 'Egypt', 'we - Egypt', '2', '8', '1597585845-65421892.pdf', null, '<a href=\"https://ccms.l-sh.me/annexes?search=contract_id:equal:12\"\' class=\"btn btn-default btn-sm\" role=\"button\" aria-disabled=\"true\"><i class=\"fa fa-paper-plane\"></i></a>', '<a href=\"https://ccms.l-sh.me/authorizations?search=contract_id:equal:12\"\' class=\"btn btn-default btn-sm\" role=\"button\" aria-disabled=\"true\"><i class=\"fa fa-paper-plane\"></i></a>', '<a href=\"https://ccms.l-sh.me/copyrights?search=contract_id:equal:12\"\' class=\"btn btn-default btn-sm\" role=\"button\" aria-disabled=\"true\"><i class=\"fa fa-paper-plane\"></i></a>', 'Salma Adel', '0', '2020-08-23 12:28:50', '2020-08-23 12:28:50', '1', '2', '0');
INSERT INTO `contracts` VALUES ('13', 'C#2020/08/16/1597587553', '2', 'Binary Waves -RBT', '1', '1', '86', 'iVAS', 'Binary Waves', '30', '70', '2017-05-31', '8', '1', '1', '2021-05-30', 'Egypt', 'Vodafone - Egypt,etisalat - Egypt', '2', '6', '1597587553-62327718.pdf', null, '<a href=\"https://ccms.l-sh.me/annexes?search=contract_id:equal:13\"\' class=\"btn btn-default btn-sm\" role=\"button\" aria-disabled=\"true\"><i class=\"fa fa-paper-plane\"></i></a>', '<a href=\"https://ccms.l-sh.me/authorizations?search=contract_id:equal:13\"\' class=\"btn btn-default btn-sm\" role=\"button\" aria-disabled=\"true\"><i class=\"fa fa-paper-plane\"></i></a>', '<a href=\"https://ccms.l-sh.me/copyrights?search=contract_id:equal:13\"\' class=\"btn btn-default btn-sm\" role=\"button\" aria-disabled=\"true\"><i class=\"fa fa-paper-plane\"></i></a>', 'Sayed Aref', '0', '2020-09-06 12:24:01', '2020-09-06 12:24:01', '4', '2', '0');
INSERT INTO `contracts` VALUES ('14', 'C#2020/08/16/1597589682', '1', 'Binary Waves - Sms', '1', '1', '85', 'iVAS', 'Binary Waves', '25', '75', '2018-05-20', '1', '1', '1', '2019-05-19', 'Egypt', 'Mobinil - Egypt', '2', '7', '1597589682-57364637.pdf', null, '<a href=\"https://ccms.l-sh.me/annexes?search=contract_id:equal:14\"\' class=\"btn btn-default btn-sm\" role=\"button\" aria-disabled=\"true\"><i class=\"fa fa-paper-plane\"></i></a>', '<a href=\"https://ccms.l-sh.me/authorizations?search=contract_id:equal:14\"\' class=\"btn btn-default btn-sm\" role=\"button\" aria-disabled=\"true\"><i class=\"fa fa-paper-plane\"></i></a>', '<a href=\"https://ccms.l-sh.me/copyrights?search=contract_id:equal:14\"\' class=\"btn btn-default btn-sm\" role=\"button\" aria-disabled=\"true\"><i class=\"fa fa-paper-plane\"></i></a>', 'Salma Adel', '0', '2020-08-23 12:29:11', '2020-08-23 12:29:11', '1', '2', '0');
INSERT INTO `contracts` VALUES ('15', 'C#2020/08/17/1597653244', '10', 'Idex - App Store', '2', '0', '87', 'Idex Telecom', 'DigiZone', '50', '50', '2019-05-01', '1', '1', '1', '2020-04-30', 'Kuwait', 'Viva - Kuwait', '2', '33', '1602671128-23138841.pdf', null, '<a href=\"https://ccms.l-sh.me/annexes?search=contract_id:equal:15\"\' class=\"btn btn-default btn-sm\" role=\"button\" aria-disabled=\"true\"><i class=\"fa fa-paper-plane\"></i></a>', '<a href=\"https://ccms.l-sh.me/authorizations?search=contract_id:equal:15\"\' class=\"btn btn-default btn-sm\" role=\"button\" aria-disabled=\"true\"><i class=\"fa fa-paper-plane\"></i></a>', '<a href=\"https://ccms.l-sh.me/copyrights?search=contract_id:equal:15\"\' class=\"btn btn-default btn-sm\" role=\"button\" aria-disabled=\"true\"><i class=\"fa fa-paper-plane\"></i></a>', 'Salma Adel', '0', '2020-10-14 14:25:28', '2020-08-23 12:29:35', '1', '2', '0');
INSERT INTO `contracts` VALUES ('16', 'C#2020/08/17/1597659102', '1', 'Ooredoo - Vas Services', '2', '0', '88', 'Ooredoo', 'DigiZone', '0', '0', '2019-05-01', '1', '1', '1', '2020-04-30', 'Kuwait', 'ooredoo - Kuwait', '2', '15', '1597659102-85713621.pdf', null, '<a href=\"https://ccms.l-sh.me/annexes?search=contract_id:equal:16\"\' class=\"btn btn-default btn-sm\" role=\"button\" aria-disabled=\"true\"><i class=\"fa fa-paper-plane\"></i></a>', '<a href=\"https://ccms.l-sh.me/authorizations?search=contract_id:equal:16\"\' class=\"btn btn-default btn-sm\" role=\"button\" aria-disabled=\"true\"><i class=\"fa fa-paper-plane\"></i></a>', '<a href=\"https://ccms.l-sh.me/copyrights?search=contract_id:equal:16\"\' class=\"btn btn-default btn-sm\" role=\"button\" aria-disabled=\"true\"><i class=\"fa fa-paper-plane\"></i></a>', 'Salma Adel', '0', '2020-08-23 12:30:02', '2020-08-23 12:30:02', '3', '2', '0');
INSERT INTO `contracts` VALUES ('17', 'C#2020/08/17/1597662776', '1', 'Zain Kuwait - Vas Service', '2', '0', '89', 'Zain - Kuwait', 'DigiZone', '0', '0', '2019-10-09', '1', '1', '1', '2020-10-08', 'Kuwait', 'Zain - Kuwait', '2', '36', '1597662776-6476504.pdf', 'حصه كلا الطرفين متغيره من خدمه لاخرى سيتم ادراجها فى الملحق الاول', '<a href=\"https://ccms.l-sh.me/annexes?search=contract_id:equal:17\"\' class=\"btn btn-default btn-sm\" role=\"button\" aria-disabled=\"true\"><i class=\"fa fa-paper-plane\"></i></a>', '<a href=\"https://ccms.l-sh.me/authorizations?search=contract_id:equal:17\"\' class=\"btn btn-default btn-sm\" role=\"button\" aria-disabled=\"true\"><i class=\"fa fa-paper-plane\"></i></a>', '<a href=\"https://ccms.l-sh.me/copyrights?search=contract_id:equal:17\"\' class=\"btn btn-default btn-sm\" role=\"button\" aria-disabled=\"true\"><i class=\"fa fa-paper-plane\"></i></a>', 'Salma Adel', '0', '2020-08-23 12:30:21', '2020-08-23 12:30:21', '3', '2', '0');
INSERT INTO `contracts` VALUES ('18', 'C#2020/08/17/1597669797', '1', 'The Widing House - Vas Service', '1', '0', '90', 'The Widing House', 'iVAS', '50', '50', '2017-06-12', '1', '1', '1', '2018-06-11', 'All countries', 'All - All', '3', '5', '1597669797-11018331.pdf', 'لم يحدد مده سريان العقد او شركات الاتصالات', '<a href=\"https://ccms.l-sh.me/annexes?search=contract_id:equal:18\"\' class=\"btn btn-default btn-sm\" role=\"button\" aria-disabled=\"true\"><i class=\"fa fa-paper-plane\"></i></a>', '<a href=\"https://ccms.l-sh.me/authorizations?search=contract_id:equal:18\"\' class=\"btn btn-default btn-sm\" role=\"button\" aria-disabled=\"true\"><i class=\"fa fa-paper-plane\"></i></a>', '<a href=\"https://ccms.l-sh.me/copyrights?search=contract_id:equal:18\"\' class=\"btn btn-default btn-sm\" role=\"button\" aria-disabled=\"true\"><i class=\"fa fa-paper-plane\"></i></a>', 'Salma Adel', '0', '2020-08-23 12:30:59', '2020-08-23 12:30:59', '2', '2', '0');
INSERT INTO `contracts` VALUES ('19', 'C#2020/08/17/1597678682', '1', 'Awakening - Vas Service', '1', '1', '34', 'iVAS', 'Awakening', '50', '50', '2015-06-21', '2', '1', '1', '2017-06-20', 'Qatar', 'Ooredoo - Qatar', '2', '8', '1597678682-41484388.pdf', null, '<a href=\"https://ccms.l-sh.me/annexes?search=contract_id:equal:19\"\' class=\"btn btn-default btn-sm\" role=\"button\" aria-disabled=\"true\"><i class=\"fa fa-paper-plane\"></i></a>', '<a href=\"https://ccms.l-sh.me/authorizations?search=contract_id:equal:19\"\' class=\"btn btn-default btn-sm\" role=\"button\" aria-disabled=\"true\"><i class=\"fa fa-paper-plane\"></i></a>', '<a href=\"https://ccms.l-sh.me/copyrights?search=contract_id:equal:19\"\' class=\"btn btn-default btn-sm\" role=\"button\" aria-disabled=\"true\"><i class=\"fa fa-paper-plane\"></i></a>', 'Salma Adel', '0', '2020-08-23 12:31:24', '2020-08-23 12:31:24', '4', '2', '0');
INSERT INTO `contracts` VALUES ('20', 'C#2020/08/18/1597742691', '1', 'تقارب الادرنيه للاتصالات - Vas Service', '1', '1', '95', 'iVAS', 'Taqarob - Jordan', '60', '40', '2018-04-02', '1', '2', '0', '2019-04-01', 'Jordan,Palestine,Oman,Iraq', 'All - Iraq,zain - Jordan,Umniah - Jordan,watanya - Palestine,jawwal - Palestine,renna - Oman,orange - Jordan', '3', '6', '1597742691-64209260.pdf', 'الدعم الدعائى نسبه الطرف الاول 60 بالمائه \r\nوالدعم التقني نسبه الطرف الاول 75 بالماثه', '<a href=\"https://ccms.l-sh.me/annexes?search=contract_id:equal:20\"\' class=\"btn btn-default btn-sm\" role=\"button\" aria-disabled=\"true\"><i class=\"fa fa-paper-plane\"></i></a>', '<a href=\"https://ccms.l-sh.me/authorizations?search=contract_id:equal:20\"\' class=\"btn btn-default btn-sm\" role=\"button\" aria-disabled=\"true\"><i class=\"fa fa-paper-plane\"></i></a>', '<a href=\"https://ccms.l-sh.me/copyrights?search=contract_id:equal:20\"\' class=\"btn btn-default btn-sm\" role=\"button\" aria-disabled=\"true\"><i class=\"fa fa-paper-plane\"></i></a>', 'Salma Adel', '0', '2020-09-16 06:09:48', '2020-08-23 12:31:46', '1', '2', '0');
INSERT INTO `contracts` VALUES ('21', 'C#2020/08/18/1597747284', '11', 'Valux - Design Contract', '1', '0', '96', 'Valux', 'iVAS', '0', '0', '2019-07-14', '1', '2', '0', '2020-07-13', 'Egypt', 'All - Egypt', '2', '6', '1597747284-89137511.pdf', null, '<a href=\"https://ccms.l-sh.me/annexes?search=contract_id:equal:21\"\' class=\"btn btn-default btn-sm\" role=\"button\" aria-disabled=\"true\"><i class=\"fa fa-paper-plane\"></i></a>', '<a href=\"https://ccms.l-sh.me/authorizations?search=contract_id:equal:21\"\' class=\"btn btn-default btn-sm\" role=\"button\" aria-disabled=\"true\"><i class=\"fa fa-paper-plane\"></i></a>', '<a href=\"https://ccms.l-sh.me/copyrights?search=contract_id:equal:21\"\' class=\"btn btn-default btn-sm\" role=\"button\" aria-disabled=\"true\"><i class=\"fa fa-paper-plane\"></i></a>', 'Salma Adel', '0', '2020-09-16 06:10:10', '2020-08-23 12:32:10', '5', '2', '0');
INSERT INTO `contracts` VALUES ('22', 'C#2020/08/18/1597748143', '3', 'Victory International  - Rotana - Ivas ( انتاج انشودة اسم النبي)', '1', '1', '97', 'iVAS', 'Victory International', '0', '0', '2017-05-21', '6', '0', '0', '2018-05-20', 'Egypt', 'All - Egypt', '3', '3', '1597748143-65682892.pdf', 'عقد انتاج فيديو كليب لانشودة اسم النبي', '<a href=\"https://ccms.l-sh.me/annexes?search=contract_id:equal:22\"\' class=\"btn btn-default btn-sm\" role=\"button\" aria-disabled=\"true\"><i class=\"fa fa-paper-plane\"></i></a>', '<a href=\"https://ccms.l-sh.me/authorizations?search=contract_id:equal:22\"\' class=\"btn btn-default btn-sm\" role=\"button\" aria-disabled=\"true\"><i class=\"fa fa-paper-plane\"></i></a>', '<a href=\"https://ccms.l-sh.me/copyrights?search=contract_id:equal:22\"\' class=\"btn btn-default btn-sm\" role=\"button\" aria-disabled=\"true\"><i class=\"fa fa-paper-plane\"></i></a>', 'Mohamed Al-Qurashy', '0', '2020-10-05 16:14:55', '2020-08-23 12:32:54', '4', '2', '0');
INSERT INTO `contracts` VALUES ('23', 'C#2020/08/18/1597749705', '3', 'Digital Sound - Alert Service', '1', '1', '24', 'iVAS', 'Smart Technology', '70', '30', '2017-11-22', '1', '2', '0', '2019-11-21', 'All countries', 'All - All', '2', '2', '1597749705-9678350.pdf', null, '<a href=\"https://ccms.l-sh.me/annexes?search=contract_id:equal:23\"\' class=\"btn btn-default btn-sm\" role=\"button\" aria-disabled=\"true\"><i class=\"fa fa-paper-plane\"></i></a>', '<a href=\"https://ccms.l-sh.me/authorizations?search=contract_id:equal:23\"\' class=\"btn btn-default btn-sm\" role=\"button\" aria-disabled=\"true\"><i class=\"fa fa-paper-plane\"></i></a>', '<a href=\"https://ccms.l-sh.me/copyrights?search=contract_id:equal:23\"\' class=\"btn btn-default btn-sm\" role=\"button\" aria-disabled=\"true\"><i class=\"fa fa-paper-plane\"></i></a>', 'Salma Adel', '0', '2020-09-16 06:56:59', '2020-08-23 12:33:20', '1', '2', '0');
INSERT INTO `contracts` VALUES ('24', 'C#2020/08/18/1597752252', '3', 'Digital Sound ( Medhat Saleh ) - Alert Service', '1', '1', '98', 'iVAS', 'Digital Sound', '50', '50', '2019-09-01', '1', '0', '1', '2020-12-22', 'All countries', 'All - All', '2', '3', '1597752252-52295039.pdf', null, '<a href=\"https://ccms.l-sh.me/annexes?search=contract_id:equal:24\"\' class=\"btn btn-default btn-sm\" role=\"button\" aria-disabled=\"true\"><i class=\"fa fa-paper-plane\"></i></a>', '<a href=\"https://ccms.l-sh.me/authorizations?search=contract_id:equal:24\"\' class=\"btn btn-default btn-sm\" role=\"button\" aria-disabled=\"true\"><i class=\"fa fa-paper-plane\"></i></a>', '<a href=\"https://ccms.l-sh.me/copyrights?search=contract_id:equal:24\"\' class=\"btn btn-default btn-sm\" role=\"button\" aria-disabled=\"true\"><i class=\"fa fa-paper-plane\"></i></a>', 'Mohamed Al-Qurashy', '0', '2020-10-05 16:20:03', '2020-08-23 12:33:53', '1', '2', '0');
INSERT INTO `contracts` VALUES ('25', 'C#2020/08/18/1597762547', '1', 'Mobinil - Vas Service', '1', '0', '44', 'Mobinil', 'iVAS', '0', '0', '2015-12-01', '1', '0', '0', '2016-11-30', 'Egypt', 'Mobinil - Egypt', '2', '6', '1597762547-47601658.pdf', 'اتفاقية عم افصاح لمدة سنة واستمرار اثرها لمدة 5 سنوات', '<a href=\"https://ccms.l-sh.me/annexes?search=contract_id:equal:25\"\' class=\"btn btn-default btn-sm\" role=\"button\" aria-disabled=\"true\"><i class=\"fa fa-paper-plane\"></i></a>', '<a href=\"https://ccms.l-sh.me/authorizations?search=contract_id:equal:25\"\' class=\"btn btn-default btn-sm\" role=\"button\" aria-disabled=\"true\"><i class=\"fa fa-paper-plane\"></i></a>', '<a href=\"https://ccms.l-sh.me/copyrights?search=contract_id:equal:25\"\' class=\"btn btn-default btn-sm\" role=\"button\" aria-disabled=\"true\"><i class=\"fa fa-paper-plane\"></i></a>', 'Mohamed Al-Qurashy', '0', '2020-10-05 16:24:50', '2020-08-23 12:35:11', '3', '2', '0');
INSERT INTO `contracts` VALUES ('26', 'C#2020/08/18/1597763219', '9', 'Ziadat - non-disclosure', '2', '1', '99', 'DigiZone', 'Ziadat LLC', '0', '0', '2020-03-04', '1', '0', '1', '2021-03-03', 'Sudan,Palestine', 'Zain - Sudan,Ooredoo - Palestine', '2', '3', '1597821937-38233242.pdf', 'اتفاقية عدم افصاح وعدم تحايل', '<a href=\"https://ccms.l-sh.me/annexes?search=contract_id:equal:26\"\' class=\"btn btn-default btn-sm\" role=\"button\" aria-disabled=\"true\"><i class=\"fa fa-paper-plane\"></i></a>', '<a href=\"https://ccms.l-sh.me/authorizations?search=contract_id:equal:26\"\' class=\"btn btn-default btn-sm\" role=\"button\" aria-disabled=\"true\"><i class=\"fa fa-paper-plane\"></i></a>', '<a href=\"https://ccms.l-sh.me/copyrights?search=contract_id:equal:26\"\' class=\"btn btn-default btn-sm\" role=\"button\" aria-disabled=\"true\"><i class=\"fa fa-paper-plane\"></i></a>', 'Mohamed Al-Qurashy', '0', '2020-10-05 16:29:53', '2020-08-23 12:35:47', '1', '2', '0');
INSERT INTO `contracts` VALUES ('27', 'C#2020/08/19/1597823567', '1', 'نور الايمان للبرمجيات - Vas Service', '1', '1', '37', 'iVAS', 'Nour Eleman for Software', '60', '40', '2015-09-17', '3', '1', '1', '2018-09-16', 'All countries', 'All - All', '2', '8', '1597823567-75111230.pdf', null, '<a href=\"https://ccms.l-sh.me/annexes?search=contract_id:equal:27\"\' class=\"btn btn-default btn-sm\" role=\"button\" aria-disabled=\"true\"><i class=\"fa fa-paper-plane\"></i></a>', '<a href=\"https://ccms.l-sh.me/authorizations?search=contract_id:equal:27\"\' class=\"btn btn-default btn-sm\" role=\"button\" aria-disabled=\"true\"><i class=\"fa fa-paper-plane\"></i></a>', '<a href=\"https://ccms.l-sh.me/copyrights?search=contract_id:equal:27\"\' class=\"btn btn-default btn-sm\" role=\"button\" aria-disabled=\"true\"><i class=\"fa fa-paper-plane\"></i></a>', 'Salma Adel', '0', '2020-08-23 12:36:09', '2020-08-23 12:36:09', '4', '2', '0');
INSERT INTO `contracts` VALUES ('28', 'C#2020/08/19/1597825041', '13', 'Sharqy Production -Streaming', '1', '1', '39', 'iVAS', 'Sharqy Production', '50', '50', '2017-05-11', '5', '1', '1', '2017-09-10', 'All countries', 'All - All', '2', '19', '1597825041-19623283.pdf', null, '<a href=\"https://ccms.l-sh.me/annexes?search=contract_id:equal:28\"\' class=\"btn btn-default btn-sm\" role=\"button\" aria-disabled=\"true\"><i class=\"fa fa-paper-plane\"></i></a>', '<a href=\"https://ccms.l-sh.me/authorizations?search=contract_id:equal:28\"\' class=\"btn btn-default btn-sm\" role=\"button\" aria-disabled=\"true\"><i class=\"fa fa-paper-plane\"></i></a>', '<a href=\"https://ccms.l-sh.me/copyrights?search=contract_id:equal:28\"\' class=\"btn btn-default btn-sm\" role=\"button\" aria-disabled=\"true\"><i class=\"fa fa-paper-plane\"></i></a>', 'Sayed Aref', '0', '2020-09-06 10:03:13', '2020-08-23 12:36:40', '4', '2', '0');
INSERT INTO `contracts` VALUES ('29', 'C#2020/08/19/1597826038', '14', 'Sharqy Production -Youtube', '1', '1', '39', 'iVAS', 'Sharqy Production', '50', '50', '2017-05-11', '2', '2', '0', '2019-05-10', 'All countries', 'Youtube - All', '2', '6', '1597826038-4452080.pdf', 'نسبه الطرف الاول 70 % من صافى الايرادات', '<a href=\"https://ccms.l-sh.me/annexes?search=contract_id:equal:29\"\' class=\"btn btn-default btn-sm\" role=\"button\" aria-disabled=\"true\"><i class=\"fa fa-paper-plane\"></i></a>', '<a href=\"https://ccms.l-sh.me/authorizations?search=contract_id:equal:29\"\' class=\"btn btn-default btn-sm\" role=\"button\" aria-disabled=\"true\"><i class=\"fa fa-paper-plane\"></i></a>', '<a href=\"https://ccms.l-sh.me/copyrights?search=contract_id:equal:29\"\' class=\"btn btn-default btn-sm\" role=\"button\" aria-disabled=\"true\"><i class=\"fa fa-paper-plane\"></i></a>', 'Salma Adel', '0', '2020-09-16 06:12:04', '2020-08-23 12:37:04', '4', '2', '0');
INSERT INTO `contracts` VALUES ('30', 'C#2020/08/19/1597828009', '1', 'Sharqy Production -Vas Service', '1', '0', '39', 'Sharqy Production', 'iVAS', '50', '50', '2017-05-11', '2', '1', '1', '2019-05-10', 'All countries', 'All - All', '2', '6', '1597828009-27345876.pdf', null, '<a href=\"https://ccms.l-sh.me/annexes?search=contract_id:equal:30\"\' class=\"btn btn-default btn-sm\" role=\"button\" aria-disabled=\"true\"><i class=\"fa fa-paper-plane\"></i></a>', '<a href=\"https://ccms.l-sh.me/authorizations?search=contract_id:equal:30\"\' class=\"btn btn-default btn-sm\" role=\"button\" aria-disabled=\"true\"><i class=\"fa fa-paper-plane\"></i></a>', '<a href=\"https://ccms.l-sh.me/copyrights?search=contract_id:equal:30\"\' class=\"btn btn-default btn-sm\" role=\"button\" aria-disabled=\"true\"><i class=\"fa fa-paper-plane\"></i></a>', 'Salma Adel', '0', '2020-08-23 12:37:42', '2020-08-23 12:37:42', '4', '2', '0');
INSERT INTO `contracts` VALUES ('31', 'C#2020/08/19/1597831434', '2', 'Albtros Engineering - RBT Service', '1', '1', '35', 'iVAS', 'Albtros Engineering Company', '85', '15', '2017-05-25', '5', '2', '0', '2017-11-24', 'Sudan', 'All - Sudan', '2', '6', '1597831434-45738842.pdf', null, '<a href=\"https://ccms.l-sh.me/annexes?search=contract_id:equal:31\"\' class=\"btn btn-default btn-sm\" role=\"button\" aria-disabled=\"true\"><i class=\"fa fa-paper-plane\"></i></a>', '<a href=\"https://ccms.l-sh.me/authorizations?search=contract_id:equal:31\"\' class=\"btn btn-default btn-sm\" role=\"button\" aria-disabled=\"true\"><i class=\"fa fa-paper-plane\"></i></a>', '<a href=\"https://ccms.l-sh.me/copyrights?search=contract_id:equal:31\"\' class=\"btn btn-default btn-sm\" role=\"button\" aria-disabled=\"true\"><i class=\"fa fa-paper-plane\"></i></a>', 'Salma Adel', '0', '2020-09-16 06:11:46', '2020-08-23 12:38:10', '1', '2', '0');
INSERT INTO `contracts` VALUES ('33', 'C#2020/08/19/1597839767', '4', 'Optimal Technology Solutions - Bulk Sms', '1', '0', '101', 'Optimal Technology Solutions', 'iVAS', '0', '0', '2016-03-24', '1', '1', '1', '2017-03-23', 'Egypt', 'All - Egypt', '2', '4', '1597839767-83310605.pdf', null, '<a href=\"https://ccms.l-sh.me/annexes?search=contract_id:equal:33\"\' class=\"btn btn-default btn-sm\" role=\"button\" aria-disabled=\"true\"><i class=\"fa fa-paper-plane\"></i></a>', '<a href=\"https://ccms.l-sh.me/authorizations?search=contract_id:equal:33\"\' class=\"btn btn-default btn-sm\" role=\"button\" aria-disabled=\"true\"><i class=\"fa fa-paper-plane\"></i></a>', '<a href=\"https://ccms.l-sh.me/copyrights?search=contract_id:equal:33\"\' class=\"btn btn-default btn-sm\" role=\"button\" aria-disabled=\"true\"><i class=\"fa fa-paper-plane\"></i></a>', 'Salma Adel', '0', '2020-08-23 12:40:40', '2020-08-23 12:40:40', '1', '2', '0');
INSERT INTO `contracts` VALUES ('34', 'C#2020/08/19/1597841276', '9', 'Micro Finance (Reefy)- Application', '1', '0', '100', 'Optimal Technology Solutions', 'iVAS', '0', '0', '2016-01-17', '4', '2', '1', '2021-01-16', 'Egypt', 'All - Egypt', '2', '8', '1597841276-18421916.pdf', null, '<a href=\"https://ccms.l-sh.me/annexes?search=contract_id:equal:34\"\' class=\"btn btn-default btn-sm\" role=\"button\" aria-disabled=\"true\"><i class=\"fa fa-paper-plane\"></i></a>', '<a href=\"https://ccms.l-sh.me/authorizations?search=contract_id:equal:34\"\' class=\"btn btn-default btn-sm\" role=\"button\" aria-disabled=\"true\"><i class=\"fa fa-paper-plane\"></i></a>', '<a href=\"https://ccms.l-sh.me/copyrights?search=contract_id:equal:34\"\' class=\"btn btn-default btn-sm\" role=\"button\" aria-disabled=\"true\"><i class=\"fa fa-paper-plane\"></i></a>', 'Salma Adel', '0', '2020-08-23 12:41:16', '2020-08-23 12:41:16', '5', '2', '0');
INSERT INTO `contracts` VALUES ('35', 'C#2020/08/19/1597844903', '1', 'Free Music - Vas Service', '1', '0', '102', 'Free Music', 'iVAS', '30', '70', '2019-03-01', '1', '2', '0', '2020-02-29', 'Egypt,Kuwait,UAE', 'Zain - Kuwait,du - UAE,etisalat - Egypt', '2', '7', '1597844903-72940661.pdf', null, '<a href=\"https://ccms.l-sh.me/annexes?search=contract_id:equal:35\"\' class=\"btn btn-default btn-sm\" role=\"button\" aria-disabled=\"true\"><i class=\"fa fa-paper-plane\"></i></a>', '<a href=\"https://ccms.l-sh.me/authorizations?search=contract_id:equal:35\"\' class=\"btn btn-default btn-sm\" role=\"button\" aria-disabled=\"true\"><i class=\"fa fa-paper-plane\"></i></a>', '<a href=\"https://ccms.l-sh.me/copyrights?search=contract_id:equal:35\"\' class=\"btn btn-default btn-sm\" role=\"button\" aria-disabled=\"true\"><i class=\"fa fa-paper-plane\"></i></a>', 'Salma Adel', '0', '2020-09-16 06:13:10', '2020-08-23 12:41:45', '4', '2', '0');
INSERT INTO `contracts` VALUES ('36', 'C#2020/08/23/1598183319', '12', 'MBC -  مسابقه الكنز', '2', '1', '53', 'DigiZone', 'MBC', '0', '0', '2020-04-16', '3', '2', '1', '2023-04-15', 'All countries', 'All - All', '2', '8', '1598183319-83823357.pdf', 'نسبه كلا الطرفين متغيره على حسب صافى الايرادات', '<a href=\"https://ccms.l-sh.me/annexes?search=contract_id:equal:36\"\' class=\"btn btn-default btn-sm\" role=\"button\" aria-disabled=\"true\"><i class=\"fa fa-paper-plane\"></i></a>', '<a href=\"https://ccms.l-sh.me/authorizations?search=contract_id:equal:36\"\' class=\"btn btn-default btn-sm\" role=\"button\" aria-disabled=\"true\"><i class=\"fa fa-paper-plane\"></i></a>', '<a href=\"https://ccms.l-sh.me/copyrights?search=contract_id:equal:36\"\' class=\"btn btn-default btn-sm\" role=\"button\" aria-disabled=\"true\"><i class=\"fa fa-paper-plane\"></i></a>', 'Salma Adel', '0', '2020-08-23 09:58:29', '2020-08-23 09:48:39', '7', '2', '0');
INSERT INTO `contracts` VALUES ('37', 'C#2020/08/23/1598183500', '12', 'MBC - مسابقه الكنز', '2', '1', '53', 'DigiZone', 'MBC', '0', '0', '2020-04-16', '3', '2', '1', '2023-04-15', 'All countries', 'All - All', '2', '8', '1598183500-87916035.pdf', null, '<a href=\"https://ccms.l-sh.me/annexes?search=contract_id:equal:37\"\' class=\"btn btn-default btn-sm\" role=\"button\" aria-disabled=\"true\"><i class=\"fa fa-paper-plane\"></i></a>', '<a href=\"https://ccms.l-sh.me/authorizations?search=contract_id:equal:37\"\' class=\"btn btn-default btn-sm\" role=\"button\" aria-disabled=\"true\"><i class=\"fa fa-paper-plane\"></i></a>', '<a href=\"https://ccms.l-sh.me/copyrights?search=contract_id:equal:37\"\' class=\"btn btn-default btn-sm\" role=\"button\" aria-disabled=\"true\"><i class=\"fa fa-paper-plane\"></i></a>', 'Salma Adel', '0', '2020-08-23 09:51:40', '2020-08-23 09:51:40', '7', '2', '0');
INSERT INTO `contracts` VALUES ('38', 'C#2020/08/25/1598346171', '3', 'High Quality - Alafasy', '1', '0', '104', 'High Quality', 'iVAS', '0', '0', '2003-06-30', '4', '1', '1', '2008-06-29', 'All countries', 'All - All', '2', '8', '1598346171-32176908.pdf', null, '<a href=\"https://ccms.l-sh.me/annexes?search=contract_id:equal:38\"\' class=\"btn btn-default btn-sm\" role=\"button\" aria-disabled=\"true\"><i class=\"fa fa-paper-plane\"></i></a>', '<a href=\"https://ccms.l-sh.me/authorizations?search=contract_id:equal:38\"\' class=\"btn btn-default btn-sm\" role=\"button\" aria-disabled=\"true\"><i class=\"fa fa-paper-plane\"></i></a>', '<a href=\"https://ccms.l-sh.me/copyrights?search=contract_id:equal:38\"\' class=\"btn btn-default btn-sm\" role=\"button\" aria-disabled=\"true\"><i class=\"fa fa-paper-plane\"></i></a>', 'Sayed Aref', '0', '2020-09-06 12:31:14', '2020-08-25 07:02:51', '4', '2', '0');
INSERT INTO `contracts` VALUES ('39', 'C#2020/08/25/1598350913', '1', 'Music House - Youtube - Vas', '1', '0', '105', 'Music House', 'iVAS', '50', '50', '2017-07-19', '4', '1', '1', '2022-07-18', 'All countries', 'All - All', '3', '6', '1598350913-83420121.pdf', null, '<a href=\"https://ccms.l-sh.me/annexes?search=contract_id:equal:39\"\' class=\"btn btn-default btn-sm\" role=\"button\" aria-disabled=\"true\"><i class=\"fa fa-paper-plane\"></i></a>', '<a href=\"https://ccms.l-sh.me/authorizations?search=contract_id:equal:39\"\' class=\"btn btn-default btn-sm\" role=\"button\" aria-disabled=\"true\"><i class=\"fa fa-paper-plane\"></i></a>', '<a href=\"https://ccms.l-sh.me/copyrights?search=contract_id:equal:39\"\' class=\"btn btn-default btn-sm\" role=\"button\" aria-disabled=\"true\"><i class=\"fa fa-paper-plane\"></i></a>', 'Mohamed Al-Qurashy', '0', '2020-10-05 16:41:06', '2020-08-25 08:21:53', '4', '2', '0');
INSERT INTO `contracts` VALUES ('40', 'C#2020/08/25/1598352335', '4', 'T-Pay', '1', '0', '106', 'T-Pay', 'iVAS', '0', '0', '2018-02-27', '1', '1', '1', '2019-02-26', 'Egypt', 'Mobinil - Egypt,Vodafone - Egypt,etisalat - Egypt', '2', '8', '1598353802-90088927.pdf', null, '<a href=\"https://ccms.l-sh.me/annexes?search=contract_id:equal:40\"\' class=\"btn btn-default btn-sm\" role=\"button\" aria-disabled=\"true\"><i class=\"fa fa-paper-plane\"></i></a>', '<a href=\"https://ccms.l-sh.me/authorizations?search=contract_id:equal:40\"\' class=\"btn btn-default btn-sm\" role=\"button\" aria-disabled=\"true\"><i class=\"fa fa-paper-plane\"></i></a>', '<a href=\"https://ccms.l-sh.me/copyrights?search=contract_id:equal:40\"\' class=\"btn btn-default btn-sm\" role=\"button\" aria-disabled=\"true\"><i class=\"fa fa-paper-plane\"></i></a>', 'Salma Adel', '0', '2020-08-25 09:10:02', '2020-08-25 08:45:35', '5', '2', '0');
INSERT INTO `contracts` VALUES ('41', 'C#2020/08/25/1598356650', '1', 'Vas Mix', '1', '0', '103', 'Vas Mix', 'iVAS', '25', '75', '2014-10-01', '2', '2', '0', '2016-09-30', 'Egypt', 'Mobinil - Egypt', '2', '7', '1598356650-17447532.pdf', 'rbt نسبه محاسبه الطرفين فى خدمه ال \r\nهى الطرف الاول 35% والطرف الثاني 65%ن', '<a href=\"https://ccms.l-sh.me/annexes?search=contract_id:equal:41\"\' class=\"btn btn-default btn-sm\" role=\"button\" aria-disabled=\"true\"><i class=\"fa fa-paper-plane\"></i></a>', '<a href=\"https://ccms.l-sh.me/authorizations?search=contract_id:equal:41\"\' class=\"btn btn-default btn-sm\" role=\"button\" aria-disabled=\"true\"><i class=\"fa fa-paper-plane\"></i></a>', '<a href=\"https://ccms.l-sh.me/copyrights?search=contract_id:equal:41\"\' class=\"btn btn-default btn-sm\" role=\"button\" aria-disabled=\"true\"><i class=\"fa fa-paper-plane\"></i></a>', 'Sayed Aref', '0', '2020-09-24 12:43:30', '2020-08-25 09:57:30', '1', '2', '0');
INSERT INTO `contracts` VALUES ('42', 'C#2020/08/25/1598360433', '4', 'Tim We - Ooredoo - Ivas', '1', '0', '36', 'Tim We Qatar', 'iVAS', '0', '0', '2014-10-01', '2', '2', '0', '2016-09-30', 'Qatar', 'Ooredoo - Qatar', '3', '9', '1598360433-30889940.pdf', null, '<a href=\"https://ccms.l-sh.me/annexes?search=contract_id:equal:42\"\' class=\"btn btn-default btn-sm\" role=\"button\" aria-disabled=\"true\"><i class=\"fa fa-paper-plane\"></i></a>', '<a href=\"https://ccms.l-sh.me/authorizations?search=contract_id:equal:42\"\' class=\"btn btn-default btn-sm\" role=\"button\" aria-disabled=\"true\"><i class=\"fa fa-paper-plane\"></i></a>', '<a href=\"https://ccms.l-sh.me/copyrights?search=contract_id:equal:42\"\' class=\"btn btn-default btn-sm\" role=\"button\" aria-disabled=\"true\"><i class=\"fa fa-paper-plane\"></i></a>', 'Salma Adel', '0', '2020-09-16 06:13:35', '2020-08-25 11:00:33', '1', '2', '0');
INSERT INTO `contracts` VALUES ('43', 'C#2020/08/25/1598361526', '1', 'Tim we -Ivas', '1', '1', '36', 'iVAS', 'Tim We Qatar', '50', '50', '2015-06-01', '1', '1', '1', '2016-05-31', 'All countries', 'All - All', '2', '16', '1598361526-53965708.pdf', null, '<a href=\"https://ccms.l-sh.me/annexes?search=contract_id:equal:43\"\' class=\"btn btn-default btn-sm\" role=\"button\" aria-disabled=\"true\"><i class=\"fa fa-paper-plane\"></i></a>', '<a href=\"https://ccms.l-sh.me/authorizations?search=contract_id:equal:43\"\' class=\"btn btn-default btn-sm\" role=\"button\" aria-disabled=\"true\"><i class=\"fa fa-paper-plane\"></i></a>', '<a href=\"https://ccms.l-sh.me/copyrights?search=contract_id:equal:43\"\' class=\"btn btn-default btn-sm\" role=\"button\" aria-disabled=\"true\"><i class=\"fa fa-paper-plane\"></i></a>', 'Salma Adel', '0', '2020-08-25 11:18:46', '2020-08-25 11:18:46', '1', '2', '0');
INSERT INTO `contracts` VALUES ('44', 'C#2020/08/25/1598365736', '1', 'Celvas - Vas Service', '1', '0', '42', 'Celvas', 'iVAS', '20', '80', '2014-06-22', '1', '2', '0', '2015-06-21', 'Egypt', 'Mobinil - Egypt', '2', '7', '1598365736-69159416.pdf', null, '<a href=\"https://ccms.l-sh.me/annexes?search=contract_id:equal:44\"\' class=\"btn btn-default btn-sm\" role=\"button\" aria-disabled=\"true\"><i class=\"fa fa-paper-plane\"></i></a>', '<a href=\"https://ccms.l-sh.me/authorizations?search=contract_id:equal:44\"\' class=\"btn btn-default btn-sm\" role=\"button\" aria-disabled=\"true\"><i class=\"fa fa-paper-plane\"></i></a>', '<a href=\"https://ccms.l-sh.me/copyrights?search=contract_id:equal:44\"\' class=\"btn btn-default btn-sm\" role=\"button\" aria-disabled=\"true\"><i class=\"fa fa-paper-plane\"></i></a>', 'Salma Adel', '0', '2020-09-16 06:13:39', '2020-08-25 12:28:56', '1', '2', '0');
INSERT INTO `contracts` VALUES ('45', 'C#2020/08/25/1598367188', '2', 'Info2Cast -( Ivr -RBT )', '1', '1', '107', 'iVAS', 'Info2Cast', '50', '50', '2015-10-01', '2', '0', '0', '2017-09-30', 'Yaman', 'All - Yaman', '2', '7', '1598367188-47077780.pdf', null, '<a href=\"https://ccms.l-sh.me/annexes?search=contract_id:equal:45\"\' class=\"btn btn-default btn-sm\" role=\"button\" aria-disabled=\"true\"><i class=\"fa fa-paper-plane\"></i></a>', '<a href=\"https://ccms.l-sh.me/authorizations?search=contract_id:equal:45\"\' class=\"btn btn-default btn-sm\" role=\"button\" aria-disabled=\"true\"><i class=\"fa fa-paper-plane\"></i></a>', '<a href=\"https://ccms.l-sh.me/copyrights?search=contract_id:equal:45\"\' class=\"btn btn-default btn-sm\" role=\"button\" aria-disabled=\"true\"><i class=\"fa fa-paper-plane\"></i></a>', 'Salma Adel', '0', '2020-09-16 06:20:40', '2020-08-25 12:53:08', '1', '2', '0');
INSERT INTO `contracts` VALUES ('46', 'C#2020/08/25/1598367843', '3', 'Info2Cast', '1', '1', '107', 'iVAS', 'Info2Cast', '50', '50', '2014-10-01', '1', '0', '0', '2015-09-30', 'Yaman', 'All - Yaman', '2', '6', '1598367843-37996417.pdf', null, '<a href=\"https://ccms.l-sh.me/annexes?search=contract_id:equal:46\"\' class=\"btn btn-default btn-sm\" role=\"button\" aria-disabled=\"true\"><i class=\"fa fa-paper-plane\"></i></a>', '<a href=\"https://ccms.l-sh.me/authorizations?search=contract_id:equal:46\"\' class=\"btn btn-default btn-sm\" role=\"button\" aria-disabled=\"true\"><i class=\"fa fa-paper-plane\"></i></a>', '<a href=\"https://ccms.l-sh.me/copyrights?search=contract_id:equal:46\"\' class=\"btn btn-default btn-sm\" role=\"button\" aria-disabled=\"true\"><i class=\"fa fa-paper-plane\"></i></a>', 'Salma Adel', '0', '2020-09-16 06:19:33', '2020-08-25 13:04:03', '1', '2', '0');
INSERT INTO `contracts` VALUES ('47', 'C#2020/08/26/1598431927', '1', 'Egypt Links - Vas Service', '1', '1', '108', 'iVAS', 'Egypt Links', '70', '30', '2013-06-04', '3', '1', '1', '2016-06-04', 'Egypt', 'Vodafone - Egypt', '2', '6', '1598431927-12759814.pdf', null, '<a href=\"https://ccms.l-sh.me/annexes?search=contract_id:equal:47\"\' class=\"btn btn-default btn-sm\" role=\"button\" aria-disabled=\"true\"><i class=\"fa fa-paper-plane\"></i></a>', '<a href=\"https://ccms.l-sh.me/authorizations?search=contract_id:equal:47\"\' class=\"btn btn-default btn-sm\" role=\"button\" aria-disabled=\"true\"><i class=\"fa fa-paper-plane\"></i></a>', '<a href=\"https://ccms.l-sh.me/copyrights?search=contract_id:equal:47\"\' class=\"btn btn-default btn-sm\" role=\"button\" aria-disabled=\"true\"><i class=\"fa fa-paper-plane\"></i></a>', 'Salma Adel', '0', '2020-08-26 06:52:07', '2020-08-26 06:52:07', '1', '2', '0');
INSERT INTO `contracts` VALUES ('48', 'C#2020/08/26/1598435014', '1', 'One Global - Vas Service', '1', '0', '109', 'One Global', 'iVAS', '10', '90', '2014-09-05', '1', '2', '0', '2015-09-05', 'Jordan,Bahrain,Oman,Iraq', 'All - Iraq,ALL - Jordan,ALL - Bahrain,ALL - Oman', '2', '5', '1598435014-23978207.pdf', null, '<a href=\"https://ccms.l-sh.me/annexes?search=contract_id:equal:48\"\' class=\"btn btn-default btn-sm\" role=\"button\" aria-disabled=\"true\"><i class=\"fa fa-paper-plane\"></i></a>', '<a href=\"https://ccms.l-sh.me/authorizations?search=contract_id:equal:48\"\' class=\"btn btn-default btn-sm\" role=\"button\" aria-disabled=\"true\"><i class=\"fa fa-paper-plane\"></i></a>', '<a href=\"https://ccms.l-sh.me/copyrights?search=contract_id:equal:48\"\' class=\"btn btn-default btn-sm\" role=\"button\" aria-disabled=\"true\"><i class=\"fa fa-paper-plane\"></i></a>', 'Salma Adel', '0', '2020-09-16 06:17:53', '2020-08-26 07:43:34', '1', '2', '0');
INSERT INTO `contracts` VALUES ('49', 'C#2020/08/26/1598436530', '1', 'One Global -  Kuwait', '1', '0', '109', 'One Global', 'iVAS', '10', '90', '2014-09-05', '5', '2', '0', '2015-03-04', 'Kuwait', 'ALL - Kuwait', '2', '5', '1598437387-78239613.pdf', null, '<a href=\"https://ccms.l-sh.me/annexes?search=contract_id:equal:49\"\' class=\"btn btn-default btn-sm\" role=\"button\" aria-disabled=\"true\"><i class=\"fa fa-paper-plane\"></i></a>', '<a href=\"https://ccms.l-sh.me/authorizations?search=contract_id:equal:49\"\' class=\"btn btn-default btn-sm\" role=\"button\" aria-disabled=\"true\"><i class=\"fa fa-paper-plane\"></i></a>', '<a href=\"https://ccms.l-sh.me/copyrights?search=contract_id:equal:49\"\' class=\"btn btn-default btn-sm\" role=\"button\" aria-disabled=\"true\"><i class=\"fa fa-paper-plane\"></i></a>', 'Salma Adel', '0', '2020-09-16 06:18:07', '2020-08-26 08:08:50', '1', '2', '0');
INSERT INTO `contracts` VALUES ('50', 'C#2020/08/26/1598441636', '14', 'Negoom Fm - Youtube Service', '1', '1', '82', 'iVAS', 'Negoom fm', '0', '0', '2019-07-01', '1', '2', '0', '2020-06-30', 'All countries', 'All - All', '2', '4', '1598441636-12482404.pdf', null, '<a href=\"https://ccms.l-sh.me/annexes?search=contract_id:equal:50\"\' class=\"btn btn-default btn-sm\" role=\"button\" aria-disabled=\"true\"><i class=\"fa fa-paper-plane\"></i></a>', '<a href=\"https://ccms.l-sh.me/authorizations?search=contract_id:equal:50\"\' class=\"btn btn-default btn-sm\" role=\"button\" aria-disabled=\"true\"><i class=\"fa fa-paper-plane\"></i></a>', '<a href=\"https://ccms.l-sh.me/copyrights?search=contract_id:equal:50\"\' class=\"btn btn-default btn-sm\" role=\"button\" aria-disabled=\"true\"><i class=\"fa fa-paper-plane\"></i></a>', 'Salma Adel', '0', '2020-09-16 06:17:26', '2020-08-26 09:33:56', '8', '2', '0');
INSERT INTO `contracts` VALUES ('51', 'C#2020/08/26/1598443774', '3', 'Mondia Media - Alert Service', '1', '1', '110', 'iVAS', 'Mondia Media', '0', '0', '2018-05-01', '1', '1', '1', '2019-04-30', 'Egypt,UAE', 'du - UAE,etisalat - Egypt', '2', '13', '1598443774-87085244.pdf', null, '<a href=\"https://ccms.l-sh.me/annexes?search=contract_id:equal:51\"\' class=\"btn btn-default btn-sm\" role=\"button\" aria-disabled=\"true\"><i class=\"fa fa-paper-plane\"></i></a>', '<a href=\"https://ccms.l-sh.me/authorizations?search=contract_id:equal:51\"\' class=\"btn btn-default btn-sm\" role=\"button\" aria-disabled=\"true\"><i class=\"fa fa-paper-plane\"></i></a>', '<a href=\"https://ccms.l-sh.me/copyrights?search=contract_id:equal:51\"\' class=\"btn btn-default btn-sm\" role=\"button\" aria-disabled=\"true\"><i class=\"fa fa-paper-plane\"></i></a>', 'Mohamed Al-Qurashy', '0', '2020-10-05 17:29:09', '2020-08-26 10:09:34', '1', '2', '0');
INSERT INTO `contracts` VALUES ('52', 'C#2020/08/27/1598515862', '1', 'MCC - مشاري العفاسي', '1', '0', '111', 'Mobile Channel Company', 'iVAS', '10', '90', '2014-10-01', '1', '2', '0', '2015-09-30', 'KSA', 'STC - KSA,Zain - KSA,Mobily - KSA', '2', '5', '1598515862-93788993.pdf', null, '<a href=\"https://ccms.l-sh.me/annexes?search=contract_id:equal:52\"\' class=\"btn btn-default btn-sm\" role=\"button\" aria-disabled=\"true\"><i class=\"fa fa-paper-plane\"></i></a>', '<a href=\"https://ccms.l-sh.me/authorizations?search=contract_id:equal:52\"\' class=\"btn btn-default btn-sm\" role=\"button\" aria-disabled=\"true\"><i class=\"fa fa-paper-plane\"></i></a>', '<a href=\"https://ccms.l-sh.me/copyrights?search=contract_id:equal:52\"\' class=\"btn btn-default btn-sm\" role=\"button\" aria-disabled=\"true\"><i class=\"fa fa-paper-plane\"></i></a>', 'Sayed Aref', '0', '2020-09-06 12:27:53', '2020-08-27 06:11:02', '1', '2', '0');
INSERT INTO `contracts` VALUES ('53', 'C#2020/08/27/1598516750', '1', 'MCC - حامد زيد', '1', '0', '111', 'Mobile Channel Company', 'iVAS', '10', '90', '2014-10-01', '1', '2', '0', '2015-09-30', 'KSA', 'STC - KSA,Zain - KSA,Mobily - KSA', '2', '4', '1598516750-81893117.pdf', null, '<a href=\"https://ccms.l-sh.me/annexes?search=contract_id:equal:53\"\' class=\"btn btn-default btn-sm\" role=\"button\" aria-disabled=\"true\"><i class=\"fa fa-paper-plane\"></i></a>', '<a href=\"https://ccms.l-sh.me/authorizations?search=contract_id:equal:53\"\' class=\"btn btn-default btn-sm\" role=\"button\" aria-disabled=\"true\"><i class=\"fa fa-paper-plane\"></i></a>', '<a href=\"https://ccms.l-sh.me/copyrights?search=contract_id:equal:53\"\' class=\"btn btn-default btn-sm\" role=\"button\" aria-disabled=\"true\"><i class=\"fa fa-paper-plane\"></i></a>', 'Sayed Aref', '0', '2020-09-06 12:31:40', '2020-08-27 06:25:50', '1', '2', '0');
INSERT INTO `contracts` VALUES ('54', 'C#2020/08/27/1598518136', '2', 'MCC -  RBT Service', '1', '0', '111', 'Mobile Channel Company', 'iVAS', '50', '50', '2014-05-18', '2', '1', '1', '2016-05-17', 'KSA', 'STC - KSA,Zain - KSA,Mobily - KSA', '2', '5', '1598518136-23946339.pdf', 'النسخة الموجودةغير موقعة من الطرف الثاني', '<a href=\"https://ccms.l-sh.me/annexes?search=contract_id:equal:54\"\' class=\"btn btn-default btn-sm\" role=\"button\" aria-disabled=\"true\"><i class=\"fa fa-paper-plane\"></i></a>', '<a href=\"https://ccms.l-sh.me/authorizations?search=contract_id:equal:54\"\' class=\"btn btn-default btn-sm\" role=\"button\" aria-disabled=\"true\"><i class=\"fa fa-paper-plane\"></i></a>', '<a href=\"https://ccms.l-sh.me/copyrights?search=contract_id:equal:54\"\' class=\"btn btn-default btn-sm\" role=\"button\" aria-disabled=\"true\"><i class=\"fa fa-paper-plane\"></i></a>', 'Mohamed Al-Qurashy', '0', '2020-10-05 17:35:47', '2020-08-27 06:48:56', '1', '2', '0');
INSERT INTO `contracts` VALUES ('55', 'C#2020/08/27/1598539638', '2', 'Mobi Zone - RBT Service', '1', '1', '112', 'iVAS', 'Mobi Zone', '75', '25', '2018-05-14', '1', '2', '0', '2019-05-13', 'KSA', 'STC - KSA,Zain - KSA,Mobily - KSA', '2', '6', '1598539638-15103779.pdf', null, '<a href=\"https://ccms.l-sh.me/annexes?search=contract_id:equal:55\"\' class=\"btn btn-default btn-sm\" role=\"button\" aria-disabled=\"true\"><i class=\"fa fa-paper-plane\"></i></a>', '<a href=\"https://ccms.l-sh.me/authorizations?search=contract_id:equal:55\"\' class=\"btn btn-default btn-sm\" role=\"button\" aria-disabled=\"true\"><i class=\"fa fa-paper-plane\"></i></a>', '<a href=\"https://ccms.l-sh.me/copyrights?search=contract_id:equal:55\"\' class=\"btn btn-default btn-sm\" role=\"button\" aria-disabled=\"true\"><i class=\"fa fa-paper-plane\"></i></a>', 'Salma Adel', '0', '2020-09-16 06:23:33', '2020-08-27 12:47:18', '1', '2', '0');
INSERT INTO `contracts` VALUES ('56', 'C#2020/08/27/1598540364', '4', 'Mobi Zone - Sms ( Instant Win )', '2', '0', '112', 'Mobi Zone', 'DigiZone', '80', '20', '2018-10-17', '1', '1', '1', '2019-10-16', 'Kuwait', 'Zain - Kuwait', '2', '8', '1598540364-86959905.pdf', null, '<a href=\"https://ccms.l-sh.me/annexes?search=contract_id:equal:56\"\' class=\"btn btn-default btn-sm\" role=\"button\" aria-disabled=\"true\"><i class=\"fa fa-paper-plane\"></i></a>', '<a href=\"https://ccms.l-sh.me/authorizations?search=contract_id:equal:56\"\' class=\"btn btn-default btn-sm\" role=\"button\" aria-disabled=\"true\"><i class=\"fa fa-paper-plane\"></i></a>', '<a href=\"https://ccms.l-sh.me/copyrights?search=contract_id:equal:56\"\' class=\"btn btn-default btn-sm\" role=\"button\" aria-disabled=\"true\"><i class=\"fa fa-paper-plane\"></i></a>', 'Salma Adel', '0', '2020-08-27 12:59:24', '2020-08-27 12:59:24', '1', '2', '0');
INSERT INTO `contracts` VALUES ('57', 'C#2020/08/30/1598777514', '1', 'Mobi Zone - Vas Service', '1', '1', '112', 'iVAS', 'Mobi Zone', '80', '20', '2018-08-01', '1', '2', '0', '2019-07-31', 'KSA', 'STC - KSA,Zain - KSA,Mobily - KSA', '2', '8', '1598777514-4085935.pdf', 'تم فسخ العقد في 2018-09-03', '<a href=\"https://ccms.l-sh.me/annexes?search=contract_id:equal:57\"\' class=\"btn btn-default btn-sm\" role=\"button\" aria-disabled=\"true\"><i class=\"fa fa-paper-plane\"></i></a>', '<a href=\"https://ccms.l-sh.me/authorizations?search=contract_id:equal:57\"\' class=\"btn btn-default btn-sm\" role=\"button\" aria-disabled=\"true\"><i class=\"fa fa-paper-plane\"></i></a>', '<a href=\"https://ccms.l-sh.me/copyrights?search=contract_id:equal:57\"\' class=\"btn btn-default btn-sm\" role=\"button\" aria-disabled=\"true\"><i class=\"fa fa-paper-plane\"></i></a>', 'Salma Adel', '0', '2020-09-28 16:20:00', '2020-08-30 06:51:54', '1', '2', '0');
INSERT INTO `contracts` VALUES ('58', 'C#2020/08/30/1598782309', '1', 'Mobi Zone - Digizone', '2', '1', '112', 'DigiZone', 'Mobi Zone', '80', '20', '2019-08-01', '1', '2', '0', '2020-07-31', 'KSA', 'STC - KSA,Zain - KSA,Mobily - KSA', '2', '10', '1598782309-97672855.pdf', null, '<a href=\"https://ccms.l-sh.me/annexes?search=contract_id:equal:58\"\' class=\"btn btn-default btn-sm\" role=\"button\" aria-disabled=\"true\"><i class=\"fa fa-paper-plane\"></i></a>', '<a href=\"https://ccms.l-sh.me/authorizations?search=contract_id:equal:58\"\' class=\"btn btn-default btn-sm\" role=\"button\" aria-disabled=\"true\"><i class=\"fa fa-paper-plane\"></i></a>', '<a href=\"https://ccms.l-sh.me/copyrights?search=contract_id:equal:58\"\' class=\"btn btn-default btn-sm\" role=\"button\" aria-disabled=\"true\"><i class=\"fa fa-paper-plane\"></i></a>', 'Salma Adel', '0', '2020-09-16 06:22:56', '2020-08-30 08:11:49', '1', '2', '0');
INSERT INTO `contracts` VALUES ('59', 'C#2020/08/30/1598791059', '2', 'Qanwat Dubai - RBT', '1', '1', '26', 'iVAS', 'Qanawat Dubai', '70', '30', '2015-12-01', '3', '2', '0', '2019-03-31', 'KSA,UAE,Tunisia,Moroco,Algeria,Jordan,Qatar,Sudan,Oman,Iraq', 'All - Iraq,Inwi - Morocco,Maroc Telecom - Morocco,Ooredoo - Qatar,MTN - Sudan,Orange - Tunisia,etisalat - UAE,Umniah - Jordan,orange - Jordan,Virgin - KSA,Omantel - Oman,ooredoo - Algeria', '2', '5', '1598791059-72994658.pdf', null, '<a href=\"https://ccms.l-sh.me/annexes?search=contract_id:equal:59\"\' class=\"btn btn-default btn-sm\" role=\"button\" aria-disabled=\"true\"><i class=\"fa fa-paper-plane\"></i></a>', '<a href=\"https://ccms.l-sh.me/authorizations?search=contract_id:equal:59\"\' class=\"btn btn-default btn-sm\" role=\"button\" aria-disabled=\"true\"><i class=\"fa fa-paper-plane\"></i></a>', '<a href=\"https://ccms.l-sh.me/copyrights?search=contract_id:equal:59\"\' class=\"btn btn-default btn-sm\" role=\"button\" aria-disabled=\"true\"><i class=\"fa fa-paper-plane\"></i></a>', 'Salma Adel', '0', '2020-09-16 06:22:02', '2020-08-30 10:37:39', '1', '2', '0');
INSERT INTO `contracts` VALUES ('60', 'C#2020/08/30/1598793163', '2', 'Qanwat Dubai - RBT Digizone', '2', '1', '26', 'DigiZone', 'Qanawat Dubai', '70', '30', '2019-04-01', '1', '2', '0', '2020-03-31', 'Kuwait,KSA,UAE,Tunisia,Jordan,Qatar,Oman,Iraq', 'Zain - Iraq,Ooredoo - Qatar,Mobily - KSA,Orange - Tunisia,Viva - Kuwait,etisalat - UAE,orange - Jordan,Virgin - KSA,Omantel - Oman', '2', '6', '1598793163-84549653.pdf', null, '<a href=\"https://ccms.l-sh.me/annexes?search=contract_id:equal:60\"\' class=\"btn btn-default btn-sm\" role=\"button\" aria-disabled=\"true\"><i class=\"fa fa-paper-plane\"></i></a>', '<a href=\"https://ccms.l-sh.me/authorizations?search=contract_id:equal:60\"\' class=\"btn btn-default btn-sm\" role=\"button\" aria-disabled=\"true\"><i class=\"fa fa-paper-plane\"></i></a>', '<a href=\"https://ccms.l-sh.me/copyrights?search=contract_id:equal:60\"\' class=\"btn btn-default btn-sm\" role=\"button\" aria-disabled=\"true\"><i class=\"fa fa-paper-plane\"></i></a>', 'Salma Adel', '0', '2020-09-16 06:21:49', '2020-08-30 11:12:43', '1', '2', '0');
INSERT INTO `contracts` VALUES ('61', 'C#2020/08/30/1598798744', '1', 'TA Telecome -Vas Service', '1', '1', '118', 'iVAS', 'Mesk Company for islamic production', '50', '50', '2014-07-14', '3', '1', '1', '2017-07-13', 'All countries', 'All - All', '2', '6', '1598798744-33551495.pdf', null, '<a href=\"https://ccms.l-sh.me/annexes?search=contract_id:equal:61\"\' class=\"btn btn-default btn-sm\" role=\"button\" aria-disabled=\"true\"><i class=\"fa fa-paper-plane\"></i></a>', '<a href=\"https://ccms.l-sh.me/authorizations?search=contract_id:equal:61\"\' class=\"btn btn-default btn-sm\" role=\"button\" aria-disabled=\"true\"><i class=\"fa fa-paper-plane\"></i></a>', '<a href=\"https://ccms.l-sh.me/copyrights?search=contract_id:equal:61\"\' class=\"btn btn-default btn-sm\" role=\"button\" aria-disabled=\"true\"><i class=\"fa fa-paper-plane\"></i></a>', 'Salma Adel', '0', '2020-08-31 09:55:40', '2020-08-30 12:45:44', '4', '2', '0');
INSERT INTO `contracts` VALUES ('62', 'C#2020/08/31/1598867564', '1', 'TA Telecome - Amina Shelbaya', '1', '1', '114', 'iVAS', 'Amina Shelbaya', '50', '50', '2013-05-21', '3', '1', '1', '2016-05-20', 'Egypt,Kuwait,KSA,Sudan', 'Mobinil - Egypt,Vodafone - Egypt,Zain - Kuwait,Zain - Sudan,Sudani One - Sudan,STC - KSA,Zain - KSA,Mobily - KSA,etisalat - Egypt,Sudatel - Sudan', '2', '11', '1598867564-55348645.pdf', null, '<a href=\"https://ccms.l-sh.me/annexes?search=contract_id:equal:62\"\' class=\"btn btn-default btn-sm\" role=\"button\" aria-disabled=\"true\"><i class=\"fa fa-paper-plane\"></i></a>', '<a href=\"https://ccms.l-sh.me/authorizations?search=contract_id:equal:62\"\' class=\"btn btn-default btn-sm\" role=\"button\" aria-disabled=\"true\"><i class=\"fa fa-paper-plane\"></i></a>', '<a href=\"https://ccms.l-sh.me/copyrights?search=contract_id:equal:62\"\' class=\"btn btn-default btn-sm\" role=\"button\" aria-disabled=\"true\"><i class=\"fa fa-paper-plane\"></i></a>', 'Salma Adel', '0', '2020-08-31 07:52:44', '2020-08-31 07:52:44', '2', '2', '0');
INSERT INTO `contracts` VALUES ('63', 'C#2020/08/31/1598868634', '3', 'TA Telecome - Bahaa El Din', '1', '1', '115', 'iVAS', 'Bahaa El Din', '35', '65', '2013-06-02', '2', '1', '1', '2015-06-01', 'Egypt', 'Vodafone - Egypt,etisalat - Egypt', '2', '9', '1598868634-50789122.pdf', null, '<a href=\"https://ccms.l-sh.me/annexes?search=contract_id:equal:63\"\' class=\"btn btn-default btn-sm\" role=\"button\" aria-disabled=\"true\"><i class=\"fa fa-paper-plane\"></i></a>', '<a href=\"https://ccms.l-sh.me/authorizations?search=contract_id:equal:63\"\' class=\"btn btn-default btn-sm\" role=\"button\" aria-disabled=\"true\"><i class=\"fa fa-paper-plane\"></i></a>', '<a href=\"https://ccms.l-sh.me/copyrights?search=contract_id:equal:63\"\' class=\"btn btn-default btn-sm\" role=\"button\" aria-disabled=\"true\"><i class=\"fa fa-paper-plane\"></i></a>', 'Salma Adel', '0', '2020-08-31 08:10:34', '2020-08-31 08:10:34', '2', '2', '0');
INSERT INTO `contracts` VALUES ('64', 'C#2020/08/31/1598869998', '1', 'TA Telecome - Lamiaa Abdelziz', '1', '1', '52', 'iVAS', 'Lamiaa Abd Al Aziz', '60', '40', '2014-06-01', '3', '1', '1', '2017-05-31', 'All countries', 'All - All', '2', '7', '1598869998-15946191.pdf', null, '<a href=\"https://ccms.l-sh.me/annexes?search=contract_id:equal:64\"\' class=\"btn btn-default btn-sm\" role=\"button\" aria-disabled=\"true\"><i class=\"fa fa-paper-plane\"></i></a>', '<a href=\"https://ccms.l-sh.me/authorizations?search=contract_id:equal:64\"\' class=\"btn btn-default btn-sm\" role=\"button\" aria-disabled=\"true\"><i class=\"fa fa-paper-plane\"></i></a>', '<a href=\"https://ccms.l-sh.me/copyrights?search=contract_id:equal:64\"\' class=\"btn btn-default btn-sm\" role=\"button\" aria-disabled=\"true\"><i class=\"fa fa-paper-plane\"></i></a>', 'Salma Adel', '0', '2020-08-31 08:33:18', '2020-08-31 08:33:18', '2', '2', '0');
INSERT INTO `contracts` VALUES ('65', 'C#2020/08/31/1598874509', '1', 'TA Telecome - Ivas', '1', '0', '117', 'TA Telecome', 'iVAS', '30', '70', '2013-09-26', '3', '1', '1', '2016-09-26', 'Egypt', 'etisalat - Egypt', '2', '12', '1598874509-81121915.pdf', null, '<a href=\"https://ccms.l-sh.me/annexes?search=contract_id:equal:65\"\' class=\"btn btn-default btn-sm\" role=\"button\" aria-disabled=\"true\"><i class=\"fa fa-paper-plane\"></i></a>', '<a href=\"https://ccms.l-sh.me/authorizations?search=contract_id:equal:65\"\' class=\"btn btn-default btn-sm\" role=\"button\" aria-disabled=\"true\"><i class=\"fa fa-paper-plane\"></i></a>', '<a href=\"https://ccms.l-sh.me/copyrights?search=contract_id:equal:65\"\' class=\"btn btn-default btn-sm\" role=\"button\" aria-disabled=\"true\"><i class=\"fa fa-paper-plane\"></i></a>', 'Salma Adel', '0', '2020-08-31 09:52:41', '2020-08-31 09:48:29', '1', '2', '0');
INSERT INTO `contracts` VALUES ('66', 'C#2020/08/31/1598877622', '1', 'TA Telecome - Etisalat Afghanistan', '1', '0', '117', 'TA Telecome', 'iVAS', '30', '70', '2015-08-11', '1', '1', '1', '2016-08-10', 'Afghanistan', 'Etisalat - Afghanistan', '2', '14', '1598877622-82759589.pdf', null, '<a href=\"https://ccms.l-sh.me/annexes?search=contract_id:equal:66\"\' class=\"btn btn-default btn-sm\" role=\"button\" aria-disabled=\"true\"><i class=\"fa fa-paper-plane\"></i></a>', '<a href=\"https://ccms.l-sh.me/authorizations?search=contract_id:equal:66\"\' class=\"btn btn-default btn-sm\" role=\"button\" aria-disabled=\"true\"><i class=\"fa fa-paper-plane\"></i></a>', '<a href=\"https://ccms.l-sh.me/copyrights?search=contract_id:equal:66\"\' class=\"btn btn-default btn-sm\" role=\"button\" aria-disabled=\"true\"><i class=\"fa fa-paper-plane\"></i></a>', 'Mohamed Al-Qurashy', '0', '2020-10-07 12:56:13', '2020-08-31 10:40:22', '1', '2', '0');
INSERT INTO `contracts` VALUES ('67', 'C#2020/08/31/1598880644', '3', 'TA Telecome - Rwanda', '1', '0', '117', 'TA Telecome', 'iVAS', '30', '70', '2014-01-01', '3', '1', '1', '2016-12-31', 'Rwanda', 'ALL - Rwanda', '2', '13', '1598880644-68466853.pdf', null, '<a href=\"https://ccms.l-sh.me/annexes?search=contract_id:equal:67\"\' class=\"btn btn-default btn-sm\" role=\"button\" aria-disabled=\"true\"><i class=\"fa fa-paper-plane\"></i></a>', '<a href=\"https://ccms.l-sh.me/authorizations?search=contract_id:equal:67\"\' class=\"btn btn-default btn-sm\" role=\"button\" aria-disabled=\"true\"><i class=\"fa fa-paper-plane\"></i></a>', '<a href=\"https://ccms.l-sh.me/copyrights?search=contract_id:equal:67\"\' class=\"btn btn-default btn-sm\" role=\"button\" aria-disabled=\"true\"><i class=\"fa fa-paper-plane\"></i></a>', 'Salma Adel', '0', '2020-08-31 11:30:44', '2020-08-31 11:30:44', '1', '2', '0');
INSERT INTO `contracts` VALUES ('68', 'C#2020/08/31/1598882756', '1', 'Elwadi Newspaper - Vas Service', '1', '1', '119', 'iVAS', 'Elwadi Newspaper', '40', '60', '2014-03-09', '3', '1', '1', '2017-03-08', 'All countries', 'All - All', '2', '8', '1598882756-31964890.pdf', null, '<a href=\"https://ccms.l-sh.me/annexes?search=contract_id:equal:68\"\' class=\"btn btn-default btn-sm\" role=\"button\" aria-disabled=\"true\"><i class=\"fa fa-paper-plane\"></i></a>', '<a href=\"https://ccms.l-sh.me/authorizations?search=contract_id:equal:68\"\' class=\"btn btn-default btn-sm\" role=\"button\" aria-disabled=\"true\"><i class=\"fa fa-paper-plane\"></i></a>', '<a href=\"https://ccms.l-sh.me/copyrights?search=contract_id:equal:68\"\' class=\"btn btn-default btn-sm\" role=\"button\" aria-disabled=\"true\"><i class=\"fa fa-paper-plane\"></i></a>', 'Salma Adel', '0', '2020-08-31 12:05:56', '2020-08-31 12:05:56', '1', '2', '0');
INSERT INTO `contracts` VALUES ('69', 'C#2020/08/31/1598883263', '2', 'Yasmin Ali - RBT', '1', '0', '120', 'Yasmin Ali', 'iVAS', '50', '50', '2020-08-16', '3', '1', '1', '2023-08-15', 'All countries', 'All - All', '2', '5', '1598883263-20253586.pdf', null, '<a href=\"https://ccms.l-sh.me/annexes?search=contract_id:equal:69\"\' class=\"btn btn-default btn-sm\" role=\"button\" aria-disabled=\"true\"><i class=\"fa fa-paper-plane\"></i></a>', '<a href=\"https://ccms.l-sh.me/authorizations?search=contract_id:equal:69\"\' class=\"btn btn-default btn-sm\" role=\"button\" aria-disabled=\"true\"><i class=\"fa fa-paper-plane\"></i></a>', '<a href=\"https://ccms.l-sh.me/copyrights?search=contract_id:equal:69\"\' class=\"btn btn-default btn-sm\" role=\"button\" aria-disabled=\"true\"><i class=\"fa fa-paper-plane\"></i></a>', 'Salma Adel', '0', '2020-08-31 12:14:23', '2020-08-31 12:14:23', '2', '2', '0');
INSERT INTO `contracts` VALUES ('70', 'C#2020/08/31/1598883289', '2', 'Yasmin Ali - RBT', '1', '0', '120', 'Yasmin Ali', 'iVAS', '50', '50', '2020-08-16', '3', '1', '1', '2023-08-15', 'All countries', 'All - All', '2', '5', '1598883289-91491127.pdf', null, '<a href=\"https://ccms.l-sh.me/annexes?search=contract_id:equal:70\"\' class=\"btn btn-default btn-sm\" role=\"button\" aria-disabled=\"true\"><i class=\"fa fa-paper-plane\"></i></a>', '<a href=\"https://ccms.l-sh.me/authorizations?search=contract_id:equal:70\"\' class=\"btn btn-default btn-sm\" role=\"button\" aria-disabled=\"true\"><i class=\"fa fa-paper-plane\"></i></a>', '<a href=\"https://ccms.l-sh.me/copyrights?search=contract_id:equal:70\"\' class=\"btn btn-default btn-sm\" role=\"button\" aria-disabled=\"true\"><i class=\"fa fa-paper-plane\"></i></a>', 'Salma Adel', '0', '2020-08-31 12:14:49', '2020-08-31 12:14:49', '2', '2', '0');
INSERT INTO `contracts` VALUES ('71', 'C#2020/09/01/1598960947', '1', 'Smart Technology - Vas', '1', '1', '24', 'iVAS', 'Smart Technology', '50', '50', '2013-11-06', '1', '0', '0', '2014-11-05', 'Tunisia', 'All - Tunisia', '2', '6', '1598960947-28074702.pdf', null, '<a href=\"https://ccms.l-sh.me/annexes?search=contract_id:equal:71\"\' class=\"btn btn-default btn-sm\" role=\"button\" aria-disabled=\"true\"><i class=\"fa fa-paper-plane\"></i></a>', '<a href=\"https://ccms.l-sh.me/authorizations?search=contract_id:equal:71\"\' class=\"btn btn-default btn-sm\" role=\"button\" aria-disabled=\"true\"><i class=\"fa fa-paper-plane\"></i></a>', '<a href=\"https://ccms.l-sh.me/copyrights?search=contract_id:equal:71\"\' class=\"btn btn-default btn-sm\" role=\"button\" aria-disabled=\"true\"><i class=\"fa fa-paper-plane\"></i></a>', 'Mohamed Al-Qurashy', '0', '2020-10-07 12:59:10', '2020-09-01 09:49:07', '1', '2', '0');
INSERT INTO `contracts` VALUES ('72', 'C#2020/09/01/1598961126', '1', 'Smart Technology - Vas Service - لطفى بوشناق', '1', '0', '24', 'Smart Technology', 'iVAS', '40', '60', '2014-10-02', '3', '1', '1', '2017-10-01', 'Tunisia', 'All - Tunisia', '2', '8', '1598961126-70658239.pdf', null, '<a href=\"https://ccms.l-sh.me/annexes?search=contract_id:equal:72\"\' class=\"btn btn-default btn-sm\" role=\"button\" aria-disabled=\"true\"><i class=\"fa fa-paper-plane\"></i></a>', '<a href=\"https://ccms.l-sh.me/authorizations?search=contract_id:equal:72\"\' class=\"btn btn-default btn-sm\" role=\"button\" aria-disabled=\"true\"><i class=\"fa fa-paper-plane\"></i></a>', '<a href=\"https://ccms.l-sh.me/copyrights?search=contract_id:equal:72\"\' class=\"btn btn-default btn-sm\" role=\"button\" aria-disabled=\"true\"><i class=\"fa fa-paper-plane\"></i></a>', 'Salma Adel', '0', '2020-09-01 11:11:34', '2020-09-01 09:52:06', '1', '2', '0');
INSERT INTO `contracts` VALUES ('73', 'C#2020/09/01/1598961348', '4', 'Smart Technology - Sms , Mms', '1', '0', '24', 'Smart Technology', 'iVAS', '40', '60', '2016-10-01', '1', '2', '0', '2017-05-31', 'Tunisia', 'All - Tunisia', '2', '4', '1598961348-70519871.pdf', null, '<a href=\"https://ccms.l-sh.me/annexes?search=contract_id:equal:73\"\' class=\"btn btn-default btn-sm\" role=\"button\" aria-disabled=\"true\"><i class=\"fa fa-paper-plane\"></i></a>', '<a href=\"https://ccms.l-sh.me/authorizations?search=contract_id:equal:73\"\' class=\"btn btn-default btn-sm\" role=\"button\" aria-disabled=\"true\"><i class=\"fa fa-paper-plane\"></i></a>', '<a href=\"https://ccms.l-sh.me/copyrights?search=contract_id:equal:73\"\' class=\"btn btn-default btn-sm\" role=\"button\" aria-disabled=\"true\"><i class=\"fa fa-paper-plane\"></i></a>', 'Salma Adel', '0', '2020-09-16 06:25:40', '2020-09-01 09:55:48', '1', '2', '0');
INSERT INTO `contracts` VALUES ('74', 'C#2020/09/01/1598963429', '1', 'Smart Technology - مشاري راشد', '1', '0', '24', 'Smart Technology', 'iVAS', '40', '60', '2014-10-01', '1', '2', '0', '2015-09-30', 'Tunisia', 'All - Tunisia', '2', '4', '1598963429-63986548.pdf', null, '<a href=\"https://ccms.l-sh.me/annexes?search=contract_id:equal:74\"\' class=\"btn btn-default btn-sm\" role=\"button\" aria-disabled=\"true\"><i class=\"fa fa-paper-plane\"></i></a>', '<a href=\"https://ccms.l-sh.me/authorizations?search=contract_id:equal:74\"\' class=\"btn btn-default btn-sm\" role=\"button\" aria-disabled=\"true\"><i class=\"fa fa-paper-plane\"></i></a>', '<a href=\"https://ccms.l-sh.me/copyrights?search=contract_id:equal:74\"\' class=\"btn btn-default btn-sm\" role=\"button\" aria-disabled=\"true\"><i class=\"fa fa-paper-plane\"></i></a>', 'Salma Adel', '0', '2020-09-16 06:25:28', '2020-09-01 10:30:29', '1', '2', '0');
INSERT INTO `contracts` VALUES ('75', 'C#2020/09/01/1598976909', '11', 'Sign Out Media - Uniball', '1', '0', '46', 'Sign Out Media', 'iVAS', '0', '0', '2017-03-27', '1', '0', '0', '2018-03-26', 'Egypt', 'All - Egypt', '2', '2', '1598976909-78060268.pdf', null, '<a href=\"https://ccms.l-sh.me/annexes?search=contract_id:equal:75\"\' class=\"btn btn-default btn-sm\" role=\"button\" aria-disabled=\"true\"><i class=\"fa fa-paper-plane\"></i></a>', '<a href=\"https://ccms.l-sh.me/authorizations?search=contract_id:equal:75\"\' class=\"btn btn-default btn-sm\" role=\"button\" aria-disabled=\"true\"><i class=\"fa fa-paper-plane\"></i></a>', '<a href=\"https://ccms.l-sh.me/copyrights?search=contract_id:equal:75\"\' class=\"btn btn-default btn-sm\" role=\"button\" aria-disabled=\"true\"><i class=\"fa fa-paper-plane\"></i></a>', 'Salma Adel', '0', '2020-09-16 06:33:11', '2020-09-01 14:15:09', '5', '2', '0');
INSERT INTO `contracts` VALUES ('76', 'C#2020/09/02/1599042910', '2', 'On Mobile', '2', '1', '121', 'DigiZone', 'On Mobile', '28', '72', '2018-05-15', '1', '1', '1', '2019-05-14', 'UAE', 'du - UAE', '2', '9', '1599042910-14210602.pdf', null, '<a href=\"https://ccms.l-sh.me/annexes?search=contract_id:equal:76\"\' class=\"btn btn-default btn-sm\" role=\"button\" aria-disabled=\"true\"><i class=\"fa fa-paper-plane\"></i></a>', '<a href=\"https://ccms.l-sh.me/authorizations?search=contract_id:equal:76\"\' class=\"btn btn-default btn-sm\" role=\"button\" aria-disabled=\"true\"><i class=\"fa fa-paper-plane\"></i></a>', '<a href=\"https://ccms.l-sh.me/copyrights?search=contract_id:equal:76\"\' class=\"btn btn-default btn-sm\" role=\"button\" aria-disabled=\"true\"><i class=\"fa fa-paper-plane\"></i></a>', 'Mohamed Al-Qurashy', '0', '2020-10-07 16:31:36', '2020-09-02 08:35:10', '1', '2', '0');
INSERT INTO `contracts` VALUES ('77', 'C#2020/09/02/1599044747', '4', 'Qanawat - (Sms-Mms) Service', '1', '0', '122', 'Qanawat', 'iVAS', '70', '30', '2019-11-03', '1', '2', '1', '2020-11-02', 'Egypt', 'etisalat - Egypt', '2', '5', '1599044747-82620315.pdf', null, '<a href=\"https://ccms.l-sh.me/annexes?search=contract_id:equal:77\"\' class=\"btn btn-default btn-sm\" role=\"button\" aria-disabled=\"true\"><i class=\"fa fa-paper-plane\"></i></a>', '<a href=\"https://ccms.l-sh.me/authorizations?search=contract_id:equal:77\"\' class=\"btn btn-default btn-sm\" role=\"button\" aria-disabled=\"true\"><i class=\"fa fa-paper-plane\"></i></a>', '<a href=\"https://ccms.l-sh.me/copyrights?search=contract_id:equal:77\"\' class=\"btn btn-default btn-sm\" role=\"button\" aria-disabled=\"true\"><i class=\"fa fa-paper-plane\"></i></a>', 'Salma Adel', '0', '2020-09-02 09:05:47', '2020-09-02 09:05:47', '4', '2', '0');
INSERT INTO `contracts` VALUES ('78', 'C#2020/09/02/1599045327', '2', 'Qanawat - RBT Service', '1', '1', '123', 'iVAS', 'Qanawat', '70', '30', '2019-04-01', '1', '2', '0', '2020-03-31', 'Egypt', 'Mobinil - Egypt,Vodafone - Egypt,etisalat - Egypt', '2', '6', '1599045327-40021016.pdf', null, '<a href=\"https://ccms.l-sh.me/annexes?search=contract_id:equal:78\"\' class=\"btn btn-default btn-sm\" role=\"button\" aria-disabled=\"true\"><i class=\"fa fa-paper-plane\"></i></a>', '<a href=\"https://ccms.l-sh.me/authorizations?search=contract_id:equal:78\"\' class=\"btn btn-default btn-sm\" role=\"button\" aria-disabled=\"true\"><i class=\"fa fa-paper-plane\"></i></a>', '<a href=\"https://ccms.l-sh.me/copyrights?search=contract_id:equal:78\"\' class=\"btn btn-default btn-sm\" role=\"button\" aria-disabled=\"true\"><i class=\"fa fa-paper-plane\"></i></a>', 'Salma Adel', '0', '2020-09-16 06:32:44', '2020-09-02 09:15:27', '1', '2', '0');
INSERT INTO `contracts` VALUES ('79', 'C#2020/09/02/1599046717', '15', 'Qanawat -Full Track', '1', '0', '122', 'Qanawat', 'iVAS', '70', '30', '2015-12-01', '3', '2', '0', '2018-11-30', 'All countries', 'All - All', '2', '5', '1599046717-23747705.pdf', null, '<a href=\"https://ccms.l-sh.me/annexes?search=contract_id:equal:79\"\' class=\"btn btn-default btn-sm\" role=\"button\" aria-disabled=\"true\"><i class=\"fa fa-paper-plane\"></i></a>', '<a href=\"https://ccms.l-sh.me/authorizations?search=contract_id:equal:79\"\' class=\"btn btn-default btn-sm\" role=\"button\" aria-disabled=\"true\"><i class=\"fa fa-paper-plane\"></i></a>', '<a href=\"https://ccms.l-sh.me/copyrights?search=contract_id:equal:79\"\' class=\"btn btn-default btn-sm\" role=\"button\" aria-disabled=\"true\"><i class=\"fa fa-paper-plane\"></i></a>', 'Salma Adel', '0', '2020-09-16 06:31:17', '2020-09-02 09:38:37', '4', '2', '0');
INSERT INTO `contracts` VALUES ('80', 'C#2020/09/02/1599047534', '14', 'Qanawat - Youtube', '1', '1', '123', 'iVAS', 'Qanawat', '70', '30', '2015-12-01', '3', '2', '0', '2018-11-30', 'All countries', 'YouTube Channel - All countries', '2', '5', '1599047534-83917556.pdf', null, '<a href=\"https://ccms.l-sh.me/annexes?search=contract_id:equal:80\"\' class=\"btn btn-default btn-sm\" role=\"button\" aria-disabled=\"true\"><i class=\"fa fa-paper-plane\"></i></a>', '<a href=\"https://ccms.l-sh.me/authorizations?search=contract_id:equal:80\"\' class=\"btn btn-default btn-sm\" role=\"button\" aria-disabled=\"true\"><i class=\"fa fa-paper-plane\"></i></a>', '<a href=\"https://ccms.l-sh.me/copyrights?search=contract_id:equal:80\"\' class=\"btn btn-default btn-sm\" role=\"button\" aria-disabled=\"true\"><i class=\"fa fa-paper-plane\"></i></a>', 'Salma Adel', '0', '2020-09-16 06:30:46', '2020-09-02 09:52:14', '1', '2', '0');
INSERT INTO `contracts` VALUES ('81', 'C#2020/09/02/1599050127', '2', 'Qanawat - RBT', '1', '1', '123', 'iVAS', 'Qanawat', '50', '50', '2014-04-01', '1', '2', '0', '2015-03-31', 'Egypt,UAE,Tunisia,Moroco,Algeria,Jordan,Qatar,Sudan,Oman,Iraq', 'Mobinil - Egypt,Vodafone - Egypt,All - Iraq,Inwi - Morocco,Maroc Telecom - Morocco,Ooredoo - Qatar,MTN - Sudan,Orange - Tunisia,etisalat - UAE,Umniah - Jordan,etisalat - Egypt,orange - Jordan', '2', '5', '1599050127-14941980.pdf', null, '<a href=\"https://ccms.l-sh.me/annexes?search=contract_id:equal:81\"\' class=\"btn btn-default btn-sm\" role=\"button\" aria-disabled=\"true\"><i class=\"fa fa-paper-plane\"></i></a>', '<a href=\"https://ccms.l-sh.me/authorizations?search=contract_id:equal:81\"\' class=\"btn btn-default btn-sm\" role=\"button\" aria-disabled=\"true\"><i class=\"fa fa-paper-plane\"></i></a>', '<a href=\"https://ccms.l-sh.me/copyrights?search=contract_id:equal:81\"\' class=\"btn btn-default btn-sm\" role=\"button\" aria-disabled=\"true\"><i class=\"fa fa-paper-plane\"></i></a>', 'Salma Adel', '0', '2020-09-16 06:31:55', '2020-09-02 10:35:27', '1', '2', '0');
INSERT INTO `contracts` VALUES ('82', 'C#2020/09/03/1599125920', '2', 'Etisalat - RBT Service', '1', '0', '41', 'Etisalat Misr', 'iVAS', '70', '30', '2017-02-01', '2', '1', '1', '2019-01-31', 'Egypt', 'etisalat - Egypt', '2', '14', '1599126639-72482586.pdf', null, '<a href=\"https://ccms.l-sh.me/annexes?search=contract_id:equal:82\"\' class=\"btn btn-default btn-sm\" role=\"button\" aria-disabled=\"true\"><i class=\"fa fa-paper-plane\"></i></a>', '<a href=\"https://ccms.l-sh.me/authorizations?search=contract_id:equal:82\"\' class=\"btn btn-default btn-sm\" role=\"button\" aria-disabled=\"true\"><i class=\"fa fa-paper-plane\"></i></a>', '<a href=\"https://ccms.l-sh.me/copyrights?search=contract_id:equal:82\"\' class=\"btn btn-default btn-sm\" role=\"button\" aria-disabled=\"true\"><i class=\"fa fa-paper-plane\"></i></a>', 'Salma Adel', '0', '2020-09-03 07:50:39', '2020-09-03 07:38:41', '3', '2', '0');
INSERT INTO `contracts` VALUES ('83', 'C#2020/09/03/1599127785', '1', 'Etisalat - Vas Service', '1', '0', '41', 'Etisalat Misr', 'iVAS', '0', '0', '2016-09-01', '1', '2', '0', '2017-08-31', 'Egypt', 'etisalat - Egypt', '2', '22', '1599127785-69821611.pdf', null, '<a href=\"https://ccms.l-sh.me/annexes?search=contract_id:equal:83\"\' class=\"btn btn-default btn-sm\" role=\"button\" aria-disabled=\"true\"><i class=\"fa fa-paper-plane\"></i></a>', '<a href=\"https://ccms.l-sh.me/authorizations?search=contract_id:equal:83\"\' class=\"btn btn-default btn-sm\" role=\"button\" aria-disabled=\"true\"><i class=\"fa fa-paper-plane\"></i></a>', '<a href=\"https://ccms.l-sh.me/copyrights?search=contract_id:equal:83\"\' class=\"btn btn-default btn-sm\" role=\"button\" aria-disabled=\"true\"><i class=\"fa fa-paper-plane\"></i></a>', 'Salma Adel', '0', '2020-09-16 06:30:23', '2020-09-03 08:09:45', '3', '2', '0');
INSERT INTO `contracts` VALUES ('84', 'C#2020/09/03/1599133802', '1', 'Etisalat - Vas', '1', '0', '41', 'Etisalat Misr', 'iVAS', '50', '50', '2017-05-29', '1', '1', '1', '2018-05-28', 'Egypt', 'etisalat - Egypt', '2', '13', '1599133802-56961943.pdf', null, '<a href=\"https://ccms.l-sh.me/annexes?search=contract_id:equal:84\"\' class=\"btn btn-default btn-sm\" role=\"button\" aria-disabled=\"true\"><i class=\"fa fa-paper-plane\"></i></a>', '<a href=\"https://ccms.l-sh.me/authorizations?search=contract_id:equal:84\"\' class=\"btn btn-default btn-sm\" role=\"button\" aria-disabled=\"true\"><i class=\"fa fa-paper-plane\"></i></a>', '<a href=\"https://ccms.l-sh.me/copyrights?search=contract_id:equal:84\"\' class=\"btn btn-default btn-sm\" role=\"button\" aria-disabled=\"true\"><i class=\"fa fa-paper-plane\"></i></a>', 'Salma Adel', '0', '2020-09-03 09:50:02', '2020-09-03 09:50:03', '3', '2', '0');
INSERT INTO `contracts` VALUES ('85', 'C#2020/09/03/1599134612', '4', 'Soft Kinetics - Sms', '1', '0', '45', 'Soft Kinetics', 'iVAS', '0', '0', '2017-05-25', '6', '0', '0', '2017-06-24', 'Egypt', 'etisalat - Egypt', '2', '3', '1599136193-18047586.pdf', null, '<a href=\"https://ccms.l-sh.me/annexes?search=contract_id:equal:85\"\' class=\"btn btn-default btn-sm\" role=\"button\" aria-disabled=\"true\"><i class=\"fa fa-paper-plane\"></i></a>', '<a href=\"https://ccms.l-sh.me/authorizations?search=contract_id:equal:85\"\' class=\"btn btn-default btn-sm\" role=\"button\" aria-disabled=\"true\"><i class=\"fa fa-paper-plane\"></i></a>', '<a href=\"https://ccms.l-sh.me/copyrights?search=contract_id:equal:85\"\' class=\"btn btn-default btn-sm\" role=\"button\" aria-disabled=\"true\"><i class=\"fa fa-paper-plane\"></i></a>', 'Salma Adel', '0', '2020-09-16 06:29:51', '2020-09-03 10:03:33', '5', '2', '0');
INSERT INTO `contracts` VALUES ('86', 'C#2020/09/03/1599136933', '3', 'Music For All -  Subscription - Vas', '1', '0', '124', 'Music For All', 'iVAS', '70', '30', '2017-12-27', '4', '1', '1', '2022-12-26', 'Egypt', 'etisalat - Egypt', '3', '6', '1599136933-90950277.pdf', null, '<a href=\"https://ccms.l-sh.me/annexes?search=contract_id:equal:86\"\' class=\"btn btn-default btn-sm\" role=\"button\" aria-disabled=\"true\"><i class=\"fa fa-paper-plane\"></i></a>', '<a href=\"https://ccms.l-sh.me/authorizations?search=contract_id:equal:86\"\' class=\"btn btn-default btn-sm\" role=\"button\" aria-disabled=\"true\"><i class=\"fa fa-paper-plane\"></i></a>', '<a href=\"https://ccms.l-sh.me/copyrights?search=contract_id:equal:86\"\' class=\"btn btn-default btn-sm\" role=\"button\" aria-disabled=\"true\"><i class=\"fa fa-paper-plane\"></i></a>', 'Salma Adel', '0', '2020-09-03 10:43:40', '2020-09-03 10:42:14', '4', '2', '0');
INSERT INTO `contracts` VALUES ('87', 'C#2020/09/03/1599138216', '1', 'حزب الدستور -Vas - Subscription', '1', '1', '125', 'iVAS', 'El Dostor', '0', '0', '2013-11-09', '1', '1', '1', '2014-11-08', 'All countries', 'All - All', '2', '14', '1599138216-51238052.pdf', null, '<a href=\"https://ccms.l-sh.me/annexes?search=contract_id:equal:87\"\' class=\"btn btn-default btn-sm\" role=\"button\" aria-disabled=\"true\"><i class=\"fa fa-paper-plane\"></i></a>', '<a href=\"https://ccms.l-sh.me/authorizations?search=contract_id:equal:87\"\' class=\"btn btn-default btn-sm\" role=\"button\" aria-disabled=\"true\"><i class=\"fa fa-paper-plane\"></i></a>', '<a href=\"https://ccms.l-sh.me/copyrights?search=contract_id:equal:87\"\' class=\"btn btn-default btn-sm\" role=\"button\" aria-disabled=\"true\"><i class=\"fa fa-paper-plane\"></i></a>', 'Sayed Aref', '0', '2020-09-03 12:43:01', '2020-09-03 11:03:37', '4', '2', '0');
INSERT INTO `contracts` VALUES ('88', 'C#2020/09/03/1599139447', '3', 'Advances - Subscription', '1', '0', '126', 'Advances', 'iVAS', '70', '30', '2019-10-01', '1', '1', '1', '2020-09-30', 'Egypt', 'etisalat - Egypt', '2', '6', '1599139447-42408270.pdf', null, '<a href=\"https://ccms.l-sh.me/annexes?search=contract_id:equal:88\"\' class=\"btn btn-default btn-sm\" role=\"button\" aria-disabled=\"true\"><i class=\"fa fa-paper-plane\"></i></a>', '<a href=\"https://ccms.l-sh.me/authorizations?search=contract_id:equal:88\"\' class=\"btn btn-default btn-sm\" role=\"button\" aria-disabled=\"true\"><i class=\"fa fa-paper-plane\"></i></a>', '<a href=\"https://ccms.l-sh.me/copyrights?search=contract_id:equal:88\"\' class=\"btn btn-default btn-sm\" role=\"button\" aria-disabled=\"true\"><i class=\"fa fa-paper-plane\"></i></a>', 'Salma Adel', '0', '2020-09-03 11:24:07', '2020-09-03 11:24:07', '4', '2', '0');
INSERT INTO `contracts` VALUES ('89', 'C#2020/09/07/1599466792', '1', 'Adel Abdel Aal', '1', '0', '129', 'Adel Abdel Aal', 'iVAS', '40', '60', '2017-01-10', '4', '1', '1', '2022-01-09', 'All countries', 'All - All', '2', '6', '1599466792-90037248.pdf', null, '<a href=\"https://ccms.l-sh.me/annexes?search=contract_id:equal:89\"\' class=\"btn btn-default btn-sm\" role=\"button\" aria-disabled=\"true\"><i class=\"fa fa-paper-plane\"></i></a>', '<a href=\"https://ccms.l-sh.me/authorizations?search=contract_id:equal:89\"\' class=\"btn btn-default btn-sm\" role=\"button\" aria-disabled=\"true\"><i class=\"fa fa-paper-plane\"></i></a>', '<a href=\"https://ccms.l-sh.me/copyrights?search=contract_id:equal:89\"\' class=\"btn btn-default btn-sm\" role=\"button\" aria-disabled=\"true\"><i class=\"fa fa-paper-plane\"></i></a>', 'Salma Adel', '0', '2020-09-07 06:19:52', '2020-09-07 06:19:52', '2', '2', '0');
INSERT INTO `contracts` VALUES ('90', 'C#2020/09/07/1599467833', '1', 'Haitham Mazen - Social Media - Vas', '1', '1', '128', 'iVAS', 'Haitham Mazen', '60', '40', '2014-12-08', '4', '1', '1', '2019-12-07', 'All countries', 'All - All', '2', '4', '1599467833-6547562.pdf', null, '<a href=\"https://ccms.l-sh.me/annexes?search=contract_id:equal:90\"\' class=\"btn btn-default btn-sm\" role=\"button\" aria-disabled=\"true\"><i class=\"fa fa-paper-plane\"></i></a>', '<a href=\"https://ccms.l-sh.me/authorizations?search=contract_id:equal:90\"\' class=\"btn btn-default btn-sm\" role=\"button\" aria-disabled=\"true\"><i class=\"fa fa-paper-plane\"></i></a>', '<a href=\"https://ccms.l-sh.me/copyrights?search=contract_id:equal:90\"\' class=\"btn btn-default btn-sm\" role=\"button\" aria-disabled=\"true\"><i class=\"fa fa-paper-plane\"></i></a>', 'Salma Adel', '0', '2020-09-07 06:39:50', '2020-09-07 06:37:13', '2', '2', '0');
INSERT INTO `contracts` VALUES ('91', 'C#2020/09/07/1599468265', '8', 'Ahmed El Gafaly - Website - Mobile App', '1', '1', '131', 'iVAS', 'Ahmed El Gafaly', '0', '0', '2016-05-11', '6', '0', '0', '2016-06-10', 'All countries', 'All - All', '2', '6', '1599468265-58748526.pdf', null, '<a href=\"https://ccms.l-sh.me/annexes?search=contract_id:equal:91\"\' class=\"btn btn-default btn-sm\" role=\"button\" aria-disabled=\"true\"><i class=\"fa fa-paper-plane\"></i></a>', '<a href=\"https://ccms.l-sh.me/authorizations?search=contract_id:equal:91\"\' class=\"btn btn-default btn-sm\" role=\"button\" aria-disabled=\"true\"><i class=\"fa fa-paper-plane\"></i></a>', '<a href=\"https://ccms.l-sh.me/copyrights?search=contract_id:equal:91\"\' class=\"btn btn-default btn-sm\" role=\"button\" aria-disabled=\"true\"><i class=\"fa fa-paper-plane\"></i></a>', 'Salma Adel', '0', '2020-09-07 06:44:25', '2020-09-07 06:44:25', '6', '2', '0');
INSERT INTO `contracts` VALUES ('92', 'C#2020/09/07/1599468439', '9', 'Khaled Abdel Allah - Website - Mobile App', '1', '1', '130', 'iVAS', 'Khaled Abdel Allah', '0', '0', '2016-03-06', '6', '0', '0', '2016-04-05', 'All countries', 'All - All', '2', '4', '1599468439-63718214.pdf', null, '<a href=\"https://ccms.l-sh.me/annexes?search=contract_id:equal:92\"\' class=\"btn btn-default btn-sm\" role=\"button\" aria-disabled=\"true\"><i class=\"fa fa-paper-plane\"></i></a>', '<a href=\"https://ccms.l-sh.me/authorizations?search=contract_id:equal:92\"\' class=\"btn btn-default btn-sm\" role=\"button\" aria-disabled=\"true\"><i class=\"fa fa-paper-plane\"></i></a>', '<a href=\"https://ccms.l-sh.me/copyrights?search=contract_id:equal:92\"\' class=\"btn btn-default btn-sm\" role=\"button\" aria-disabled=\"true\"><i class=\"fa fa-paper-plane\"></i></a>', 'Salma Adel', '0', '2020-09-07 06:47:19', '2020-09-07 06:47:19', '6', '2', '0');
INSERT INTO `contracts` VALUES ('93', 'C#2020/09/07/1599469630', '7', 'Mosatafa Qamar - Social Media', '1', '1', '48', 'iVAS', 'Mostafa Qamar', '0', '0', '2017-05-02', '4', '1', '0', '2019-02-10', 'All countries', 'All - All', '2', '5', '1599469630-22494407.pdf', null, '<a href=\"https://ccms.l-sh.me/annexes?search=contract_id:equal:93\"\' class=\"btn btn-default btn-sm\" role=\"button\" aria-disabled=\"true\"><i class=\"fa fa-paper-plane\"></i></a>', '<a href=\"https://ccms.l-sh.me/authorizations?search=contract_id:equal:93\"\' class=\"btn btn-default btn-sm\" role=\"button\" aria-disabled=\"true\"><i class=\"fa fa-paper-plane\"></i></a>', '<a href=\"https://ccms.l-sh.me/copyrights?search=contract_id:equal:93\"\' class=\"btn btn-default btn-sm\" role=\"button\" aria-disabled=\"true\"><i class=\"fa fa-paper-plane\"></i></a>', 'Salma Adel', '0', '2020-09-07 07:16:21', '2020-09-07 07:07:10', '2', '2', '0');
INSERT INTO `contracts` VALUES ('94', 'C#2020/09/07/1599470158', '1', 'Mosatafa Qamar - Vas', '1', '0', '48', 'Mostafa Qamar', 'iVAS', '50', '50', '2017-05-02', '4', '1', '0', '2016-02-10', 'All countries', 'All - All', '2', '6', '1599470158-24191683.pdf', null, '<a href=\"https://ccms.l-sh.me/annexes?search=contract_id:equal:94\"\' class=\"btn btn-default btn-sm\" role=\"button\" aria-disabled=\"true\"><i class=\"fa fa-paper-plane\"></i></a>', '<a href=\"https://ccms.l-sh.me/authorizations?search=contract_id:equal:94\"\' class=\"btn btn-default btn-sm\" role=\"button\" aria-disabled=\"true\"><i class=\"fa fa-paper-plane\"></i></a>', '<a href=\"https://ccms.l-sh.me/copyrights?search=contract_id:equal:94\"\' class=\"btn btn-default btn-sm\" role=\"button\" aria-disabled=\"true\"><i class=\"fa fa-paper-plane\"></i></a>', 'Salma Adel', '0', '2020-09-07 07:15:58', '2020-09-07 07:15:58', '2', '2', '0');
INSERT INTO `contracts` VALUES ('95', 'C#2020/09/07/1599471280', '8', 'Mosatafa Qamar - Website - Mobile App', '1', '1', '48', 'iVAS', 'Mostafa Qamar', '0', '0', '2017-05-02', '6', '0', '0', '2019-02-10', 'All countries', 'All - All', '2', '6', '1599471280-15684008.pdf', null, '<a href=\"https://ccms.l-sh.me/annexes?search=contract_id:equal:95\"\' class=\"btn btn-default btn-sm\" role=\"button\" aria-disabled=\"true\"><i class=\"fa fa-paper-plane\"></i></a>', '<a href=\"https://ccms.l-sh.me/authorizations?search=contract_id:equal:95\"\' class=\"btn btn-default btn-sm\" role=\"button\" aria-disabled=\"true\"><i class=\"fa fa-paper-plane\"></i></a>', '<a href=\"https://ccms.l-sh.me/copyrights?search=contract_id:equal:95\"\' class=\"btn btn-default btn-sm\" role=\"button\" aria-disabled=\"true\"><i class=\"fa fa-paper-plane\"></i></a>', 'Mohamed Al-Qurashy', '0', '2020-10-07 16:41:22', '2020-09-07 07:34:40', '2', '2', '0');
INSERT INTO `contracts` VALUES ('96', 'C#2020/09/07/1599472057', '1', 'Life Connection', '1', '0', '27', 'Life Connection', 'iVAS', '50', '50', '2014-05-20', '3', '1', '1', '2017-05-19', 'Sudan', 'All - Sudan', '2', '6', '1599472057-52102901.pdf', null, '<a href=\"https://ccms.l-sh.me/annexes?search=contract_id:equal:96\"\' class=\"btn btn-default btn-sm\" role=\"button\" aria-disabled=\"true\"><i class=\"fa fa-paper-plane\"></i></a>', '<a href=\"https://ccms.l-sh.me/authorizations?search=contract_id:equal:96\"\' class=\"btn btn-default btn-sm\" role=\"button\" aria-disabled=\"true\"><i class=\"fa fa-paper-plane\"></i></a>', '<a href=\"https://ccms.l-sh.me/copyrights?search=contract_id:equal:96\"\' class=\"btn btn-default btn-sm\" role=\"button\" aria-disabled=\"true\"><i class=\"fa fa-paper-plane\"></i></a>', 'Salma Adel', '0', '2020-09-07 07:47:37', '2020-09-07 07:47:37', '1', '2', '0');
INSERT INTO `contracts` VALUES ('97', 'C#2020/09/07/1599472321', '1', 'Re Media', '1', '0', '127', 'Re Media', 'iVAS', '70', '30', '2018-02-20', '2', '2', '0', '2020-02-19', 'Egypt', 'etisalat - Egypt', '3', '6', '1599472321-87098510.pdf', null, '<a href=\"https://ccms.l-sh.me/annexes?search=contract_id:equal:97\"\' class=\"btn btn-default btn-sm\" role=\"button\" aria-disabled=\"true\"><i class=\"fa fa-paper-plane\"></i></a>', '<a href=\"https://ccms.l-sh.me/authorizations?search=contract_id:equal:97\"\' class=\"btn btn-default btn-sm\" role=\"button\" aria-disabled=\"true\"><i class=\"fa fa-paper-plane\"></i></a>', '<a href=\"https://ccms.l-sh.me/copyrights?search=contract_id:equal:97\"\' class=\"btn btn-default btn-sm\" role=\"button\" aria-disabled=\"true\"><i class=\"fa fa-paper-plane\"></i></a>', 'Salma Adel', '0', '2020-09-07 07:52:01', '2020-09-07 07:52:01', '4', '2', '0');
INSERT INTO `contracts` VALUES ('98', 'C#2020/09/07/1599472780', '1', 'Melody - Vas', '1', '1', '29', 'iVAS', 'Melody Company', '0', '0', '2015-12-01', '3', '1', '1', '2018-11-30', 'All countries', 'All - All', '2', '6', '1599472780-32979554.pdf', null, '<a href=\"https://ccms.l-sh.me/annexes?search=contract_id:equal:98\"\' class=\"btn btn-default btn-sm\" role=\"button\" aria-disabled=\"true\"><i class=\"fa fa-paper-plane\"></i></a>', '<a href=\"https://ccms.l-sh.me/authorizations?search=contract_id:equal:98\"\' class=\"btn btn-default btn-sm\" role=\"button\" aria-disabled=\"true\"><i class=\"fa fa-paper-plane\"></i></a>', '<a href=\"https://ccms.l-sh.me/copyrights?search=contract_id:equal:98\"\' class=\"btn btn-default btn-sm\" role=\"button\" aria-disabled=\"true\"><i class=\"fa fa-paper-plane\"></i></a>', 'Salma Adel', '0', '2020-09-07 07:59:40', '2020-09-07 07:59:40', '4', '2', '0');
INSERT INTO `contracts` VALUES ('99', 'C#2020/09/07/1599473874', '3', 'Lamp  Studios - Alert', '1', '0', '134', 'Lamp Studios', 'iVAS', '50', '50', '2017-02-15', '3', '1', '1', '2020-02-14', 'All countries', 'All - All', '3', '6', '1599473874-47689077.pdf', null, '<a href=\"https://ccms.l-sh.me/annexes?search=contract_id:equal:99\"\' class=\"btn btn-default btn-sm\" role=\"button\" aria-disabled=\"true\"><i class=\"fa fa-paper-plane\"></i></a>', '<a href=\"https://ccms.l-sh.me/authorizations?search=contract_id:equal:99\"\' class=\"btn btn-default btn-sm\" role=\"button\" aria-disabled=\"true\"><i class=\"fa fa-paper-plane\"></i></a>', '<a href=\"https://ccms.l-sh.me/copyrights?search=contract_id:equal:99\"\' class=\"btn btn-default btn-sm\" role=\"button\" aria-disabled=\"true\"><i class=\"fa fa-paper-plane\"></i></a>', 'Salma Adel', '0', '2020-09-07 08:17:54', '2020-09-07 08:17:54', '4', '2', '0');
INSERT INTO `contracts` VALUES ('100', 'C#2020/09/07/1599474655', '1', 'Lamp  Studios - Vas', '1', '1', '133', 'iVAS', 'Abla Fadila', '50', '50', '2017-02-13', '3', '1', '1', '2020-02-13', 'All countries', 'All - All', '2', '5', '1599474655-96651990.pdf', null, '<a href=\"https://ccms.l-sh.me/annexes?search=contract_id:equal:100\"\' class=\"btn btn-default btn-sm\" role=\"button\" aria-disabled=\"true\"><i class=\"fa fa-paper-plane\"></i></a>', '<a href=\"https://ccms.l-sh.me/authorizations?search=contract_id:equal:100\"\' class=\"btn btn-default btn-sm\" role=\"button\" aria-disabled=\"true\"><i class=\"fa fa-paper-plane\"></i></a>', '<a href=\"https://ccms.l-sh.me/copyrights?search=contract_id:equal:100\"\' class=\"btn btn-default btn-sm\" role=\"button\" aria-disabled=\"true\"><i class=\"fa fa-paper-plane\"></i></a>', 'Salma Adel', '0', '2020-09-07 08:30:55', '2020-09-07 08:30:55', '2', '2', '0');
INSERT INTO `contracts` VALUES ('101', 'C#2020/09/07/1599474657', '1', 'Lamp  Studios - Vas', '1', '1', '133', 'iVAS', 'Abla Fadila', '50', '50', '2017-02-13', '3', '1', '1', '2020-02-12', 'All countries', 'All - All', '2', '5', '1599474656-63163188.pdf', null, '<a href=\"https://ccms.l-sh.me/annexes?search=contract_id:equal:101\"\' class=\"btn btn-default btn-sm\" role=\"button\" aria-disabled=\"true\"><i class=\"fa fa-paper-plane\"></i></a>', '<a href=\"https://ccms.l-sh.me/authorizations?search=contract_id:equal:101\"\' class=\"btn btn-default btn-sm\" role=\"button\" aria-disabled=\"true\"><i class=\"fa fa-paper-plane\"></i></a>', '<a href=\"https://ccms.l-sh.me/copyrights?search=contract_id:equal:101\"\' class=\"btn btn-default btn-sm\" role=\"button\" aria-disabled=\"true\"><i class=\"fa fa-paper-plane\"></i></a>', 'Salma Adel', '0', '2020-09-07 08:30:57', '2020-09-07 08:30:57', '2', '2', '0');
INSERT INTO `contracts` VALUES ('102', 'C#2020/09/07/1599475245', '3', 'One Thousand Miles - Radio', '1', '1', '135', 'iVAS', 'One Thousand Miles', '0', '0', '2017-02-13', '6', '0', '0', '2017-03-12', 'Egypt', 'Radio - Egypt', '3', '4', '1599475245-56440972.pdf', null, '<a href=\"https://ccms.l-sh.me/annexes?search=contract_id:equal:102\"\' class=\"btn btn-default btn-sm\" role=\"button\" aria-disabled=\"true\"><i class=\"fa fa-paper-plane\"></i></a>', '<a href=\"https://ccms.l-sh.me/authorizations?search=contract_id:equal:102\"\' class=\"btn btn-default btn-sm\" role=\"button\" aria-disabled=\"true\"><i class=\"fa fa-paper-plane\"></i></a>', '<a href=\"https://ccms.l-sh.me/copyrights?search=contract_id:equal:102\"\' class=\"btn btn-default btn-sm\" role=\"button\" aria-disabled=\"true\"><i class=\"fa fa-paper-plane\"></i></a>', 'Salma Adel', '0', '2020-09-07 08:42:13', '2020-09-07 08:40:45', '8', '2', '0');
INSERT INTO `contracts` VALUES ('103', 'C#2020/09/07/1599477748', '3', 'Medhat Saleh - Audio', '1', '1', '98', 'iVAS', 'Digital Sound', '0', '0', '2019-09-01', '1', '2', '0', '2020-08-31', 'All countries', 'All - All', '2', '4', '1599477748-57880157.pdf', null, '<a href=\"https://ccms.l-sh.me/annexes?search=contract_id:equal:103\"\' class=\"btn btn-default btn-sm\" role=\"button\" aria-disabled=\"true\"><i class=\"fa fa-paper-plane\"></i></a>', '<a href=\"https://ccms.l-sh.me/authorizations?search=contract_id:equal:103\"\' class=\"btn btn-default btn-sm\" role=\"button\" aria-disabled=\"true\"><i class=\"fa fa-paper-plane\"></i></a>', '<a href=\"https://ccms.l-sh.me/copyrights?search=contract_id:equal:103\"\' class=\"btn btn-default btn-sm\" role=\"button\" aria-disabled=\"true\"><i class=\"fa fa-paper-plane\"></i></a>', 'Salma Adel', '0', '2020-09-16 06:34:13', '2020-09-07 09:22:28', '1', '2', '0');
INSERT INTO `contracts` VALUES ('104', 'C#2020/09/08/1599556637', '1', 'Carmen Soliman', '1', '0', '136', 'Carmen Soliman', 'iVAS', '50', '50', '2017-04-12', '4', '1', '1', '2022-04-11', 'All countries', 'All - All', '3', '5', '1599556637-15785098.pdf', null, '<a href=\"https://ccms.l-sh.me/annexes?search=contract_id:equal:104\"\' class=\"btn btn-default btn-sm\" role=\"button\" aria-disabled=\"true\"><i class=\"fa fa-paper-plane\"></i></a>', '<a href=\"https://ccms.l-sh.me/authorizations?search=contract_id:equal:104\"\' class=\"btn btn-default btn-sm\" role=\"button\" aria-disabled=\"true\"><i class=\"fa fa-paper-plane\"></i></a>', '<a href=\"https://ccms.l-sh.me/copyrights?search=contract_id:equal:104\"\' class=\"btn btn-default btn-sm\" role=\"button\" aria-disabled=\"true\"><i class=\"fa fa-paper-plane\"></i></a>', 'Salma Adel', '0', '2020-09-08 07:17:17', '2020-09-08 07:17:17', '2', '2', '0');
INSERT INTO `contracts` VALUES ('105', 'C#2020/09/08/1599556932', '1', 'Mahmoud Mohey', '1', '1', '138', 'iVAS', 'Mahmoud Mohey', '50', '50', '2014-07-15', '3', '1', '1', '2017-07-14', 'All countries', 'All - All', '2', '6', '1599556932-68668113.pdf', null, '<a href=\"https://ccms.l-sh.me/annexes?search=contract_id:equal:105\"\' class=\"btn btn-default btn-sm\" role=\"button\" aria-disabled=\"true\"><i class=\"fa fa-paper-plane\"></i></a>', '<a href=\"https://ccms.l-sh.me/authorizations?search=contract_id:equal:105\"\' class=\"btn btn-default btn-sm\" role=\"button\" aria-disabled=\"true\"><i class=\"fa fa-paper-plane\"></i></a>', '<a href=\"https://ccms.l-sh.me/copyrights?search=contract_id:equal:105\"\' class=\"btn btn-default btn-sm\" role=\"button\" aria-disabled=\"true\"><i class=\"fa fa-paper-plane\"></i></a>', 'Salma Adel', '0', '2020-09-08 07:22:12', '2020-09-08 07:22:12', '2', '2', '0');
INSERT INTO `contracts` VALUES ('106', 'C#2020/09/08/1599557201', '1', 'Lamiaa Abdel Aziz', '1', '1', '52', 'iVAS', 'Lamiaa Abd Al Aziz', '0', '0', '2016-06-01', '3', '1', '1', '2019-05-31', 'All countries', 'All - All', '2', '10', '1599557201-19666637.pdf', null, '<a href=\"https://ccms.l-sh.me/annexes?search=contract_id:equal:106\"\' class=\"btn btn-default btn-sm\" role=\"button\" aria-disabled=\"true\"><i class=\"fa fa-paper-plane\"></i></a>', '<a href=\"https://ccms.l-sh.me/authorizations?search=contract_id:equal:106\"\' class=\"btn btn-default btn-sm\" role=\"button\" aria-disabled=\"true\"><i class=\"fa fa-paper-plane\"></i></a>', '<a href=\"https://ccms.l-sh.me/copyrights?search=contract_id:equal:106\"\' class=\"btn btn-default btn-sm\" role=\"button\" aria-disabled=\"true\"><i class=\"fa fa-paper-plane\"></i></a>', 'Salma Adel', '0', '2020-09-08 07:26:41', '2020-09-08 07:26:41', '2', '2', '0');
INSERT INTO `contracts` VALUES ('107', 'C#2020/09/08/1599557463', '1', 'Mohamed Galal', '1', '1', '139', 'iVAS', 'Mohamed Galal', '0', '0', '2014-07-18', '4', '1', '1', '2019-07-17', 'All countries', 'All - All', '2', '6', '1599557463-9511803.pdf', null, '<a href=\"https://ccms.l-sh.me/annexes?search=contract_id:equal:107\"\' class=\"btn btn-default btn-sm\" role=\"button\" aria-disabled=\"true\"><i class=\"fa fa-paper-plane\"></i></a>', '<a href=\"https://ccms.l-sh.me/authorizations?search=contract_id:equal:107\"\' class=\"btn btn-default btn-sm\" role=\"button\" aria-disabled=\"true\"><i class=\"fa fa-paper-plane\"></i></a>', '<a href=\"https://ccms.l-sh.me/copyrights?search=contract_id:equal:107\"\' class=\"btn btn-default btn-sm\" role=\"button\" aria-disabled=\"true\"><i class=\"fa fa-paper-plane\"></i></a>', 'Salma Adel', '0', '2020-09-08 07:31:03', '2020-09-08 07:31:03', '2', '2', '0');
INSERT INTO `contracts` VALUES ('108', 'C#2020/09/08/1599557645', '1', 'Loay', '1', '1', '137', 'iVAS', 'Loay', '40', '60', '2014-10-01', '4', '2', '0', '2019-09-30', 'All countries', 'All - All', '2', '6', '1599557645-74861102.pdf', null, '<a href=\"https://ccms.l-sh.me/annexes?search=contract_id:equal:108\"\' class=\"btn btn-default btn-sm\" role=\"button\" aria-disabled=\"true\"><i class=\"fa fa-paper-plane\"></i></a>', '<a href=\"https://ccms.l-sh.me/authorizations?search=contract_id:equal:108\"\' class=\"btn btn-default btn-sm\" role=\"button\" aria-disabled=\"true\"><i class=\"fa fa-paper-plane\"></i></a>', '<a href=\"https://ccms.l-sh.me/copyrights?search=contract_id:equal:108\"\' class=\"btn btn-default btn-sm\" role=\"button\" aria-disabled=\"true\"><i class=\"fa fa-paper-plane\"></i></a>', 'Salma Adel', '0', '2020-09-16 06:36:24', '2020-09-08 07:34:05', '2', '2', '0');
INSERT INTO `contracts` VALUES ('109', 'C#2020/09/08/1599557998', '1', 'Mostafa Gad', '1', '0', '140', 'Mosatafa Gad', 'iVAS', '50', '50', '2017-04-12', '4', '1', '1', '2022-04-11', 'All countries', 'All - All', '3', '6', '1599557998-23548186.pdf', null, '<a href=\"https://ccms.l-sh.me/annexes?search=contract_id:equal:109\"\' class=\"btn btn-default btn-sm\" role=\"button\" aria-disabled=\"true\"><i class=\"fa fa-paper-plane\"></i></a>', '<a href=\"https://ccms.l-sh.me/authorizations?search=contract_id:equal:109\"\' class=\"btn btn-default btn-sm\" role=\"button\" aria-disabled=\"true\"><i class=\"fa fa-paper-plane\"></i></a>', '<a href=\"https://ccms.l-sh.me/copyrights?search=contract_id:equal:109\"\' class=\"btn btn-default btn-sm\" role=\"button\" aria-disabled=\"true\"><i class=\"fa fa-paper-plane\"></i></a>', 'Salma Adel', '0', '2020-09-08 07:39:58', '2020-09-08 07:39:58', '2', '2', '0');
INSERT INTO `contracts` VALUES ('110', 'C#2020/09/08/1599558513', '1', 'Ramzy Bshara', '1', '0', '141', 'Ramzy Bshara', 'iVAS', '60', '40', '2017-03-07', '3', '1', '1', '2020-03-06', 'All countries', 'All - All', '3', '6', '1599558513-60711845.pdf', null, '<a href=\"https://ccms.l-sh.me/annexes?search=contract_id:equal:110\"\' class=\"btn btn-default btn-sm\" role=\"button\" aria-disabled=\"true\"><i class=\"fa fa-paper-plane\"></i></a>', '<a href=\"https://ccms.l-sh.me/authorizations?search=contract_id:equal:110\"\' class=\"btn btn-default btn-sm\" role=\"button\" aria-disabled=\"true\"><i class=\"fa fa-paper-plane\"></i></a>', '<a href=\"https://ccms.l-sh.me/copyrights?search=contract_id:equal:110\"\' class=\"btn btn-default btn-sm\" role=\"button\" aria-disabled=\"true\"><i class=\"fa fa-paper-plane\"></i></a>', 'Salma Adel', '0', '2020-09-08 07:48:33', '2020-09-08 07:48:33', '2', '2', '0');
INSERT INTO `contracts` VALUES ('111', 'C#2020/09/08/1599558741', '1', 'Reda Mourad', '1', '1', '50', 'iVAS', 'Reda Murad Teama', '50', '50', '2015-09-06', '4', '1', '1', '2019-09-06', 'All countries', 'All - All', '2', '6', '1599558741-67581810.pdf', null, '<a href=\"https://ccms.l-sh.me/annexes?search=contract_id:equal:111\"\' class=\"btn btn-default btn-sm\" role=\"button\" aria-disabled=\"true\"><i class=\"fa fa-paper-plane\"></i></a>', '<a href=\"https://ccms.l-sh.me/authorizations?search=contract_id:equal:111\"\' class=\"btn btn-default btn-sm\" role=\"button\" aria-disabled=\"true\"><i class=\"fa fa-paper-plane\"></i></a>', '<a href=\"https://ccms.l-sh.me/copyrights?search=contract_id:equal:111\"\' class=\"btn btn-default btn-sm\" role=\"button\" aria-disabled=\"true\"><i class=\"fa fa-paper-plane\"></i></a>', 'Salma Adel', '0', '2020-09-08 07:52:21', '2020-09-08 07:52:21', '2', '2', '0');
INSERT INTO `contracts` VALUES ('112', 'C#2020/09/08/1599558943', '14', 'Reham Abdel Hakeem - Youtube - RBT', '1', '1', '143', 'iVAS', 'Reham Abdel Hakeem', '60', '40', '2019-12-01', '3', '1', '1', '2022-11-30', 'All countries', 'Youtube - All', '2', '5', '1599558943-8921316.pdf', null, '<a href=\"https://ccms.l-sh.me/annexes?search=contract_id:equal:112\"\' class=\"btn btn-default btn-sm\" role=\"button\" aria-disabled=\"true\"><i class=\"fa fa-paper-plane\"></i></a>', '<a href=\"https://ccms.l-sh.me/authorizations?search=contract_id:equal:112\"\' class=\"btn btn-default btn-sm\" role=\"button\" aria-disabled=\"true\"><i class=\"fa fa-paper-plane\"></i></a>', '<a href=\"https://ccms.l-sh.me/copyrights?search=contract_id:equal:112\"\' class=\"btn btn-default btn-sm\" role=\"button\" aria-disabled=\"true\"><i class=\"fa fa-paper-plane\"></i></a>', 'Salma Adel', '0', '2020-09-08 07:55:43', '2020-09-08 07:55:43', '2', '2', '0');
INSERT INTO `contracts` VALUES ('113', 'C#2020/09/08/1599559379', '14', 'Negoom Fm - Youtube', '1', '1', '82', 'iVAS', 'Negoom fm', '60', '40', '2019-07-01', '1', '2', '0', '2020-06-30', 'All countries', 'Youtube - All', '2', '4', '1599559379-58317480.pdf', null, '<a href=\"https://ccms.l-sh.me/annexes?search=contract_id:equal:113\"\' class=\"btn btn-default btn-sm\" role=\"button\" aria-disabled=\"true\"><i class=\"fa fa-paper-plane\"></i></a>', '<a href=\"https://ccms.l-sh.me/authorizations?search=contract_id:equal:113\"\' class=\"btn btn-default btn-sm\" role=\"button\" aria-disabled=\"true\"><i class=\"fa fa-paper-plane\"></i></a>', '<a href=\"https://ccms.l-sh.me/copyrights?search=contract_id:equal:113\"\' class=\"btn btn-default btn-sm\" role=\"button\" aria-disabled=\"true\"><i class=\"fa fa-paper-plane\"></i></a>', 'Salma Adel', '0', '2020-09-16 06:36:18', '2020-09-08 08:02:59', '8', '2', '0');
INSERT INTO `contracts` VALUES ('114', 'C#2020/09/09/1599648142', '1', 'Ahmed Mohamed Attia -Vas', '1', '1', '144', 'iVAS', 'Ahmed Mohamed Attia', '50', '50', '2014-12-11', '4', '1', '1', '2019-12-10', 'All countries', 'All - All', '2', '5', '1599648142-76340691.pdf', null, '<a href=\"https://ccms.l-sh.me/annexes?search=contract_id:equal:114\"\' class=\"btn btn-default btn-sm\" role=\"button\" aria-disabled=\"true\"><i class=\"fa fa-paper-plane\"></i></a>', '<a href=\"https://ccms.l-sh.me/authorizations?search=contract_id:equal:114\"\' class=\"btn btn-default btn-sm\" role=\"button\" aria-disabled=\"true\"><i class=\"fa fa-paper-plane\"></i></a>', '<a href=\"https://ccms.l-sh.me/copyrights?search=contract_id:equal:114\"\' class=\"btn btn-default btn-sm\" role=\"button\" aria-disabled=\"true\"><i class=\"fa fa-paper-plane\"></i></a>', 'Salma Adel', '0', '2020-09-09 08:42:22', '2020-09-09 08:42:22', '2', '2', '0');
INSERT INTO `contracts` VALUES ('115', 'C#2020/09/09/1599648392', '14', 'Amina Shelbaya - Youtube', '1', '1', '114', 'iVAS', 'Amina Shelbaya', '0', '0', '2013-05-21', '3', '1', '1', '2016-05-20', 'All countries', 'Youtube - All', '2', '6', '1599648392-80346375.pdf', null, '<a href=\"https://ccms.l-sh.me/annexes?search=contract_id:equal:115\"\' class=\"btn btn-default btn-sm\" role=\"button\" aria-disabled=\"true\"><i class=\"fa fa-paper-plane\"></i></a>', '<a href=\"https://ccms.l-sh.me/authorizations?search=contract_id:equal:115\"\' class=\"btn btn-default btn-sm\" role=\"button\" aria-disabled=\"true\"><i class=\"fa fa-paper-plane\"></i></a>', '<a href=\"https://ccms.l-sh.me/copyrights?search=contract_id:equal:115\"\' class=\"btn btn-default btn-sm\" role=\"button\" aria-disabled=\"true\"><i class=\"fa fa-paper-plane\"></i></a>', 'Salma Adel', '0', '2020-09-09 08:46:32', '2020-09-09 08:46:32', '2', '2', '0');
INSERT INTO `contracts` VALUES ('116', 'C#2020/09/09/1599648566', '1', 'Amina Shelbaya - Vas', '1', '1', '114', 'iVAS', 'Amina Shelbaya', '50', '50', '2014-07-07', '3', '1', '1', '2017-07-07', 'All countries', 'All - All', '2', '8', '1599648566-93373118.pdf', null, '<a href=\"https://ccms.l-sh.me/annexes?search=contract_id:equal:116\"\' class=\"btn btn-default btn-sm\" role=\"button\" aria-disabled=\"true\"><i class=\"fa fa-paper-plane\"></i></a>', '<a href=\"https://ccms.l-sh.me/authorizations?search=contract_id:equal:116\"\' class=\"btn btn-default btn-sm\" role=\"button\" aria-disabled=\"true\"><i class=\"fa fa-paper-plane\"></i></a>', '<a href=\"https://ccms.l-sh.me/copyrights?search=contract_id:equal:116\"\' class=\"btn btn-default btn-sm\" role=\"button\" aria-disabled=\"true\"><i class=\"fa fa-paper-plane\"></i></a>', 'Salma Adel', '0', '2020-09-09 08:49:26', '2020-09-09 08:49:26', '2', '2', '0');
INSERT INTO `contracts` VALUES ('117', 'C#2020/09/09/1599648795', '1', 'Ahmed El Moghazi - Vas', '1', '0', '145', 'Ahmed El Moghazi', 'iVAS', '60', '40', '2020-01-01', '3', '1', '1', '2022-12-31', 'All countries', 'All - All', '2', '5', '1599648795-73820894.pdf', null, '<a href=\"https://ccms.l-sh.me/annexes?search=contract_id:equal:117\"\' class=\"btn btn-default btn-sm\" role=\"button\" aria-disabled=\"true\"><i class=\"fa fa-paper-plane\"></i></a>', '<a href=\"https://ccms.l-sh.me/authorizations?search=contract_id:equal:117\"\' class=\"btn btn-default btn-sm\" role=\"button\" aria-disabled=\"true\"><i class=\"fa fa-paper-plane\"></i></a>', '<a href=\"https://ccms.l-sh.me/copyrights?search=contract_id:equal:117\"\' class=\"btn btn-default btn-sm\" role=\"button\" aria-disabled=\"true\"><i class=\"fa fa-paper-plane\"></i></a>', 'Salma Adel', '0', '2020-09-09 08:53:15', '2020-09-09 08:53:15', '2', '2', '0');
INSERT INTO `contracts` VALUES ('118', 'C#2020/09/09/1599648987', '1', 'Hamed Zaid', '1', '1', '142', 'iVAS', 'Hamed Zaid', '50', '50', '2014-09-09', '4', '1', '0', '2019-09-08', 'All countries', 'All - All', '2', '5', '1599648987-58677618.pdf', null, '<a href=\"https://ccms.l-sh.me/annexes?search=contract_id:equal:118\"\' class=\"btn btn-default btn-sm\" role=\"button\" aria-disabled=\"true\"><i class=\"fa fa-paper-plane\"></i></a>', '<a href=\"https://ccms.l-sh.me/authorizations?search=contract_id:equal:118\"\' class=\"btn btn-default btn-sm\" role=\"button\" aria-disabled=\"true\"><i class=\"fa fa-paper-plane\"></i></a>', '<a href=\"https://ccms.l-sh.me/copyrights?search=contract_id:equal:118\"\' class=\"btn btn-default btn-sm\" role=\"button\" aria-disabled=\"true\"><i class=\"fa fa-paper-plane\"></i></a>', 'Salma Adel', '0', '2020-09-09 09:01:13', '2020-09-09 08:56:27', '2', '2', '0');
INSERT INTO `contracts` VALUES ('119', 'C#2020/09/09/1599649523', '1', 'mesk For Islamic Production', '1', '1', '118', 'iVAS', 'Mesk Company for islamic production', '50', '50', '2014-07-14', '3', '1', '1', '2017-07-13', 'All countries', 'All - All', '2', '6', '1599649523-18617276.pdf', null, '<a href=\"https://ccms.l-sh.me/annexes?search=contract_id:equal:119\"\' class=\"btn btn-default btn-sm\" role=\"button\" aria-disabled=\"true\"><i class=\"fa fa-paper-plane\"></i></a>', '<a href=\"https://ccms.l-sh.me/authorizations?search=contract_id:equal:119\"\' class=\"btn btn-default btn-sm\" role=\"button\" aria-disabled=\"true\"><i class=\"fa fa-paper-plane\"></i></a>', '<a href=\"https://ccms.l-sh.me/copyrights?search=contract_id:equal:119\"\' class=\"btn btn-default btn-sm\" role=\"button\" aria-disabled=\"true\"><i class=\"fa fa-paper-plane\"></i></a>', 'Salma Adel', '0', '2020-09-09 09:05:23', '2020-09-09 09:05:23', '4', '2', '0');
INSERT INTO `contracts` VALUES ('120', 'C#2020/09/09/1599650675', '8', 'Kareem El Shazely - Website', '1', '1', '146', 'iVAS', 'Kareem El Shazely', '0', '0', '2016-12-22', '6', '1', '1', '2017-01-21', 'All countries', 'All - All', '2', '6', '1599650675-35152555.pdf', null, '<a href=\"https://ccms.l-sh.me/annexes?search=contract_id:equal:120\"\' class=\"btn btn-default btn-sm\" role=\"button\" aria-disabled=\"true\"><i class=\"fa fa-paper-plane\"></i></a>', '<a href=\"https://ccms.l-sh.me/authorizations?search=contract_id:equal:120\"\' class=\"btn btn-default btn-sm\" role=\"button\" aria-disabled=\"true\"><i class=\"fa fa-paper-plane\"></i></a>', '<a href=\"https://ccms.l-sh.me/copyrights?search=contract_id:equal:120\"\' class=\"btn btn-default btn-sm\" role=\"button\" aria-disabled=\"true\"><i class=\"fa fa-paper-plane\"></i></a>', 'Salma Adel', '0', '2020-09-09 09:24:35', '2020-09-09 09:24:35', '2', '2', '0');
INSERT INTO `contracts` VALUES ('121', 'C#2020/09/09/1599651113', '7', 'Kareem El Shazely - Social Media', '1', '1', '146', 'iVAS', 'Kareem El Shazely', '0', '0', '2016-12-22', '4', '1', '1', '2020-09-09', 'All countries', 'All - All', '3', '5', '1599651236-2370849.pdf', null, '<a href=\"https://ccms.l-sh.me/annexes?search=contract_id:equal:121\"\' class=\"btn btn-default btn-sm\" role=\"button\" aria-disabled=\"true\"><i class=\"fa fa-paper-plane\"></i></a>', '<a href=\"https://ccms.l-sh.me/authorizations?search=contract_id:equal:121\"\' class=\"btn btn-default btn-sm\" role=\"button\" aria-disabled=\"true\"><i class=\"fa fa-paper-plane\"></i></a>', '<a href=\"https://ccms.l-sh.me/copyrights?search=contract_id:equal:121\"\' class=\"btn btn-default btn-sm\" role=\"button\" aria-disabled=\"true\"><i class=\"fa fa-paper-plane\"></i></a>', 'Salma Adel', '0', '2020-09-09 09:33:56', '2020-09-09 09:31:53', '2', '2', '0');
INSERT INTO `contracts` VALUES ('122', 'C#2020/09/09/1599651474', '1', 'Kareem El Shazely - Vas', '1', '0', '146', 'Kareem El Shazely', 'iVAS', '50', '50', '2016-12-22', '4', '1', '1', '2021-12-21', 'All countries', 'All - All', '3', '6', '1599651473-10206276.pdf', null, '<a href=\"https://ccms.l-sh.me/annexes?search=contract_id:equal:122\"\' class=\"btn btn-default btn-sm\" role=\"button\" aria-disabled=\"true\"><i class=\"fa fa-paper-plane\"></i></a>', '<a href=\"https://ccms.l-sh.me/authorizations?search=contract_id:equal:122\"\' class=\"btn btn-default btn-sm\" role=\"button\" aria-disabled=\"true\"><i class=\"fa fa-paper-plane\"></i></a>', '<a href=\"https://ccms.l-sh.me/copyrights?search=contract_id:equal:122\"\' class=\"btn btn-default btn-sm\" role=\"button\" aria-disabled=\"true\"><i class=\"fa fa-paper-plane\"></i></a>', 'Salma Adel', '0', '2020-09-09 09:37:54', '2020-09-09 09:37:54', '2', '2', '0');
INSERT INTO `contracts` VALUES ('123', 'C#2020/09/09/1599651696', '1', 'Khaled Agag -Vas', '1', '0', '147', 'Khaled Agag', 'iVAS', '0', '0', '2019-07-29', '3', '2', '1', '2022-07-28', 'All countries', 'All - All', '2', '6', '1599651696-75808994.pdf', null, '<a href=\"https://ccms.l-sh.me/annexes?search=contract_id:equal:123\"\' class=\"btn btn-default btn-sm\" role=\"button\" aria-disabled=\"true\"><i class=\"fa fa-paper-plane\"></i></a>', '<a href=\"https://ccms.l-sh.me/authorizations?search=contract_id:equal:123\"\' class=\"btn btn-default btn-sm\" role=\"button\" aria-disabled=\"true\"><i class=\"fa fa-paper-plane\"></i></a>', '<a href=\"https://ccms.l-sh.me/copyrights?search=contract_id:equal:123\"\' class=\"btn btn-default btn-sm\" role=\"button\" aria-disabled=\"true\"><i class=\"fa fa-paper-plane\"></i></a>', 'Salma Adel', '0', '2020-09-09 09:41:36', '2020-09-09 09:41:36', '2', '2', '0');
INSERT INTO `contracts` VALUES ('124', 'C#2020/09/09/1599652679', '7', 'Medhat Saleh - Social', '1', '1', '132', 'iVAS', 'Medhat Saleh', '0', '0', '2016-01-27', '4', '1', '1', '2021-01-26', 'All countries', 'All - All', '2', '6', '1599652679-50696590.pdf', null, '<a href=\"https://ccms.l-sh.me/annexes?search=contract_id:equal:124\"\' class=\"btn btn-default btn-sm\" role=\"button\" aria-disabled=\"true\"><i class=\"fa fa-paper-plane\"></i></a>', '<a href=\"https://ccms.l-sh.me/authorizations?search=contract_id:equal:124\"\' class=\"btn btn-default btn-sm\" role=\"button\" aria-disabled=\"true\"><i class=\"fa fa-paper-plane\"></i></a>', '<a href=\"https://ccms.l-sh.me/copyrights?search=contract_id:equal:124\"\' class=\"btn btn-default btn-sm\" role=\"button\" aria-disabled=\"true\"><i class=\"fa fa-paper-plane\"></i></a>', 'Salma Adel', '0', '2020-09-09 09:57:59', '2020-09-09 09:57:59', '2', '2', '0');
INSERT INTO `contracts` VALUES ('125', 'C#2020/09/09/1599652843', '1', 'Medhat Saleh - Vas', '1', '1', '132', 'iVAS', 'Medhat Saleh', '50', '50', '2016-01-27', '4', '1', '1', '2021-01-26', 'All countries', 'All - All', '2', '5', '1599652843-44880390.pdf', null, '<a href=\"https://ccms.l-sh.me/annexes?search=contract_id:equal:125\"\' class=\"btn btn-default btn-sm\" role=\"button\" aria-disabled=\"true\"><i class=\"fa fa-paper-plane\"></i></a>', '<a href=\"https://ccms.l-sh.me/authorizations?search=contract_id:equal:125\"\' class=\"btn btn-default btn-sm\" role=\"button\" aria-disabled=\"true\"><i class=\"fa fa-paper-plane\"></i></a>', '<a href=\"https://ccms.l-sh.me/copyrights?search=contract_id:equal:125\"\' class=\"btn btn-default btn-sm\" role=\"button\" aria-disabled=\"true\"><i class=\"fa fa-paper-plane\"></i></a>', 'Salma Adel', '0', '2020-09-09 10:00:43', '2020-09-09 10:00:43', '2', '2', '0');
INSERT INTO `contracts` VALUES ('126', 'C#2020/09/09/1599653017', '3', 'Medhat Saleh - Alert', '1', '1', '132', 'iVAS', 'Medhat Saleh', '0', '0', '2016-01-27', '3', '1', '1', '2019-01-26', 'All countries', 'All - All', '2', '10', '1599653017-98401045.pdf', null, '<a href=\"https://ccms.l-sh.me/annexes?search=contract_id:equal:126\"\' class=\"btn btn-default btn-sm\" role=\"button\" aria-disabled=\"true\"><i class=\"fa fa-paper-plane\"></i></a>', '<a href=\"https://ccms.l-sh.me/authorizations?search=contract_id:equal:126\"\' class=\"btn btn-default btn-sm\" role=\"button\" aria-disabled=\"true\"><i class=\"fa fa-paper-plane\"></i></a>', '<a href=\"https://ccms.l-sh.me/copyrights?search=contract_id:equal:126\"\' class=\"btn btn-default btn-sm\" role=\"button\" aria-disabled=\"true\"><i class=\"fa fa-paper-plane\"></i></a>', 'Salma Adel', '0', '2020-09-09 10:03:37', '2020-09-09 10:03:37', '2', '2', '0');
INSERT INTO `contracts` VALUES ('127', 'C#2020/09/09/1599653740', '1', 'Mona Aamer', '1', '1', '148', 'iVAS', 'Mona Aamer', '50', '50', '2015-06-08', '1', '2', '0', '2016-06-07', 'All countries', 'All - All', '2', '11', '1599653740-54227106.pdf', null, '<a href=\"https://ccms.l-sh.me/annexes?search=contract_id:equal:127\"\' class=\"btn btn-default btn-sm\" role=\"button\" aria-disabled=\"true\"><i class=\"fa fa-paper-plane\"></i></a>', '<a href=\"https://ccms.l-sh.me/authorizations?search=contract_id:equal:127\"\' class=\"btn btn-default btn-sm\" role=\"button\" aria-disabled=\"true\"><i class=\"fa fa-paper-plane\"></i></a>', '<a href=\"https://ccms.l-sh.me/copyrights?search=contract_id:equal:127\"\' class=\"btn btn-default btn-sm\" role=\"button\" aria-disabled=\"true\"><i class=\"fa fa-paper-plane\"></i></a>', 'Salma Adel', '0', '2020-09-09 10:15:40', '2020-09-09 10:15:40', '2', '2', '0');
INSERT INTO `contracts` VALUES ('128', 'C#2020/09/09/1599653965', '1', 'Mona Abdel Ghany', '1', '1', '149', 'iVAS', 'Mona Abdel Ghany', '30', '70', '2014-12-11', '4', '1', '1', '2019-12-10', 'All countries', 'All - All', '2', '5', '1599653965-69088028.pdf', null, '<a href=\"https://ccms.l-sh.me/annexes?search=contract_id:equal:128\"\' class=\"btn btn-default btn-sm\" role=\"button\" aria-disabled=\"true\"><i class=\"fa fa-paper-plane\"></i></a>', '<a href=\"https://ccms.l-sh.me/authorizations?search=contract_id:equal:128\"\' class=\"btn btn-default btn-sm\" role=\"button\" aria-disabled=\"true\"><i class=\"fa fa-paper-plane\"></i></a>', '<a href=\"https://ccms.l-sh.me/copyrights?search=contract_id:equal:128\"\' class=\"btn btn-default btn-sm\" role=\"button\" aria-disabled=\"true\"><i class=\"fa fa-paper-plane\"></i></a>', 'Salma Adel', '0', '2020-09-09 10:19:25', '2020-09-09 10:19:25', '2', '2', '0');
INSERT INTO `contracts` VALUES ('129', 'C#2020/09/09/1599655454', '1', 'Mohamed Hedaya', '1', '1', '151', 'iVAS', 'Mohamed Hedaya', '50', '50', '2014-04-01', '3', '1', '1', '2017-03-31', 'All countries', 'All - All', '2', '6', '1599655454-86803361.pdf', null, '<a href=\"https://ccms.l-sh.me/annexes?search=contract_id:equal:129\"\' class=\"btn btn-default btn-sm\" role=\"button\" aria-disabled=\"true\"><i class=\"fa fa-paper-plane\"></i></a>', '<a href=\"https://ccms.l-sh.me/authorizations?search=contract_id:equal:129\"\' class=\"btn btn-default btn-sm\" role=\"button\" aria-disabled=\"true\"><i class=\"fa fa-paper-plane\"></i></a>', '<a href=\"https://ccms.l-sh.me/copyrights?search=contract_id:equal:129\"\' class=\"btn btn-default btn-sm\" role=\"button\" aria-disabled=\"true\"><i class=\"fa fa-paper-plane\"></i></a>', 'Salma Adel', '0', '2020-09-09 10:44:14', '2020-09-09 10:44:14', '2', '2', '0');
INSERT INTO `contracts` VALUES ('130', 'C#2020/09/09/1599655517', '1', 'Telal Fakher', '1', '1', '150', 'iVAS', 'Telal Fakher', '50', '50', '2014-04-27', '4', '1', '1', '2019-11-26', 'All countries', 'All - All', '2', '4', '1599655517-84365717.pdf', null, '<a href=\"https://ccms.l-sh.me/annexes?search=contract_id:equal:130\"\' class=\"btn btn-default btn-sm\" role=\"button\" aria-disabled=\"true\"><i class=\"fa fa-paper-plane\"></i></a>', '<a href=\"https://ccms.l-sh.me/authorizations?search=contract_id:equal:130\"\' class=\"btn btn-default btn-sm\" role=\"button\" aria-disabled=\"true\"><i class=\"fa fa-paper-plane\"></i></a>', '<a href=\"https://ccms.l-sh.me/copyrights?search=contract_id:equal:130\"\' class=\"btn btn-default btn-sm\" role=\"button\" aria-disabled=\"true\"><i class=\"fa fa-paper-plane\"></i></a>', 'Salma Adel', '0', '2020-09-09 10:45:17', '2020-09-09 10:45:17', '2', '2', '0');
INSERT INTO `contracts` VALUES ('131', 'C#2020/09/10/1599725350', '3', 'Bahaa El Din', '1', '1', '47', 'iVAS', 'Bahaa El Deen Mohammed', '0', '0', '2016-01-27', '4', '1', '1', '2021-01-26', 'All countries', 'All - All', '3', '6', '1599725350-59924780.pdf', 'الالبوم من انتاج اي فاز والاستغلال مدي الحياه', '<a href=\"https://ccms.l-sh.me/annexes?search=contract_id:equal:131\"\' class=\"btn btn-default btn-sm\" role=\"button\" aria-disabled=\"true\"><i class=\"fa fa-paper-plane\"></i></a>', '<a href=\"https://ccms.l-sh.me/authorizations?search=contract_id:equal:131\"\' class=\"btn btn-default btn-sm\" role=\"button\" aria-disabled=\"true\"><i class=\"fa fa-paper-plane\"></i></a>', '<a href=\"https://ccms.l-sh.me/copyrights?search=contract_id:equal:131\"\' class=\"btn btn-default btn-sm\" role=\"button\" aria-disabled=\"true\"><i class=\"fa fa-paper-plane\"></i></a>', 'Salma Adel', '0', '2020-09-10 06:09:10', '2020-09-10 06:09:10', '2', '2', '0');
INSERT INTO `contracts` VALUES ('132', 'C#2020/09/10/1599726470', '1', 'Bahaa El Din - Vas', '1', '1', '47', 'iVAS', 'Bahaa El Deen Mohammed', '35', '65', '2013-06-02', '2', '1', '1', '2015-06-01', 'Kuwait,KSA,Tunisia,Qatar,Sudan', 'All - Tunisia,All - Sudan,Vodafone - Qatar,Zain - Qatar,STC - KSA,Zain - KSA,Mobily - KSA,Qtel - Qatar,ALL - Kuwait', '2', '9', '1599726470-78325126.pdf', null, '<a href=\"https://ccms.l-sh.me/annexes?search=contract_id:equal:132\"\' class=\"btn btn-default btn-sm\" role=\"button\" aria-disabled=\"true\"><i class=\"fa fa-paper-plane\"></i></a>', '<a href=\"https://ccms.l-sh.me/authorizations?search=contract_id:equal:132\"\' class=\"btn btn-default btn-sm\" role=\"button\" aria-disabled=\"true\"><i class=\"fa fa-paper-plane\"></i></a>', '<a href=\"https://ccms.l-sh.me/copyrights?search=contract_id:equal:132\"\' class=\"btn btn-default btn-sm\" role=\"button\" aria-disabled=\"true\"><i class=\"fa fa-paper-plane\"></i></a>', 'Salma Adel', '0', '2020-09-10 06:46:28', '2020-09-10 06:27:50', '2', '2', '0');
INSERT INTO `contracts` VALUES ('133', 'C#2020/09/10/1599728298', '8', 'Ahmed El Talhey -Website', '1', '1', '152', 'iVAS', 'Ahmed El Talhey', '0', '0', '2017-02-06', '6', '1', '1', '2017-03-05', 'All countries', 'All - All', '3', '7', '1599728298-19809302.pdf', null, '<a href=\"https://ccms.l-sh.me/annexes?search=contract_id:equal:133\"\' class=\"btn btn-default btn-sm\" role=\"button\" aria-disabled=\"true\"><i class=\"fa fa-paper-plane\"></i></a>', '<a href=\"https://ccms.l-sh.me/authorizations?search=contract_id:equal:133\"\' class=\"btn btn-default btn-sm\" role=\"button\" aria-disabled=\"true\"><i class=\"fa fa-paper-plane\"></i></a>', '<a href=\"https://ccms.l-sh.me/copyrights?search=contract_id:equal:133\"\' class=\"btn btn-default btn-sm\" role=\"button\" aria-disabled=\"true\"><i class=\"fa fa-paper-plane\"></i></a>', 'Salma Adel', '0', '2020-09-10 06:58:18', '2020-09-10 06:58:18', '2', '2', '0');
INSERT INTO `contracts` VALUES ('134', 'C#2020/09/10/1599730336', '3', 'Mashary Rashed & High Quality ( Audio ) 1', '1', '1', '28', 'iVAS', 'Mashary Rashed Al Afasy', '0', '0', '2002-09-24', '4', '1', '1', '2027-09-23', 'Egypt', 'All - Egypt', '2', '6', '1599730336-726817.pdf', 'مده هذا العقد 25 سنه', '<a href=\"https://ccms.l-sh.me/annexes?search=contract_id:equal:134\"\' class=\"btn btn-default btn-sm\" role=\"button\" aria-disabled=\"true\"><i class=\"fa fa-paper-plane\"></i></a>', '<a href=\"https://ccms.l-sh.me/authorizations?search=contract_id:equal:134\"\' class=\"btn btn-default btn-sm\" role=\"button\" aria-disabled=\"true\"><i class=\"fa fa-paper-plane\"></i></a>', '<a href=\"https://ccms.l-sh.me/copyrights?search=contract_id:equal:134\"\' class=\"btn btn-default btn-sm\" role=\"button\" aria-disabled=\"true\"><i class=\"fa fa-paper-plane\"></i></a>', 'Salma Adel', '0', '2020-09-10 07:45:41', '2020-09-10 07:32:16', '2', '2', '0');
INSERT INTO `contracts` VALUES ('135', 'C#2020/09/10/1599731110', '3', 'Mashary Rashed & High Quality ( Audio ) 2', '1', '1', '28', 'iVAS', 'Mashary Rashed Al Afasy', '0', '0', '2003-07-01', '4', '1', '1', '2028-06-30', 'All countries', 'All - All', '2', '8', '1599731110-95339794.pdf', 'كل الدول ماعدا الكويت', '<a href=\"https://ccms.l-sh.me/annexes?search=contract_id:equal:135\"\' class=\"btn btn-default btn-sm\" role=\"button\" aria-disabled=\"true\"><i class=\"fa fa-paper-plane\"></i></a>', '<a href=\"https://ccms.l-sh.me/authorizations?search=contract_id:equal:135\"\' class=\"btn btn-default btn-sm\" role=\"button\" aria-disabled=\"true\"><i class=\"fa fa-paper-plane\"></i></a>', '<a href=\"https://ccms.l-sh.me/copyrights?search=contract_id:equal:135\"\' class=\"btn btn-default btn-sm\" role=\"button\" aria-disabled=\"true\"><i class=\"fa fa-paper-plane\"></i></a>', 'Salma Adel', '0', '2020-09-10 07:45:10', '2020-09-10 07:45:10', '2', '2', '0');
INSERT INTO `contracts` VALUES ('136', 'C#2020/09/10/1599733742', '1', 'Mashary Rashed & High Quality - Vas', '1', '1', '28', 'iVAS', 'Mashary Rashed Al Afasy', '50', '50', '2014-09-05', '4', '1', '1', '2019-09-04', 'All countries', 'All - All', '2', '8', '1599733742-82467649.pdf', null, '<a href=\"https://ccms.l-sh.me/annexes?search=contract_id:equal:136\"\' class=\"btn btn-default btn-sm\" role=\"button\" aria-disabled=\"true\"><i class=\"fa fa-paper-plane\"></i></a>', '<a href=\"https://ccms.l-sh.me/authorizations?search=contract_id:equal:136\"\' class=\"btn btn-default btn-sm\" role=\"button\" aria-disabled=\"true\"><i class=\"fa fa-paper-plane\"></i></a>', '<a href=\"https://ccms.l-sh.me/copyrights?search=contract_id:equal:136\"\' class=\"btn btn-default btn-sm\" role=\"button\" aria-disabled=\"true\"><i class=\"fa fa-paper-plane\"></i></a>', 'Salma Adel', '0', '2020-09-10 08:29:02', '2020-09-10 08:29:02', '2', '2', '0');
INSERT INTO `contracts` VALUES ('137', 'C#2020/09/10/1599736917', '3', 'Aiwa Gulf - Mashary Rashed', '1', '1', '28', 'iVAS', 'Mashary Rashed Al Afasy', '0', '0', '2006-07-18', '3', '1', '1', '2009-07-18', 'All countries', 'All - All', '2', '6', '1599736917-77066175.pdf', null, '<a href=\"https://ccms.l-sh.me/annexes?search=contract_id:equal:137\"\' class=\"btn btn-default btn-sm\" role=\"button\" aria-disabled=\"true\"><i class=\"fa fa-paper-plane\"></i></a>', '<a href=\"https://ccms.l-sh.me/authorizations?search=contract_id:equal:137\"\' class=\"btn btn-default btn-sm\" role=\"button\" aria-disabled=\"true\"><i class=\"fa fa-paper-plane\"></i></a>', '<a href=\"https://ccms.l-sh.me/copyrights?search=contract_id:equal:137\"\' class=\"btn btn-default btn-sm\" role=\"button\" aria-disabled=\"true\"><i class=\"fa fa-paper-plane\"></i></a>', 'Salma Adel', '0', '2020-09-10 09:21:57', '2020-09-10 09:21:57', '2', '2', '0');
INSERT INTO `contracts` VALUES ('138', 'C#2020/09/10/1599749784', '7', 'ابو شعر الاخوه -  Ivas -Social Media', '1', '1', '153', 'iVAS', 'Abou Sha3r`s Brothers', '0', '0', '2017-02-07', '4', '1', '1', '2022-02-06', 'All countries', 'All - All', '3', '7', '1599749784-56554161.pdf', null, '<a href=\"https://ccms.l-sh.me/annexes?search=contract_id:equal:138\"\' class=\"btn btn-default btn-sm\" role=\"button\" aria-disabled=\"true\"><i class=\"fa fa-paper-plane\"></i></a>', '<a href=\"https://ccms.l-sh.me/authorizations?search=contract_id:equal:138\"\' class=\"btn btn-default btn-sm\" role=\"button\" aria-disabled=\"true\"><i class=\"fa fa-paper-plane\"></i></a>', '<a href=\"https://ccms.l-sh.me/copyrights?search=contract_id:equal:138\"\' class=\"btn btn-default btn-sm\" role=\"button\" aria-disabled=\"true\"><i class=\"fa fa-paper-plane\"></i></a>', 'Salma Adel', '0', '2020-09-10 12:56:24', '2020-09-10 12:56:24', '2', '2', '0');
INSERT INTO `contracts` VALUES ('139', 'C#2020/09/10/1599749943', '8', 'عبد الرحمن ابو شعر - Ivas - Website&Mobile App', '1', '1', '153', 'iVAS', 'Abou Sha3r`s Brothers', '0', '0', '2017-02-06', '6', '1', '1', '2017-03-05', 'All countries', 'All - All', '3', '7', '1599749943-99469030.pdf', null, '<a href=\"https://ccms.l-sh.me/annexes?search=contract_id:equal:139\"\' class=\"btn btn-default btn-sm\" role=\"button\" aria-disabled=\"true\"><i class=\"fa fa-paper-plane\"></i></a>', '<a href=\"https://ccms.l-sh.me/authorizations?search=contract_id:equal:139\"\' class=\"btn btn-default btn-sm\" role=\"button\" aria-disabled=\"true\"><i class=\"fa fa-paper-plane\"></i></a>', '<a href=\"https://ccms.l-sh.me/copyrights?search=contract_id:equal:139\"\' class=\"btn btn-default btn-sm\" role=\"button\" aria-disabled=\"true\"><i class=\"fa fa-paper-plane\"></i></a>', 'Salma Adel', '0', '2020-09-10 12:59:03', '2020-09-10 12:59:03', '2', '2', '0');
INSERT INTO `contracts` VALUES ('140', 'C#2020/09/10/1599750157', '1', 'ابو شعر الاخوه -  Ivas - Vas', '1', '0', '153', 'Abou Sha3r`s Brothers', 'iVAS', '50', '50', '2017-02-07', '4', '1', '1', '2022-02-06', 'All countries', 'All - All', '3', '6', '1599750157-81110028.pdf', null, '<a href=\"https://ccms.l-sh.me/annexes?search=contract_id:equal:140\"\' class=\"btn btn-default btn-sm\" role=\"button\" aria-disabled=\"true\"><i class=\"fa fa-paper-plane\"></i></a>', '<a href=\"https://ccms.l-sh.me/authorizations?search=contract_id:equal:140\"\' class=\"btn btn-default btn-sm\" role=\"button\" aria-disabled=\"true\"><i class=\"fa fa-paper-plane\"></i></a>', '<a href=\"https://ccms.l-sh.me/copyrights?search=contract_id:equal:140\"\' class=\"btn btn-default btn-sm\" role=\"button\" aria-disabled=\"true\"><i class=\"fa fa-paper-plane\"></i></a>', 'Salma Adel', '0', '2020-09-10 13:02:37', '2020-09-10 13:02:37', '2', '2', '0');
INSERT INTO `contracts` VALUES ('141', 'C#2020/09/10/1599750399', '8', 'ابو شعر الاخوه -  Ivas - Website', '1', '1', '153', 'iVAS', 'Abou Sha3r`s Brothers', '0', '0', '2017-02-07', '6', '1', '1', '2017-03-06', 'All countries', 'All - All', '2', '6', '1599750399-25746676.pdf', null, '<a href=\"https://ccms.l-sh.me/annexes?search=contract_id:equal:141\"\' class=\"btn btn-default btn-sm\" role=\"button\" aria-disabled=\"true\"><i class=\"fa fa-paper-plane\"></i></a>', '<a href=\"https://ccms.l-sh.me/authorizations?search=contract_id:equal:141\"\' class=\"btn btn-default btn-sm\" role=\"button\" aria-disabled=\"true\"><i class=\"fa fa-paper-plane\"></i></a>', '<a href=\"https://ccms.l-sh.me/copyrights?search=contract_id:equal:141\"\' class=\"btn btn-default btn-sm\" role=\"button\" aria-disabled=\"true\"><i class=\"fa fa-paper-plane\"></i></a>', 'Salma Adel', '0', '2020-09-10 13:06:39', '2020-09-10 13:06:39', '2', '2', '0');
INSERT INTO `contracts` VALUES ('142', 'C#2020/09/10/1599750822', '1', 'بهاء الدين ابو شعر  -  Ivas - Vas', '1', '1', '153', 'iVAS', 'Abou Sha3r`s Brothers', '50', '50', '2015-01-26', '4', '1', '1', '2025-01-25', 'All countries', 'All - All', '2', '6', '1599750822-21431195.pdf', 'مده العقد 10 سنوات ويجدد تلقائيا', '<a href=\"https://ccms.l-sh.me/annexes?search=contract_id:equal:142\"\' class=\"btn btn-default btn-sm\" role=\"button\" aria-disabled=\"true\"><i class=\"fa fa-paper-plane\"></i></a>', '<a href=\"https://ccms.l-sh.me/authorizations?search=contract_id:equal:142\"\' class=\"btn btn-default btn-sm\" role=\"button\" aria-disabled=\"true\"><i class=\"fa fa-paper-plane\"></i></a>', '<a href=\"https://ccms.l-sh.me/copyrights?search=contract_id:equal:142\"\' class=\"btn btn-default btn-sm\" role=\"button\" aria-disabled=\"true\"><i class=\"fa fa-paper-plane\"></i></a>', 'Salma Adel', '0', '2020-09-10 13:13:42', '2020-09-10 13:13:42', '2', '2', '0');
INSERT INTO `contracts` VALUES ('143', 'C#2020/09/15/1600179900', '2', 'Media World - RBT', '2', '0', '154', 'Media World', 'DigiZone', '20', '80', '2019-04-01', '1', '1', '1', '2020-03-31', 'Iraq', 'Zain - Iraq', '2', '11', '1600179900-902767.pdf', null, '<a href=\"https://ccms.l-sh.me/annexes?search=contract_id:equal:143\"\' class=\"btn btn-default btn-sm\" role=\"button\" aria-disabled=\"true\"><i class=\"fa fa-paper-plane\"></i></a>', '<a href=\"https://ccms.l-sh.me/authorizations?search=contract_id:equal:143\"\' class=\"btn btn-default btn-sm\" role=\"button\" aria-disabled=\"true\"><i class=\"fa fa-paper-plane\"></i></a>', '<a href=\"https://ccms.l-sh.me/copyrights?search=contract_id:equal:143\"\' class=\"btn btn-default btn-sm\" role=\"button\" aria-disabled=\"true\"><i class=\"fa fa-paper-plane\"></i></a>', 'Salma Adel', '0', '2020-09-15 12:27:06', '2020-09-15 12:25:00', '4', '2', '0');
INSERT INTO `contracts` VALUES ('144', 'C#2020/09/15/1600182066', '1', 'ARPU - Ivas', '1', '1', '32', 'iVAS', 'ARPU', '70', '30', '2017-01-01', '1', '2', '0', '2019-12-31', 'Egypt,Moroco,Algeria,Qatar', 'Mobinil - Egypt,Vodafone - Egypt,Meditel - Morocco,Inwi - Morocco,Djezzy - Algeria,Vodafone - Qatar,Etisalat - Moroco,Mobilis - Algeria', '2', '15', '1600182066-61286791.pdf', null, '<a href=\"https://ccms.l-sh.me/annexes?search=contract_id:equal:144\"\' class=\"btn btn-default btn-sm\" role=\"button\" aria-disabled=\"true\"><i class=\"fa fa-paper-plane\"></i></a>', '<a href=\"https://ccms.l-sh.me/authorizations?search=contract_id:equal:144\"\' class=\"btn btn-default btn-sm\" role=\"button\" aria-disabled=\"true\"><i class=\"fa fa-paper-plane\"></i></a>', '<a href=\"https://ccms.l-sh.me/copyrights?search=contract_id:equal:144\"\' class=\"btn btn-default btn-sm\" role=\"button\" aria-disabled=\"true\"><i class=\"fa fa-paper-plane\"></i></a>', 'Salma Adel', '0', '2020-09-16 06:44:19', '2020-09-15 13:01:06', '1', '2', '0');
INSERT INTO `contracts` VALUES ('145', 'C#2020/09/15/1600182570', '1', 'ARPU - Ivas - Etisalat', '1', '0', '155', 'ARPU', 'iVAS', '70', '30', '2017-07-01', '1', '2', '0', '2018-06-30', 'Egypt', 'etisalat - Egypt', '2', '19', '1600182570-9993020.pdf', null, '<a href=\"https://ccms.l-sh.me/annexes?search=contract_id:equal:145\"\' class=\"btn btn-default btn-sm\" role=\"button\" aria-disabled=\"true\"><i class=\"fa fa-paper-plane\"></i></a>', '<a href=\"https://ccms.l-sh.me/authorizations?search=contract_id:equal:145\"\' class=\"btn btn-default btn-sm\" role=\"button\" aria-disabled=\"true\"><i class=\"fa fa-paper-plane\"></i></a>', '<a href=\"https://ccms.l-sh.me/copyrights?search=contract_id:equal:145\"\' class=\"btn btn-default btn-sm\" role=\"button\" aria-disabled=\"true\"><i class=\"fa fa-paper-plane\"></i></a>', 'Salma Adel', '0', '2020-09-15 13:09:30', '2020-09-15 13:09:30', '4', '2', '0');
INSERT INTO `contracts` VALUES ('146', 'C#2020/09/15/1600183136', '4', 'ARPU - Ivas -Sms', '1', '1', '32', 'iVAS', 'ARPU', '70', '30', '2018-11-01', '1', '2', '0', '2019-10-31', 'Egypt', 'Mobinil - Egypt', '2', '4', '1600183136-48566267.pdf', null, '<a href=\"https://ccms.l-sh.me/annexes?search=contract_id:equal:146\"\' class=\"btn btn-default btn-sm\" role=\"button\" aria-disabled=\"true\"><i class=\"fa fa-paper-plane\"></i></a>', '<a href=\"https://ccms.l-sh.me/authorizations?search=contract_id:equal:146\"\' class=\"btn btn-default btn-sm\" role=\"button\" aria-disabled=\"true\"><i class=\"fa fa-paper-plane\"></i></a>', '<a href=\"https://ccms.l-sh.me/copyrights?search=contract_id:equal:146\"\' class=\"btn btn-default btn-sm\" role=\"button\" aria-disabled=\"true\"><i class=\"fa fa-paper-plane\"></i></a>', 'Salma Adel', '0', '2020-09-15 13:18:56', '2020-09-15 13:18:56', '1', '2', '0');
INSERT INTO `contracts` VALUES ('147', 'C#2020/09/15/1600183565', '4', 'ARPU - Ivas -Sms 2', '1', '1', '32', 'iVAS', 'ARPU', '70', '30', '2018-04-01', '1', '2', '0', '2019-03-31', 'Egypt', 'Mobinil - Egypt', '2', '5', '1600183565-21354936.pdf', null, '<a href=\"https://ccms.l-sh.me/annexes?search=contract_id:equal:147\"\' class=\"btn btn-default btn-sm\" role=\"button\" aria-disabled=\"true\"><i class=\"fa fa-paper-plane\"></i></a>', '<a href=\"https://ccms.l-sh.me/authorizations?search=contract_id:equal:147\"\' class=\"btn btn-default btn-sm\" role=\"button\" aria-disabled=\"true\"><i class=\"fa fa-paper-plane\"></i></a>', '<a href=\"https://ccms.l-sh.me/copyrights?search=contract_id:equal:147\"\' class=\"btn btn-default btn-sm\" role=\"button\" aria-disabled=\"true\"><i class=\"fa fa-paper-plane\"></i></a>', 'Salma Adel', '0', '2020-09-15 13:26:05', '2020-09-15 13:26:05', '1', '2', '0');
INSERT INTO `contracts` VALUES ('148', 'C#2020/09/23/1600851351', '1', 'Aamer El Mohalhal', '1', '1', '156', 'iVAS', 'Aamer El Mohalhal', '50', '50', '2015-06-01', '3', '0', '0', '2018-05-31', 'All countries', 'All - All', '2', '11', '1600851351-16469813.pdf', 'All countries except Saudi Arabia', '<a href=\"https://ccms.l-sh.me/annexes?search=contract_id:equal:148\"\' class=\"btn btn-default btn-sm\" role=\"button\" aria-disabled=\"true\"><i class=\"fa fa-paper-plane\"></i></a>', '<a href=\"https://ccms.l-sh.me/authorizations?search=contract_id:equal:148\"\' class=\"btn btn-default btn-sm\" role=\"button\" aria-disabled=\"true\"><i class=\"fa fa-paper-plane\"></i></a>', '<a href=\"https://ccms.l-sh.me/copyrights?search=contract_id:equal:148\"\' class=\"btn btn-default btn-sm\" role=\"button\" aria-disabled=\"true\"><i class=\"fa fa-paper-plane\"></i></a>', 'Salma Adel', '0', '2020-09-23 06:55:51', '2020-09-23 06:55:51', '2', '2', '0');
INSERT INTO `contracts` VALUES ('149', 'C#2020/09/23/1600851482', '1', 'Ahmed El Talhey - Vas Service', '1', '0', '152', 'Ahmed El Talhey', 'iVAS', '50', '50', '2017-02-06', '4', '1', '1', '2022-02-05', 'All countries', 'All - All', '3', '6', '1600851482-48967167.pdf', null, '<a href=\"https://ccms.l-sh.me/annexes?search=contract_id:equal:149\"\' class=\"btn btn-default btn-sm\" role=\"button\" aria-disabled=\"true\"><i class=\"fa fa-paper-plane\"></i></a>', '<a href=\"https://ccms.l-sh.me/authorizations?search=contract_id:equal:149\"\' class=\"btn btn-default btn-sm\" role=\"button\" aria-disabled=\"true\"><i class=\"fa fa-paper-plane\"></i></a>', '<a href=\"https://ccms.l-sh.me/copyrights?search=contract_id:equal:149\"\' class=\"btn btn-default btn-sm\" role=\"button\" aria-disabled=\"true\"><i class=\"fa fa-paper-plane\"></i></a>', 'Salma Adel', '0', '2020-09-23 06:58:02', '2020-09-23 06:58:02', '2', '2', '0');
INSERT INTO `contracts` VALUES ('150', 'C#2020/09/23/1600851577', '7', 'Ahmed El Talhey - Social Media', '1', '1', '152', 'iVAS', 'Ahmed El Talhey', '0', '0', '2017-02-06', '4', '1', '1', '2022-02-05', 'All countries', 'All - All', '3', '6', '1600851577-79018427.pdf', null, '<a href=\"https://ccms.l-sh.me/annexes?search=contract_id:equal:150\"\' class=\"btn btn-default btn-sm\" role=\"button\" aria-disabled=\"true\"><i class=\"fa fa-paper-plane\"></i></a>', '<a href=\"https://ccms.l-sh.me/authorizations?search=contract_id:equal:150\"\' class=\"btn btn-default btn-sm\" role=\"button\" aria-disabled=\"true\"><i class=\"fa fa-paper-plane\"></i></a>', '<a href=\"https://ccms.l-sh.me/copyrights?search=contract_id:equal:150\"\' class=\"btn btn-default btn-sm\" role=\"button\" aria-disabled=\"true\"><i class=\"fa fa-paper-plane\"></i></a>', 'Salma Adel', '0', '2020-09-23 06:59:37', '2020-09-23 06:59:37', '2', '2', '0');
INSERT INTO `contracts` VALUES ('151', 'C#2020/09/27/1601215116', '1', 'Hany Shaker - Waleed Mounir', '1', '0', '157', 'Hany Shaker', 'iVAS', '0', '0', '2020-01-01', '3', '1', '1', '2022-12-31', 'All countries', 'All - All', '3', '6', '1601215116-73312791.pdf', 'العقد بين 3 اطراف هما (هانى شاكر- وليد منير - اي فاز)ونسبه كلا الطرفين 30% واي فاز 40% ا', '<a href=\"https://ccms.l-sh.me/annexes?search=contract_id:equal:151\"\' class=\"btn btn-default btn-sm\" role=\"button\" aria-disabled=\"true\"><i class=\"fa fa-paper-plane\"></i></a>', '<a href=\"https://ccms.l-sh.me/authorizations?search=contract_id:equal:151\"\' class=\"btn btn-default btn-sm\" role=\"button\" aria-disabled=\"true\"><i class=\"fa fa-paper-plane\"></i></a>', '<a href=\"https://ccms.l-sh.me/copyrights?search=contract_id:equal:151\"\' class=\"btn btn-default btn-sm\" role=\"button\" aria-disabled=\"true\"><i class=\"fa fa-paper-plane\"></i></a>', 'Salma Adel', '0', '2020-09-27 17:58:36', '2020-09-27 17:58:36', '2', '2', '0');
INSERT INTO `contracts` VALUES ('152', 'C#2020/09/28/1601295016', '1', 'Silat solution', '2', '1', '158', 'DigiZone', 'Silat solution', '80', '20', '2020-04-01', '1', '1', '1', '2021-03-31', 'Jordan', 'Umniah - Jordan', '2', '9', '1601295016-50754005.pdf', null, '<a href=\"https://ccms.l-sh.me/annexes?search=contract_id:equal:152\"\' class=\"btn btn-default btn-sm\" role=\"button\" aria-disabled=\"true\"><i class=\"fa fa-paper-plane\"></i></a>', '<a href=\"https://ccms.l-sh.me/authorizations?search=contract_id:equal:152\"\' class=\"btn btn-default btn-sm\" role=\"button\" aria-disabled=\"true\"><i class=\"fa fa-paper-plane\"></i></a>', '<a href=\"https://ccms.l-sh.me/copyrights?search=contract_id:equal:152\"\' class=\"btn btn-default btn-sm\" role=\"button\" aria-disabled=\"true\"><i class=\"fa fa-paper-plane\"></i></a>', 'Mohamed Al-Qurashy', '0', '2020-09-28 16:54:37', '2020-09-28 16:10:16', '1', '2', '0');
INSERT INTO `contracts` VALUES ('153', 'C#2020/09/28/1601299418', '4', 'Timwe', '2', '0', '36', 'Tim We Qatar', 'DigiZone', '15', '85', '2020-09-16', '2', '1', '1', '2022-09-15', 'UAE', 'Ooredoo - Qatar', '2', '25', '1601299418-41253251.pdf', null, '<a href=\"https://ccms.l-sh.me/annexes?search=contract_id:equal:153\"\' class=\"btn btn-default btn-sm\" role=\"button\" aria-disabled=\"true\"><i class=\"fa fa-paper-plane\"></i></a>', '<a href=\"https://ccms.l-sh.me/authorizations?search=contract_id:equal:153\"\' class=\"btn btn-default btn-sm\" role=\"button\" aria-disabled=\"true\"><i class=\"fa fa-paper-plane\"></i></a>', '<a href=\"https://ccms.l-sh.me/copyrights?search=contract_id:equal:153\"\' class=\"btn btn-default btn-sm\" role=\"button\" aria-disabled=\"true\"><i class=\"fa fa-paper-plane\"></i></a>', 'Mohamed Al-Qurashy', '0', '2020-09-28 17:23:38', '2020-09-28 17:23:38', '1', '2', '0');
INSERT INTO `contracts` VALUES ('154', 'C#2020/10/06/1601981479', '2', 'Zed Malaysia - RBT', '1', '0', '159', 'ZED', 'iVAS', '70', '30', '2015-01-18', '1', '2', '0', '2016-01-17', 'Algeria,Singapore,Malaysia', 'Digi - Malaysia,Celcom - Malaysia,Maxis - Malaysia,U Mobile - Malaysia', '2', '11', '1601981479-26406323.pdf', null, '<a href=\"https://ccms.l-sh.me/annexes?search=contract_id:equal:154\"\' class=\"btn btn-default btn-sm\" role=\"button\" aria-disabled=\"true\"><i class=\"fa fa-paper-plane\"></i></a>', '<a href=\"https://ccms.l-sh.me/authorizations?search=contract_id:equal:154\"\' class=\"btn btn-default btn-sm\" role=\"button\" aria-disabled=\"true\"><i class=\"fa fa-paper-plane\"></i></a>', '<a href=\"https://ccms.l-sh.me/copyrights?search=contract_id:equal:154\"\' class=\"btn btn-default btn-sm\" role=\"button\" aria-disabled=\"true\"><i class=\"fa fa-paper-plane\"></i></a>', 'Salma Adel', '0', '2020-10-06 14:51:19', '2020-10-06 14:51:19', '1', '2', '0');
INSERT INTO `contracts` VALUES ('155', 'C#2020/10/06/1601982862', '1', 'First Imaginarium Nigeria - Vas', '1', '0', '160', 'First Imaginarium', 'iVAS', '0', '0', '2014-05-28', '3', '1', '1', '2017-05-27', 'Nigeria', 'ALL - Nigeria', '2', '8', '1601982862-65055588.pdf', null, '<a href=\"https://ccms.l-sh.me/annexes?search=contract_id:equal:155\"\' class=\"btn btn-default btn-sm\" role=\"button\" aria-disabled=\"true\"><i class=\"fa fa-paper-plane\"></i></a>', '<a href=\"https://ccms.l-sh.me/authorizations?search=contract_id:equal:155\"\' class=\"btn btn-default btn-sm\" role=\"button\" aria-disabled=\"true\"><i class=\"fa fa-paper-plane\"></i></a>', '<a href=\"https://ccms.l-sh.me/copyrights?search=contract_id:equal:155\"\' class=\"btn btn-default btn-sm\" role=\"button\" aria-disabled=\"true\"><i class=\"fa fa-paper-plane\"></i></a>', 'Salma Adel', '0', '2020-10-06 15:15:23', '2020-10-06 15:14:22', '1', '2', '0');
INSERT INTO `contracts` VALUES ('156', 'C#2020/10/06/1601989496', '1', 'Al Jareed Jordan - Vas', '1', '0', '161', 'Al Jareed', 'iVAS', '0', '0', '2014-10-01', '1', '1', '1', '2015-09-30', 'Jordan,Iraq', 'All - Iraq,ALL - Jordan', '2', '11', '1601989496-79201562.pdf', null, '<a href=\"https://ccms.l-sh.me/annexes?search=contract_id:equal:156\"\' class=\"btn btn-default btn-sm\" role=\"button\" aria-disabled=\"true\"><i class=\"fa fa-paper-plane\"></i></a>', '<a href=\"https://ccms.l-sh.me/authorizations?search=contract_id:equal:156\"\' class=\"btn btn-default btn-sm\" role=\"button\" aria-disabled=\"true\"><i class=\"fa fa-paper-plane\"></i></a>', '<a href=\"https://ccms.l-sh.me/copyrights?search=contract_id:equal:156\"\' class=\"btn btn-default btn-sm\" role=\"button\" aria-disabled=\"true\"><i class=\"fa fa-paper-plane\"></i></a>', 'Salma Adel', '0', '2020-10-06 17:04:56', '2020-10-06 17:04:56', '1', '2', '0');
INSERT INTO `contracts` VALUES ('157', 'C#2020/10/06/1601994195', '4', 'Omani Qatar Tele', '1', '0', '162', 'Omani Qatari Tele', 'iVAS', '0', '0', '2014-10-01', '3', '1', '1', '2017-09-30', 'Oman', 'Omai Qatari Tele - Oman', '2', '14', '1601994195-92248350.pdf', null, '<a href=\"https://ccms.l-sh.me/annexes?search=contract_id:equal:157\"\' class=\"btn btn-default btn-sm\" role=\"button\" aria-disabled=\"true\"><i class=\"fa fa-paper-plane\"></i></a>', '<a href=\"https://ccms.l-sh.me/authorizations?search=contract_id:equal:157\"\' class=\"btn btn-default btn-sm\" role=\"button\" aria-disabled=\"true\"><i class=\"fa fa-paper-plane\"></i></a>', '<a href=\"https://ccms.l-sh.me/copyrights?search=contract_id:equal:157\"\' class=\"btn btn-default btn-sm\" role=\"button\" aria-disabled=\"true\"><i class=\"fa fa-paper-plane\"></i></a>', 'Salma Adel', '0', '2020-10-06 18:23:15', '2020-10-06 18:23:15', '3', '2', '0');

-- ----------------------------
-- Table structure for `countries`
-- ----------------------------
DROP TABLE IF EXISTS `countries`;
CREATE TABLE `countries` (
  `id` int(10) unsigned NOT NULL AUTO_INCREMENT,
  `title` varchar(191) COLLATE utf8mb4_unicode_ci NOT NULL,
  `created_at` timestamp NULL DEFAULT NULL,
  `updated_at` timestamp NULL DEFAULT NULL,
  PRIMARY KEY (`id`)
) ENGINE=InnoDB AUTO_INCREMENT=27 DEFAULT CHARSET=utf8mb4 COLLATE=utf8mb4_unicode_ci;

-- ----------------------------
-- Records of countries
-- ----------------------------
INSERT INTO `countries` VALUES ('1', 'Egypt', '2020-07-22 13:44:23', null);
INSERT INTO `countries` VALUES ('2', 'Kuwait', '2020-07-22 13:44:31', null);
INSERT INTO `countries` VALUES ('3', 'KSA', '2020-07-22 13:44:37', null);
INSERT INTO `countries` VALUES ('4', 'UAE', '2020-07-22 13:52:02', null);
INSERT INTO `countries` VALUES ('5', 'Tunisia', '2020-07-22 13:52:11', null);
INSERT INTO `countries` VALUES ('6', 'Moroco', '2020-07-22 13:52:19', null);
INSERT INTO `countries` VALUES ('7', 'Algeria', '2020-07-22 13:52:51', null);
INSERT INTO `countries` VALUES ('8', 'Jordan', '2020-07-22 13:53:04', null);
INSERT INTO `countries` VALUES ('9', 'Qatar', '2020-07-22 14:09:32', null);
INSERT INTO `countries` VALUES ('10', 'Bahrain', '2020-07-22 14:09:41', null);
INSERT INTO `countries` VALUES ('11', 'Sudan', '2020-07-22 14:09:49', null);
INSERT INTO `countries` VALUES ('12', 'Palestine', '2020-07-22 14:09:58', null);
INSERT INTO `countries` VALUES ('13', 'Syria', '2020-07-22 14:24:16', null);
INSERT INTO `countries` VALUES ('14', 'Oman', '2020-07-22 14:24:58', null);
INSERT INTO `countries` VALUES ('15', 'Yaman', '2020-07-22 14:26:20', null);
INSERT INTO `countries` VALUES ('16', 'Iraq', '2020-07-22 14:26:33', null);
INSERT INTO `countries` VALUES ('17', 'Gulf Countries [KSA - Oman - Kuwait - Qatar - UAE - Bahrain]', '2020-07-26 11:25:54', null);
INSERT INTO `countries` VALUES ('18', 'Maghreb Countries [Morocco - Tunisia - Algeria - Mauritania - Libya]', '2020-07-26 11:31:42', null);
INSERT INTO `countries` VALUES ('19', 'Levant Countries [Syria - Lebanon - Palestine - Jordan]', '2020-07-26 12:00:44', null);
INSERT INTO `countries` VALUES ('20', 'libya', '2020-08-12 09:12:49', null);
INSERT INTO `countries` VALUES ('21', 'All countries', '2020-08-12 13:40:12', null);
INSERT INTO `countries` VALUES ('22', 'Afghanistan', '2020-08-31 12:21:22', null);
INSERT INTO `countries` VALUES ('23', 'Rwanda', '2020-08-31 13:16:08', null);
INSERT INTO `countries` VALUES ('24', 'Singapore', '2020-10-06 16:45:09', null);
INSERT INTO `countries` VALUES ('25', 'Malaysia', '2020-10-06 16:45:23', null);
INSERT INTO `countries` VALUES ('26', 'Nigeria', '2020-10-06 17:09:37', null);

-- ----------------------------
-- Table structure for `currencies`
-- ----------------------------
DROP TABLE IF EXISTS `currencies`;
CREATE TABLE `currencies` (
  `id` int(10) unsigned NOT NULL AUTO_INCREMENT,
  `title` varchar(191) COLLATE utf8mb4_unicode_ci NOT NULL,
  `created_at` timestamp NULL DEFAULT NULL,
  `updated_at` timestamp NULL DEFAULT NULL,
  PRIMARY KEY (`id`)
) ENGINE=InnoDB AUTO_INCREMENT=6 DEFAULT CHARSET=utf8mb4 COLLATE=utf8mb4_unicode_ci;

-- ----------------------------
-- Records of currencies
-- ----------------------------
INSERT INTO `currencies` VALUES ('1', 'USD', null, null);
INSERT INTO `currencies` VALUES ('2', 'SAR', null, null);
INSERT INTO `currencies` VALUES ('3', 'EGP', null, null);
INSERT INTO `currencies` VALUES ('5', 'KWD', '2020-10-07 08:35:07', '2020-10-07 08:35:07');

-- ----------------------------
-- Table structure for `departments`
-- ----------------------------
DROP TABLE IF EXISTS `departments`;
CREATE TABLE `departments` (
  `id` int(10) unsigned NOT NULL AUTO_INCREMENT,
  `title` varchar(191) COLLATE utf8mb4_unicode_ci NOT NULL,
  `email` varchar(191) COLLATE utf8mb4_unicode_ci NOT NULL,
  `manager_id` int(10) unsigned DEFAULT NULL,
  `created_at` timestamp NULL DEFAULT NULL,
  `updated_at` timestamp NULL DEFAULT NULL,
  PRIMARY KEY (`id`),
  KEY `departments_manager_id_foreign` (`manager_id`),
  CONSTRAINT `departments_manager_id_foreign` FOREIGN KEY (`manager_id`) REFERENCES `users` (`id`) ON DELETE CASCADE
) ENGINE=InnoDB AUTO_INCREMENT=3 DEFAULT CHARSET=utf8mb4 COLLATE=utf8mb4_unicode_ci;

-- ----------------------------
-- Records of departments
-- ----------------------------
INSERT INTO `departments` VALUES ('1', 'operation', 'emad@ivas.com.eg', '5', '2020-09-06 11:51:58', '2020-10-18 10:21:03');
INSERT INTO `departments` VALUES ('2', 'Development', 'emad.mohamed@digizone.com.kw', '2', '2020-10-07 08:30:12', '2020-10-18 10:19:23');

-- ----------------------------
-- Table structure for `first_parties`
-- ----------------------------
DROP TABLE IF EXISTS `first_parties`;
CREATE TABLE `first_parties` (
  `id` bigint(20) unsigned NOT NULL AUTO_INCREMENT,
  `first_party_title` varchar(191) COLLATE utf8mb4_unicode_ci NOT NULL,
  `first_party_joining_date` date NOT NULL DEFAULT '2020-09-10',
  `created_at` timestamp NULL DEFAULT NULL,
  `updated_at` timestamp NULL DEFAULT NULL,
  PRIMARY KEY (`id`)
) ENGINE=InnoDB AUTO_INCREMENT=4 DEFAULT CHARSET=utf8mb4 COLLATE=utf8mb4_unicode_ci;

-- ----------------------------
-- Records of first_parties
-- ----------------------------
INSERT INTO `first_parties` VALUES ('1', 'iVAS', '2013-01-01', null, null);
INSERT INTO `first_parties` VALUES ('2', 'DigiZone', '2019-01-01', null, null);
INSERT INTO `first_parties` VALUES ('3', 'Scene Production', '2016-01-01', null, null);

-- ----------------------------
-- Table structure for `migrations`
-- ----------------------------
DROP TABLE IF EXISTS `migrations`;
CREATE TABLE `migrations` (
  `id` int(10) unsigned NOT NULL AUTO_INCREMENT,
  `migration` varchar(191) COLLATE utf8mb4_unicode_ci NOT NULL,
  `batch` int(11) NOT NULL,
  PRIMARY KEY (`id`)
) ENGINE=InnoDB AUTO_INCREMENT=86 DEFAULT CHARSET=utf8mb4 COLLATE=utf8mb4_unicode_ci;

-- ----------------------------
-- Records of migrations
-- ----------------------------
INSERT INTO `migrations` VALUES ('1', '2014_10_12_000000_create_users_table', '1');
INSERT INTO `migrations` VALUES ('2', '2014_10_12_100000_create_password_resets_table', '1');
INSERT INTO `migrations` VALUES ('3', '2017_08_01_141233_create_permission_tables', '1');
INSERT INTO `migrations` VALUES ('4', '2017_08_02_091157_aggregators', '1');
INSERT INTO `migrations` VALUES ('5', '2017_08_02_091356_countries', '1');
INSERT INTO `migrations` VALUES ('6', '2017_08_02_091457_operators', '1');
INSERT INTO `migrations` VALUES ('7', '2017_08_02_091531_providers', '1');
INSERT INTO `migrations` VALUES ('8', '2017_08_02_091653_occasions', '1');
INSERT INTO `migrations` VALUES ('9', '2017_08_02_092035_rbts', '1');
INSERT INTO `migrations` VALUES ('10', '2017_08_02_092417_currencies', '1');
INSERT INTO `migrations` VALUES ('11', '2017_08_02_092528_types', '1');
INSERT INTO `migrations` VALUES ('12', '2017_08_02_092853_reports', '1');
INSERT INTO `migrations` VALUES ('13', '2017_08_02_104125_add_profile_image_to_user', '1');
INSERT INTO `migrations` VALUES ('14', '2017_08_03_105704_remove_rbt_titke_ar_from_rbt', '1');
INSERT INTO `migrations` VALUES ('15', '2017_08_07_085506_drop_reports_table', '1');
INSERT INTO `migrations` VALUES ('16', '2017_08_07_085632_create_reports_table', '1');
INSERT INTO `migrations` VALUES ('17', '2017_09_17_092342_add_rbt_id_to_reports_table', '1');
INSERT INTO `migrations` VALUES ('18', '2017_09_17_115811_edit_reports_table_modify_total_and_share_revenue_by_sql', '1');
INSERT INTO `migrations` VALUES ('19', '2017_10_09_102906_add_some_columns_to_rbts_table_handle_nex_excel', '1');
INSERT INTO `migrations` VALUES ('20', '2017_10_16_135114_drop_provider_from_rbt', '1');
INSERT INTO `migrations` VALUES ('21', '2017_10_17_071338_return_back_provider_id_rbt', '1');
INSERT INTO `migrations` VALUES ('22', '2017_10_17_072304_drop_content_owner_from_rbts', '1');
INSERT INTO `migrations` VALUES ('23', '2017_10_18_083014_add_foreignkey_to_reports', '1');
INSERT INTO `migrations` VALUES ('24', '2017_10_22_145452_change_month_datatype', '1');
INSERT INTO `migrations` VALUES ('25', '2019_02_12_144858_add_aggregator_id_to_users', '1');
INSERT INTO `migrations` VALUES ('26', '2019_04_22_161443_create_permissions_table', '1');
INSERT INTO `migrations` VALUES ('27', '2019_04_22_161443_create_role_has_permissions_table', '1');
INSERT INTO `migrations` VALUES ('28', '2019_04_22_161443_create_roles_table', '1');
INSERT INTO `migrations` VALUES ('29', '2019_04_22_161443_create_user_has_permissions_table', '1');
INSERT INTO `migrations` VALUES ('30', '2019_04_22_161443_create_user_has_roles_table', '1');
INSERT INTO `migrations` VALUES ('31', '2019_04_22_161445_add_foreign_keys_to_role_has_permissions_table', '1');
INSERT INTO `migrations` VALUES ('32', '2019_04_22_161445_add_foreign_keys_to_user_has_permissions_table', '1');
INSERT INTO `migrations` VALUES ('33', '2019_04_22_161445_add_foreign_keys_to_user_has_roles_table', '1');
INSERT INTO `migrations` VALUES ('34', '2019_08_25_094545_create_contents_table', '1');
INSERT INTO `migrations` VALUES ('35', '2019_08_25_094920_add_content_id_fk_to_rbts', '1');
INSERT INTO `migrations` VALUES ('36', '2019_08_25_095042_add_internal_coding_to_rbts', '1');
INSERT INTO `migrations` VALUES ('37', '2019_08_25_095135_create_departments_table', '1');
INSERT INTO `migrations` VALUES ('38', '2019_08_25_095157_create_notifications_table', '1');
INSERT INTO `migrations` VALUES ('45', '2019_12_11_093741_create_roadmaps_table', '2');
INSERT INTO `migrations` VALUES ('46', '2020_09_10_092433_create_provider_contents_table', '2');
INSERT INTO `migrations` VALUES ('47', '2020_09_10_103857_add_country_id_to_occasions_table', '3');
INSERT INTO `migrations` VALUES ('48', '2020_09_14_111520_create_contract_duration_table', '4');
INSERT INTO `migrations` VALUES ('49', '2020_09_14_111520_create_contract_services_table', '4');
INSERT INTO `migrations` VALUES ('50', '2020_09_14_111520_create_contracts_table', '4');
INSERT INTO `migrations` VALUES ('51', '2020_09_14_111520_create_first_parties_table', '4');
INSERT INTO `migrations` VALUES ('52', '2020_09_14_111520_create_percentage_table', '4');
INSERT INTO `migrations` VALUES ('53', '2020_09_14_111520_create_second_parties_table', '4');
INSERT INTO `migrations` VALUES ('54', '2020_09_14_111520_create_second_party_types_table', '4');
INSERT INTO `migrations` VALUES ('55', '2020_09_14_111520_create_service_types_table', '4');
INSERT INTO `migrations` VALUES ('56', '2019_10_13_091104_add_second_parties', '5');
INSERT INTO `migrations` VALUES ('57', '2019_10_13_091104_add_second_party', '5');
INSERT INTO `migrations` VALUES ('58', '2019_10_13_091104_add_sql_seed', '6');
INSERT INTO `migrations` VALUES ('59', '2020_09_14_150218_add_currency_to_curruncies', '7');
INSERT INTO `migrations` VALUES ('60', '2020_09_14_145753_create_amount_revenu_table', '8');
INSERT INTO `migrations` VALUES ('61', '2020_09_14_145806_create_revenus_table', '8');
INSERT INTO `migrations` VALUES ('62', '2020_09_15_144447_drop_orgin_key_in_provider_contetns_table', '9');
INSERT INTO `migrations` VALUES ('63', '2019_04_22_161443_create_settings_table', '10');
INSERT INTO `migrations` VALUES ('64', '2020_09_16_132026_add_setting_type_data', '10');
INSERT INTO `migrations` VALUES ('65', '2020_09_16_131331_add_all_countries_to_country', '11');
INSERT INTO `migrations` VALUES ('66', '2019_08_25_094545_add_column_contents_table', '12');
INSERT INTO `migrations` VALUES ('67', '2020_05_17_012301_create_attachments_table', '13');
INSERT INTO `migrations` VALUES ('72', '2020_10_06_133624_create_templates_table', '14');
INSERT INTO `migrations` VALUES ('73', '2020_10_06_133626_create_contract_items_table', '14');
INSERT INTO `migrations` VALUES ('74', '2020_10_06_133627_create_contract_table_items_table', '14');
INSERT INTO `migrations` VALUES ('75', '2020_10_12_075210_add_contract_type_to_contracts_table', '15');
INSERT INTO `migrations` VALUES ('78', '2020_10_14_085731_contract_items_approves', '16');
INSERT INTO `migrations` VALUES ('79', '2020_10_12_075210_add_column_contract_items_table', '17');
INSERT INTO `migrations` VALUES ('80', '2020_10_11_145300_make_template_id_foriegn_key', '18');
INSERT INTO `migrations` VALUES ('81', '2020_10_11_150046_templates_seeder', '19');
INSERT INTO `migrations` VALUES ('82', '2020_10_11_150109_templates_item_seeder', '19');
INSERT INTO `migrations` VALUES ('83', '2020_10_14_120144_update_items_in_template_items_table', '19');
INSERT INTO `migrations` VALUES ('84', '2020_10_12_075210_add_column_contract_fullapproves_table', '20');
INSERT INTO `migrations` VALUES ('85', '2020_10_18_144210_add_ceo_approve_to_contracts_table', '21');

-- ----------------------------
-- Table structure for `notifications`
-- ----------------------------
DROP TABLE IF EXISTS `notifications`;
CREATE TABLE `notifications` (
  `id` int(10) unsigned NOT NULL AUTO_INCREMENT,
  `notifier_id` int(11) NOT NULL,
  `notified_id` int(11) NOT NULL,
  `subject` varchar(191) COLLATE utf8mb4_unicode_ci NOT NULL,
  `link` varchar(500) COLLATE utf8mb4_unicode_ci NOT NULL,
  `seen` tinyint(1) NOT NULL DEFAULT '0' COMMENT '0 =not seen , 1 = seen ',
  `created_at` timestamp NULL DEFAULT NULL,
  `updated_at` timestamp NULL DEFAULT NULL,
  PRIMARY KEY (`id`)
) ENGINE=InnoDB AUTO_INCREMENT=16 DEFAULT CHARSET=utf8mb4 COLLATE=utf8mb4_unicode_ci;

-- ----------------------------
-- Records of notifications
-- ----------------------------
INSERT INTO `notifications` VALUES ('1', '1', '1', 'Add New Content You Can Follow It From This Link', 'http://localhost/rbt_system_php7/content/3/edit', '1', '2020-09-14 12:57:34', '2020-10-18 10:29:03');
INSERT INTO `notifications` VALUES ('2', '1', '1', 'Add New Content You Can Follow It From This Link', 'http://localhost/rbt_system_php7/content/4/edit', '1', '2020-09-14 12:58:22', '2020-10-18 10:29:03');
INSERT INTO `notifications` VALUES ('3', '1', '1', 'Add New Content You Can Follow It From This Link', 'http://localhost/rbt_system_php7/content/5/edit', '1', '2020-09-14 12:58:48', '2020-10-18 10:29:03');
INSERT INTO `notifications` VALUES ('4', '1', '1', 'Add New Content You Can Follow It From This Link', 'http://localhost/rbt_system_php7/content/6/edit', '1', '2020-09-14 12:59:37', '2020-10-18 10:29:03');
INSERT INTO `notifications` VALUES ('5', '1', '1', 'Add New Content You Can Follow It From This Link', 'http://localhost/rbt_system_php7/content/34/edit', '1', '2020-09-17 10:29:54', '2020-10-18 10:29:03');
INSERT INTO `notifications` VALUES ('6', '1', '1', 'Add New Content You Can Follow It From This Link', 'http://localhost/rbt_system_php7/content//edit', '1', '2020-09-20 12:48:39', '2020-10-18 10:29:03');
INSERT INTO `notifications` VALUES ('7', '1', '1', 'Add New Content You Can Follow It From This Link', 'http://localhost/rbt_system_php7/content//edit', '1', '2020-10-07 13:45:14', '2020-10-18 10:29:03');
INSERT INTO `notifications` VALUES ('8', '1', '1', 'Add New Content You Can Follow It From This Link', 'http://localhost/rbt_system_php7/content//edit', '1', '2020-10-12 10:59:49', '2020-10-18 10:29:03');
INSERT INTO `notifications` VALUES ('9', '1', '5', 'Add New Contract Item Message You Can Follow It From This Link', 'https://dev.digizone.com.kw/rbt_system_php7/contract_items_send/1/edit', '1', '2020-10-18 10:21:25', '2020-10-18 10:28:56');
INSERT INTO `notifications` VALUES ('10', '1', '2', 'Add New Contract Item Message You Can Follow It From This Link', 'https://dev.digizone.com.kw/rbt_system_php7/contract_items_send/2/edit', '1', '2020-10-18 10:21:25', '2020-10-18 10:29:07');
INSERT INTO `notifications` VALUES ('11', '1', '5', 'Add New Contract Item Message You Can Follow It From This Link', 'https://dev.digizone.com.kw/rbt_system_php7/contract_items_send/3/edit', '1', '2020-10-18 10:21:27', '2020-10-18 10:28:56');
INSERT INTO `notifications` VALUES ('12', '1', '2', 'Add New Contract Item Message You Can Follow It From This Link', 'https://dev.digizone.com.kw/rbt_system_php7/contract_items_send/4/edit', '1', '2020-10-18 10:21:27', '2020-10-18 10:29:07');
INSERT INTO `notifications` VALUES ('13', '1', '5', 'There is new contract items with label and code C#2020/10/20/1603194203 contract_new_test needed to approve ', 'https://dev.digizone.com.kw/rbt_system_php7/contract_items_send/5/edit', '1', '2020-10-20 11:43:23', '2020-10-20 11:46:06');
INSERT INTO `notifications` VALUES ('14', '1', '2', 'There is new contract items with label and code C#2020/10/20/1603194203 contract_new_test needed to approve ', 'https://dev.digizone.com.kw/rbt_system_php7/contract_items_send/6/edit', '0', '2020-10-20 11:43:23', '2020-10-20 11:43:23');
INSERT INTO `notifications` VALUES ('15', '1', '5', 'There is new contract items with label and code C#2020/10/20/1603194203 contract_new_test needed to approve ', 'https://dev.digizone.com.kw/rbt_system_php7/contract_items_send/7/edit', '1', '2020-10-20 11:43:25', '2020-10-20 11:45:33');

-- ----------------------------
-- Table structure for `occasions`
-- ----------------------------
DROP TABLE IF EXISTS `occasions`;
CREATE TABLE `occasions` (
  `id` int(10) unsigned NOT NULL AUTO_INCREMENT,
  `title` varchar(191) COLLATE utf8mb4_unicode_ci NOT NULL,
  `created_at` timestamp NULL DEFAULT NULL,
  `updated_at` timestamp NULL DEFAULT NULL,
  `country_id` int(10) unsigned NOT NULL,
  PRIMARY KEY (`id`),
  KEY `occasions_country_id_foreign` (`country_id`),
  CONSTRAINT `occasions_country_id_foreign` FOREIGN KEY (`country_id`) REFERENCES `countries` (`id`) ON DELETE CASCADE
) ENGINE=InnoDB AUTO_INCREMENT=22 DEFAULT CHARSET=utf8mb4 COLLATE=utf8mb4_unicode_ci;

-- ----------------------------
-- Records of occasions
-- ----------------------------
INSERT INTO `occasions` VALUES ('6', 'Nationali Ksa day', '2020-09-15 12:00:25', '2020-09-15 12:00:25', '2');
INSERT INTO `occasions` VALUES ('8', 'national Kuwait Day', '2020-09-15 12:00:59', '2020-09-15 12:00:59', '3');
INSERT INTO `occasions` VALUES ('9', 'National Egypt Day', '2020-09-15 12:03:45', '2020-09-15 12:03:45', '1');
INSERT INTO `occasions` VALUES ('16', 'islamic', '2020-09-17 09:37:44', '2020-09-17 09:37:44', '5');
INSERT INTO `occasions` VALUES ('21', 'entainment ', '2020-10-07 14:03:15', '2020-10-07 14:03:15', '5');

-- ----------------------------
-- Table structure for `operators`
-- ----------------------------
DROP TABLE IF EXISTS `operators`;
CREATE TABLE `operators` (
  `id` int(10) unsigned NOT NULL AUTO_INCREMENT,
  `title` varchar(191) COLLATE utf8mb4_unicode_ci NOT NULL,
  `country_id` int(10) unsigned DEFAULT NULL,
  `created_at` timestamp NULL DEFAULT NULL,
  `updated_at` timestamp NULL DEFAULT NULL,
  PRIMARY KEY (`id`),
  KEY `operators_country_id_foreign` (`country_id`),
  CONSTRAINT `operators_country_id_foreign` FOREIGN KEY (`country_id`) REFERENCES `countries` (`id`) ON DELETE CASCADE
) ENGINE=InnoDB AUTO_INCREMENT=79 DEFAULT CHARSET=utf8mb4 COLLATE=utf8mb4_unicode_ci;

-- ----------------------------
-- Records of operators
-- ----------------------------
INSERT INTO `operators` VALUES ('12', 'ooredoo - Kuwait', '2', '2020-08-12 10:52:39', null);
INSERT INTO `operators` VALUES ('13', 'Mobinil - Egypt', '1', '2020-08-31 09:33:45', null);
INSERT INTO `operators` VALUES ('14', 'Vodafone - Egypt', '1', '2020-08-31 09:42:40', null);
INSERT INTO `operators` VALUES ('15', 'Zain - Kuwait', '2', '2020-08-31 09:43:26', null);
INSERT INTO `operators` VALUES ('16', 'Zain - Iraq', '18', '2020-06-21 06:35:59', null);
INSERT INTO `operators` VALUES ('17', 'All - Tunisia', '5', '2020-08-31 09:44:47', null);
INSERT INTO `operators` VALUES ('18', 'Tunisie Telecom - Tunisia', '5', '2020-08-31 09:45:29', null);
INSERT INTO `operators` VALUES ('19', 'All - Iraq', '18', '2020-06-22 07:46:03', null);
INSERT INTO `operators` VALUES ('20', 'Youtube - All', '19', '2020-06-22 08:47:39', null);
INSERT INTO `operators` VALUES ('21', 'I-Tunes', '19', '2020-06-22 09:05:33', null);
INSERT INTO `operators` VALUES ('22', 'All - Sudan', '11', '2020-08-31 09:42:09', null);
INSERT INTO `operators` VALUES ('23', 'All - All', '19', '2020-06-23 03:19:11', null);
INSERT INTO `operators` VALUES ('24', 'Meditel - Morocco', '6', '2020-08-31 09:41:42', null);
INSERT INTO `operators` VALUES ('25', 'Inwi - Morocco', '6', '2020-08-31 09:41:01', null);
INSERT INTO `operators` VALUES ('26', 'Maroc Telecom - Morocco', '6', '2020-08-31 09:40:41', null);
INSERT INTO `operators` VALUES ('27', 'Djezzy - Algeria', '7', '2020-08-26 10:16:35', null);
INSERT INTO `operators` VALUES ('28', 'Vodafone - Qatar', '9', '2020-08-26 10:14:39', null);
INSERT INTO `operators` VALUES ('29', 'Ooredoo - Qatar', '9', '2020-08-25 12:31:15', null);
INSERT INTO `operators` VALUES ('30', 'MTN - Sudan', '11', '2020-08-31 09:40:14', null);
INSERT INTO `operators` VALUES ('31', 'Zain - Sudan', '11', '2020-08-31 09:39:32', null);
INSERT INTO `operators` VALUES ('32', 'Sudani One - Sudan', '11', '2020-08-31 09:38:57', null);
INSERT INTO `operators` VALUES ('33', 'Zain - Qatar', '9', '2020-08-26 10:17:01', null);
INSERT INTO `operators` VALUES ('34', 'All - Egypt', '1', '2020-08-31 09:38:30', null);
INSERT INTO `operators` VALUES ('35', 'STC - KSA', '3', '2020-08-31 09:38:09', null);
INSERT INTO `operators` VALUES ('36', 'Zain - KSA', '3', '2020-08-31 09:37:50', null);
INSERT INTO `operators` VALUES ('37', 'Watanya - Kuwait', '2', '2020-08-31 09:37:13', null);
INSERT INTO `operators` VALUES ('38', 'Mobily - KSA', '3', '2020-08-31 09:36:47', null);
INSERT INTO `operators` VALUES ('39', 'Tunisiana - Tunisia', '9', '2020-06-30 12:22:07', null);
INSERT INTO `operators` VALUES ('40', 'Tunisiana - Tunisia', '5', '2020-08-31 09:35:32', null);
INSERT INTO `operators` VALUES ('41', 'Qtel - Qatar', '9', '2020-08-26 10:13:47', null);
INSERT INTO `operators` VALUES ('42', 'Orange - Tunisia', '5', '2020-08-31 09:34:47', null);
INSERT INTO `operators` VALUES ('43', 'Viva - Kuwait', '2', '2020-08-31 09:33:17', null);
INSERT INTO `operators` VALUES ('44', 'libyana - libya', '20', '2020-08-12 09:22:07', null);
INSERT INTO `operators` VALUES ('45', 'libyana - libya', '20', '2020-08-12 09:22:08', null);
INSERT INTO `operators` VALUES ('46', 'korek tele - Iraq', '16', '2020-08-12 10:53:07', null);
INSERT INTO `operators` VALUES ('47', 'du - UAE', '4', '2020-08-12 10:53:21', null);
INSERT INTO `operators` VALUES ('48', 'etisalat - UAE', '4', '2020-08-12 10:53:44', null);
INSERT INTO `operators` VALUES ('49', 'zain - Jordan', '8', '2020-08-12 10:53:57', null);
INSERT INTO `operators` VALUES ('50', 'Umniah - Jordan', '8', '2020-08-12 10:54:51', null);
INSERT INTO `operators` VALUES ('51', 'etisalat - Egypt', '1', '2020-08-12 11:22:41', null);
INSERT INTO `operators` VALUES ('52', 'we - Egypt', '1', '2020-08-16 13:45:58', null);
INSERT INTO `operators` VALUES ('53', 'watanya - Palestine', '12', '2020-08-18 09:26:51', null);
INSERT INTO `operators` VALUES ('54', 'jawwal - Palestine', '12', '2020-08-18 09:27:52', null);
INSERT INTO `operators` VALUES ('55', 'renna - Oman', '14', '2020-08-18 09:29:24', null);
INSERT INTO `operators` VALUES ('56', 'orange - Jordan', '8', '2020-08-18 09:29:53', null);
INSERT INTO `operators` VALUES ('57', 'Ooredoo - Palestine', '12', '2020-08-19 07:21:36', null);
INSERT INTO `operators` VALUES ('58', 'All - Yaman', '15', '2020-08-25 14:49:55', null);
INSERT INTO `operators` VALUES ('59', 'ALL - Jordan', '8', '2020-08-26 09:44:47', null);
INSERT INTO `operators` VALUES ('60', 'ALL - Bahrain', '10', '2020-08-26 09:45:08', null);
INSERT INTO `operators` VALUES ('61', 'ALL - Oman', '14', '2020-08-26 09:45:26', null);
INSERT INTO `operators` VALUES ('62', 'ALL - Kuwait', '2', '2020-08-26 10:17:27', null);
INSERT INTO `operators` VALUES ('63', 'Virgin - KSA', '3', '2020-08-30 12:50:42', null);
INSERT INTO `operators` VALUES ('64', 'Omantel - Oman', '14', '2020-08-30 12:51:22', null);
INSERT INTO `operators` VALUES ('65', 'ooredoo - Algeria', '7', '2020-08-30 12:51:47', null);
INSERT INTO `operators` VALUES ('66', 'Sudatel - Sudan', '11', '2020-08-31 09:46:29', null);
INSERT INTO `operators` VALUES ('67', 'Etisalat - Afghanistan', '22', '2020-08-31 12:21:44', null);
INSERT INTO `operators` VALUES ('68', 'ALL - Rwanda', '23', '2020-08-31 13:16:43', null);
INSERT INTO `operators` VALUES ('69', 'YouTube Channel - All countries', '21', '2020-09-02 14:51:47', null);
INSERT INTO `operators` VALUES ('70', 'Radio - Egypt', '1', '2020-09-07 10:41:41', null);
INSERT INTO `operators` VALUES ('71', 'Etisalat - Moroco', '6', '2020-09-16 07:55:13', null);
INSERT INTO `operators` VALUES ('72', 'Mobilis - Algeria', '7', '2020-09-16 08:00:22', null);
INSERT INTO `operators` VALUES ('73', 'Digi - Malaysia', '25', '2020-10-06 16:46:07', null);
INSERT INTO `operators` VALUES ('74', 'Celcom - Malaysia', '25', '2020-10-06 16:46:40', null);
INSERT INTO `operators` VALUES ('75', 'Maxis - Malaysia', '25', '2020-10-06 16:47:58', null);
INSERT INTO `operators` VALUES ('76', 'U Mobile - Malaysia', '25', '2020-10-06 16:48:17', null);
INSERT INTO `operators` VALUES ('77', 'ALL - Nigeria', '26', '2020-10-06 17:10:08', null);
INSERT INTO `operators` VALUES ('78', 'Omai Qatari Tele - Oman', '14', '2020-10-06 19:58:57', null);

-- ----------------------------
-- Table structure for `password_resets`
-- ----------------------------
DROP TABLE IF EXISTS `password_resets`;
CREATE TABLE `password_resets` (
  `email` varchar(191) COLLATE utf8mb4_unicode_ci NOT NULL,
  `token` varchar(191) COLLATE utf8mb4_unicode_ci NOT NULL,
  `created_at` timestamp NOT NULL DEFAULT CURRENT_TIMESTAMP ON UPDATE CURRENT_TIMESTAMP,
  KEY `password_resets_email_index` (`email`),
  KEY `password_resets_token_index` (`token`)
) ENGINE=InnoDB DEFAULT CHARSET=utf8mb4 COLLATE=utf8mb4_unicode_ci;

-- ----------------------------
-- Records of password_resets
-- ----------------------------

-- ----------------------------
-- Table structure for `percentage`
-- ----------------------------
DROP TABLE IF EXISTS `percentage`;
CREATE TABLE `percentage` (
  `id` bigint(20) unsigned NOT NULL AUTO_INCREMENT,
  `percentage` tinyint(1) NOT NULL,
  PRIMARY KEY (`id`)
) ENGINE=InnoDB AUTO_INCREMENT=22 DEFAULT CHARSET=utf8mb4 COLLATE=utf8mb4_unicode_ci;

-- ----------------------------
-- Records of percentage
-- ----------------------------
INSERT INTO `percentage` VALUES ('1', '5');
INSERT INTO `percentage` VALUES ('2', '10');
INSERT INTO `percentage` VALUES ('3', '15');
INSERT INTO `percentage` VALUES ('4', '20');
INSERT INTO `percentage` VALUES ('5', '25');
INSERT INTO `percentage` VALUES ('6', '30');
INSERT INTO `percentage` VALUES ('7', '35');
INSERT INTO `percentage` VALUES ('8', '40');
INSERT INTO `percentage` VALUES ('9', '45');
INSERT INTO `percentage` VALUES ('10', '50');
INSERT INTO `percentage` VALUES ('11', '55');
INSERT INTO `percentage` VALUES ('12', '60');
INSERT INTO `percentage` VALUES ('13', '65');
INSERT INTO `percentage` VALUES ('14', '70');
INSERT INTO `percentage` VALUES ('15', '75');
INSERT INTO `percentage` VALUES ('16', '80');
INSERT INTO `percentage` VALUES ('17', '85');
INSERT INTO `percentage` VALUES ('18', '90');
INSERT INTO `percentage` VALUES ('19', '95');
INSERT INTO `percentage` VALUES ('20', '0');
INSERT INTO `percentage` VALUES ('21', '28');

-- ----------------------------
-- Table structure for `permissions`
-- ----------------------------
DROP TABLE IF EXISTS `permissions`;
CREATE TABLE `permissions` (
  `id` int(10) unsigned NOT NULL AUTO_INCREMENT,
  `name` varchar(191) COLLATE utf8mb4_unicode_ci NOT NULL,
  `created_at` timestamp NULL DEFAULT NULL,
  `updated_at` timestamp NULL DEFAULT NULL,
  PRIMARY KEY (`id`),
  UNIQUE KEY `permissions_name_unique` (`name`)
) ENGINE=InnoDB DEFAULT CHARSET=utf8mb4 COLLATE=utf8mb4_unicode_ci;

-- ----------------------------
-- Records of permissions
-- ----------------------------

-- ----------------------------
-- Table structure for `provider_contents`
-- ----------------------------
DROP TABLE IF EXISTS `provider_contents`;
CREATE TABLE `provider_contents` (
  `id` int(10) unsigned NOT NULL AUTO_INCREMENT,
  `roadmap_id` int(10) unsigned NOT NULL,
  `provider_id` int(10) unsigned NOT NULL,
  `content_id` int(10) unsigned NOT NULL,
  `rbt_track_specs` text COLLATE utf8mb4_unicode_ci NOT NULL,
  `created_at` timestamp NULL DEFAULT NULL,
  `updated_at` timestamp NULL DEFAULT NULL,
  PRIMARY KEY (`id`),
  KEY `provider_contents_roadmap_id_foreign` (`roadmap_id`),
  KEY `provider_contents_provider_id_foreign` (`provider_id`),
  KEY `provider_contents_content_id_foreign` (`content_id`)
) ENGINE=InnoDB AUTO_INCREMENT=64 DEFAULT CHARSET=utf8mb4 COLLATE=utf8mb4_unicode_ci;

-- ----------------------------
-- Records of provider_contents
-- ----------------------------
INSERT INTO `provider_contents` VALUES ('47', '6', '1', '34', '26', null, null);
INSERT INTO `provider_contents` VALUES ('48', '6', '2', '10', '23', null, null);
INSERT INTO `provider_contents` VALUES ('49', '6', '8', '44', '32,33', null, null);
INSERT INTO `provider_contents` VALUES ('52', '7', '1', '34', '26', null, null);
INSERT INTO `provider_contents` VALUES ('53', '7', '8', '44', '32,33', null, null);
INSERT INTO `provider_contents` VALUES ('56', '8', '1', '34', '26', null, null);
INSERT INTO `provider_contents` VALUES ('57', '8', '8', '44', '33', null, null);
INSERT INTO `provider_contents` VALUES ('61', '9', '1', '34', '26', null, null);
INSERT INTO `provider_contents` VALUES ('62', '9', '8', '44', '33', null, null);
INSERT INTO `provider_contents` VALUES ('63', '9', '2', '10', '23', null, null);

-- ----------------------------
-- Table structure for `providers`
-- ----------------------------
DROP TABLE IF EXISTS `providers`;
CREATE TABLE `providers` (
  `id` int(10) unsigned NOT NULL AUTO_INCREMENT,
  `title` varchar(191) COLLATE utf8mb4_unicode_ci NOT NULL,
  `created_at` timestamp NULL DEFAULT NULL,
  `updated_at` timestamp NULL DEFAULT NULL,
  PRIMARY KEY (`id`)
) ENGINE=InnoDB AUTO_INCREMENT=9 DEFAULT CHARSET=utf8mb4 COLLATE=utf8mb4_unicode_ci;

-- ----------------------------
-- Records of providers
-- ----------------------------
INSERT INTO `providers` VALUES ('1', 'mishari', '2020-09-06 11:54:00', '2020-09-06 11:54:00');
INSERT INTO `providers` VALUES ('2', 'hamed', '2020-09-06 12:26:58', '2020-09-06 12:26:58');
INSERT INTO `providers` VALUES ('3', 'Arpu', '2020-09-06 13:16:50', '2020-09-06 13:16:50');
INSERT INTO `providers` VALUES ('4', 'مشارى', '2020-09-17 08:52:18', '2020-09-17 08:52:18');
INSERT INTO `providers` VALUES ('5', 'test provider', '2020-09-17 09:39:05', '2020-09-17 09:39:05');
INSERT INTO `providers` VALUES ('7', 'sherien', '2020-10-07 13:52:35', '2020-10-07 14:01:13');
INSERT INTO `providers` VALUES ('8', 'amr diab', '2020-10-12 11:11:14', '2020-10-12 11:11:14');

-- ----------------------------
-- Table structure for `rbts`
-- ----------------------------
DROP TABLE IF EXISTS `rbts`;
CREATE TABLE `rbts` (
  `id` int(10) unsigned NOT NULL AUTO_INCREMENT,
  `track_title_en` varchar(191) COLLATE utf8mb4_unicode_ci NOT NULL,
  `track_title_ar` varchar(191) COLLATE utf8mb4_unicode_ci DEFAULT NULL,
  `artist_name_en` varchar(191) COLLATE utf8mb4_unicode_ci DEFAULT NULL,
  `artist_name_ar` varchar(191) COLLATE utf8mb4_unicode_ci DEFAULT NULL,
  `album_name` varchar(191) COLLATE utf8mb4_unicode_ci DEFAULT NULL,
  `code` varchar(191) COLLATE utf8mb4_unicode_ci NOT NULL,
  `social_media_code` varchar(191) COLLATE utf8mb4_unicode_ci DEFAULT NULL,
  `owner` varchar(191) COLLATE utf8mb4_unicode_ci DEFAULT NULL,
  `track_file` varchar(191) COLLATE utf8mb4_unicode_ci DEFAULT NULL,
  `operator_id` int(10) unsigned DEFAULT NULL,
  `occasion_id` int(10) unsigned DEFAULT NULL,
  `aggregator_id` int(10) unsigned DEFAULT NULL,
  `type` tinyint(1) NOT NULL DEFAULT '0' COMMENT '0=old excel , 1=new excel',
  `created_at` timestamp NULL DEFAULT NULL,
  `updated_at` timestamp NULL DEFAULT NULL,
  `provider_id` int(10) unsigned DEFAULT NULL,
  `content_id` int(10) unsigned DEFAULT NULL,
  `internal_coding` varchar(191) COLLATE utf8mb4_unicode_ci NOT NULL,
  PRIMARY KEY (`id`),
  KEY `rbts_operator_id_foreign` (`operator_id`),
  KEY `rbts_occasion_id_foreign` (`occasion_id`),
  KEY `rbts_aggregator_id_foreign` (`aggregator_id`),
  KEY `rbts_provider_id_foreign` (`provider_id`),
  KEY `rbts_content_id_foreign` (`content_id`),
  CONSTRAINT `rbts_aggregator_id_foreign` FOREIGN KEY (`aggregator_id`) REFERENCES `aggregators` (`id`) ON DELETE CASCADE,
  CONSTRAINT `rbts_content_id_foreign` FOREIGN KEY (`content_id`) REFERENCES `contents` (`id`) ON DELETE CASCADE,
  CONSTRAINT `rbts_occasion_id_foreign` FOREIGN KEY (`occasion_id`) REFERENCES `occasions` (`id`) ON DELETE CASCADE,
  CONSTRAINT `rbts_operator_id_foreign` FOREIGN KEY (`operator_id`) REFERENCES `operators` (`id`) ON DELETE CASCADE,
  CONSTRAINT `rbts_provider_id_foreign` FOREIGN KEY (`provider_id`) REFERENCES `providers` (`id`) ON DELETE CASCADE
) ENGINE=InnoDB AUTO_INCREMENT=35 DEFAULT CHARSET=utf8mb4 COLLATE=utf8mb4_unicode_ci;

-- ----------------------------
-- Records of rbts
-- ----------------------------
INSERT INTO `rbts` VALUES ('23', 'hamed1', null, null, null, null, '555', null, null, 'uploads/2020-09-17/999hamed4.wav.wav', '4', '16', '1', '0', '2020-09-17 09:39:04', '2020-10-11 15:02:29', '1', '10', '23_1_5');
INSERT INTO `rbts` VALUES ('26', 'rbt1', null, null, null, null, '444', null, null, 'uploads/2020-09-17/rbt1.wav', '4', '16', '1', '0', '2020-09-17 10:35:14', '2020-10-07 14:31:25', '1', '34', '26_1_4');
INSERT INTO `rbts` VALUES ('32', 'rbt1_1', null, null, null, null, '111', null, null, 'uploads/rbts/2020-10-12/rbt1_1.wav', '9', '21', '1', '0', '2020-10-12 11:35:41', '2020-10-12 11:35:41', '1', '44', 'Rb/2020/10/12/5f843f8d3146a');
INSERT INTO `rbts` VALUES ('33', 'rbt1_2', null, null, null, null, '222', null, null, 'uploads/rbts/2020-10-12/rbt1_2.wav', '9', '21', '1', '0', '2020-10-12 11:35:41', '2020-10-12 11:35:41', '1', '44', 'Rb/2020/10/12/5f843f8d46ec3');
INSERT INTO `rbts` VALUES ('34', 'rbt2_1', null, null, null, null, '333', null, null, 'uploads/rbts/2020-10-12/rbt2_1.wav', '9', '21', '1', '0', '2020-10-12 11:35:41', '2020-10-12 11:35:41', '1', '45', 'Rb/2020/10/12/5f843f8d6c96d');

-- ----------------------------
-- Table structure for `reports`
-- ----------------------------
DROP TABLE IF EXISTS `reports`;
CREATE TABLE `reports` (
  `id` int(10) unsigned NOT NULL AUTO_INCREMENT,
  `year` int(11) NOT NULL,
  `month` int(10) unsigned NOT NULL,
  `classification` varchar(191) COLLATE utf8mb4_unicode_ci NOT NULL,
  `code` varchar(191) COLLATE utf8mb4_unicode_ci NOT NULL,
  `rbt_name` varchar(191) COLLATE utf8mb4_unicode_ci NOT NULL,
  `rbt_id` int(10) unsigned DEFAULT NULL,
  `download_no` int(11) DEFAULT NULL,
  `total_revenue` decimal(10,2) NOT NULL,
  `revenue_share` decimal(10,2) NOT NULL,
  `operator_id` int(10) unsigned DEFAULT NULL,
  `provider_id` int(10) unsigned DEFAULT NULL,
  `aggregator_id` int(10) unsigned DEFAULT NULL,
  `created_at` timestamp NULL DEFAULT NULL,
  `updated_at` timestamp NULL DEFAULT NULL,
  PRIMARY KEY (`id`),
  KEY `reports_operator_id_foreign` (`operator_id`),
  KEY `reports_provider_id_foreign` (`provider_id`),
  KEY `reports_aggregator_id_foreign` (`aggregator_id`),
  KEY `reports_rbt_id_foreign` (`rbt_id`),
  CONSTRAINT `reports_aggregator_id_foreign` FOREIGN KEY (`aggregator_id`) REFERENCES `aggregators` (`id`) ON DELETE CASCADE,
  CONSTRAINT `reports_operator_id_foreign` FOREIGN KEY (`operator_id`) REFERENCES `operators` (`id`) ON DELETE CASCADE,
  CONSTRAINT `reports_provider_id_foreign` FOREIGN KEY (`provider_id`) REFERENCES `providers` (`id`) ON DELETE CASCADE,
  CONSTRAINT `reports_rbt_id_foreign` FOREIGN KEY (`rbt_id`) REFERENCES `rbts` (`id`) ON DELETE CASCADE
) ENGINE=InnoDB AUTO_INCREMENT=6 DEFAULT CHARSET=utf8mb4 COLLATE=utf8mb4_unicode_ci;

-- ----------------------------
-- Records of reports
-- ----------------------------

-- ----------------------------
-- Table structure for `revenus`
-- ----------------------------
DROP TABLE IF EXISTS `revenus`;
CREATE TABLE `revenus` (
  `id` bigint(20) unsigned NOT NULL AUTO_INCREMENT,
  `contract_id` bigint(20) unsigned NOT NULL,
  `year` varchar(191) COLLATE utf8mb4_unicode_ci NOT NULL,
  `month` varchar(191) COLLATE utf8mb4_unicode_ci NOT NULL,
  `source_type` tinyint(1) NOT NULL COMMENT '1- for operator , 2- for aggerator',
  `source_id` bigint(20) unsigned NOT NULL,
  `amount` varchar(191) COLLATE utf8mb4_unicode_ci NOT NULL,
  `currency_id` bigint(20) unsigned NOT NULL,
  `serivce_type_id` bigint(20) unsigned NOT NULL,
  `is_collected` tinyint(1) NOT NULL COMMENT '1- yes , 2- for no',
  `notes` text COLLATE utf8mb4_unicode_ci,
  `reports` varchar(191) COLLATE utf8mb4_unicode_ci NOT NULL,
  `created_at` timestamp NULL DEFAULT NULL,
  `updated_at` timestamp NULL DEFAULT NULL,
  PRIMARY KEY (`id`)
) ENGINE=InnoDB AUTO_INCREMENT=5 DEFAULT CHARSET=utf8mb4 COLLATE=utf8mb4_unicode_ci;

-- ----------------------------
-- Records of revenus
-- ----------------------------
INSERT INTO `revenus` VALUES ('2', '1', '2020', 'July', '1', '1', '100', '2', '5', '1', null, 'E8sXUg4fkjr0my8mT1mRCMlCGElynr3tMifFGdx6.xlsx', '2020-09-15 12:43:07', '2020-09-17 13:17:45');
INSERT INTO `revenus` VALUES ('3', '1', '2020', 'August', '1', '6', '100.59', '2', '6', '1', 'gggggggg', 'bPnhB3UWlPpKo5S3hfw22Ki2Whh6ISLvzH9E4fhg.xlsx', '2020-09-16 11:02:20', '2020-09-16 11:02:20');
INSERT INTO `revenus` VALUES ('4', '4', '2020', 'October', '1', '6', '190.90', '5', '3', '1', 'yes is collected', '40eImWKCtqfk1NlbMDazJiBuRfDqyFRIIM1f0XfB.pdf', '2020-10-07 14:27:23', '2020-10-07 14:28:44');

-- ----------------------------
-- Table structure for `roadmaps`
-- ----------------------------
DROP TABLE IF EXISTS `roadmaps`;
CREATE TABLE `roadmaps` (
  `id` int(10) unsigned NOT NULL AUTO_INCREMENT,
  `event_title` varchar(150) COLLATE utf8mb4_unicode_ci NOT NULL DEFAULT 'set event name',
  `event_color` varchar(191) COLLATE utf8mb4_unicode_ci NOT NULL,
  `event_code` varchar(191) COLLATE utf8mb4_unicode_ci NOT NULL,
  `event_start_date` date DEFAULT NULL,
  `event_end_date` date DEFAULT NULL,
  `event_status` tinyint(1) NOT NULL DEFAULT '0' COMMENT '0:working / 1:complete',
  `country_id` int(10) unsigned NOT NULL,
  `occasion_id` int(10) unsigned NOT NULL,
  `aggregator_id` int(10) unsigned NOT NULL,
  `operator_id` int(10) unsigned NOT NULL,
  `aggregator_support` text COLLATE utf8mb4_unicode_ci,
  `operator_support` text COLLATE utf8mb4_unicode_ci,
  `promotion_support` text COLLATE utf8mb4_unicode_ci,
  `entry_by` int(11) NOT NULL,
  `created_at` timestamp NULL DEFAULT NULL,
  `updated_at` timestamp NULL DEFAULT NULL,
  PRIMARY KEY (`id`),
  KEY `roadmaps_country_id_foreign` (`country_id`),
  KEY `roadmaps_occasion_id_foreign` (`occasion_id`),
  KEY `roadmaps_aggregator_id_foreign` (`aggregator_id`),
  KEY `roadmaps_operator_id_foreign` (`operator_id`),
  CONSTRAINT `roadmaps_aggregator_id_foreign` FOREIGN KEY (`aggregator_id`) REFERENCES `aggregators` (`id`) ON DELETE CASCADE,
  CONSTRAINT `roadmaps_country_id_foreign` FOREIGN KEY (`country_id`) REFERENCES `countries` (`id`) ON DELETE CASCADE,
  CONSTRAINT `roadmaps_occasion_id_foreign` FOREIGN KEY (`occasion_id`) REFERENCES `occasions` (`id`) ON DELETE CASCADE,
  CONSTRAINT `roadmaps_operator_id_foreign` FOREIGN KEY (`operator_id`) REFERENCES `operators` (`id`) ON DELETE CASCADE
) ENGINE=InnoDB AUTO_INCREMENT=10 DEFAULT CHARSET=utf8mb4 COLLATE=utf8mb4_unicode_ci;

-- ----------------------------
-- Records of roadmaps
-- ----------------------------
INSERT INTO `roadmaps` VALUES ('6', 'العيد الوطني للسعودية', '#860591', '', '2020-10-20', '2020-10-24', '0', '2', '6', '1', '9', 'agg', 'op', 'p', '1', '2020-10-12 14:56:13', '2020-10-14 13:43:10');
INSERT INTO `roadmaps` VALUES ('7', 'event2', '#326e16', '', '2020-11-01', '2020-10-30', '0', '1', '9', '1', '1', 'agg', null, null, '1', '2020-10-14 13:45:58', '2020-10-14 13:46:32');
INSERT INTO `roadmaps` VALUES ('8', 'event3', '#27915e', '', '2020-10-15', '2020-10-17', '0', '3', '16', '1', '4', 's', 'op', 'pr', '1', '2020-10-15 09:18:59', '2020-10-15 09:19:19');
INSERT INTO `roadmaps` VALUES ('9', 'event4', '#114dc2', '', '2020-12-01', '2020-12-03', '0', '2', '6', '1', '10', null, null, null, '1', '2020-10-18 10:11:14', '2020-10-18 10:11:14');

-- ----------------------------
-- Table structure for `role_has_permissions`
-- ----------------------------
DROP TABLE IF EXISTS `role_has_permissions`;
CREATE TABLE `role_has_permissions` (
  `permission_id` int(10) unsigned NOT NULL,
  `role_id` int(10) unsigned NOT NULL,
  PRIMARY KEY (`permission_id`,`role_id`),
  KEY `role_has_permissions_role_id_foreign` (`role_id`),
  CONSTRAINT `role_has_permissions_permission_id_foreign` FOREIGN KEY (`permission_id`) REFERENCES `permissions` (`id`) ON DELETE CASCADE,
  CONSTRAINT `role_has_permissions_role_id_foreign` FOREIGN KEY (`role_id`) REFERENCES `roles` (`id`) ON DELETE CASCADE
) ENGINE=InnoDB DEFAULT CHARSET=utf8mb4 COLLATE=utf8mb4_unicode_ci;

-- ----------------------------
-- Records of role_has_permissions
-- ----------------------------

-- ----------------------------
-- Table structure for `roles`
-- ----------------------------
DROP TABLE IF EXISTS `roles`;
CREATE TABLE `roles` (
  `id` int(10) unsigned NOT NULL AUTO_INCREMENT,
  `name` varchar(191) COLLATE utf8mb4_unicode_ci NOT NULL,
  `role_priority` int(11) NOT NULL,
  `created_at` timestamp NULL DEFAULT NULL,
  `updated_at` timestamp NULL DEFAULT NULL,
  PRIMARY KEY (`id`),
  UNIQUE KEY `roles_name_unique` (`name`)
) ENGINE=InnoDB AUTO_INCREMENT=5 DEFAULT CHARSET=utf8mb4 COLLATE=utf8mb4_unicode_ci;

-- ----------------------------
-- Records of roles
-- ----------------------------
INSERT INTO `roles` VALUES ('1', 'super_admin', '3', '2017-11-09 06:13:14', '2017-11-09 06:13:14');
INSERT INTO `roles` VALUES ('2', 'admin', '2', '2018-01-08 14:40:19', '2018-01-08 14:40:19');
INSERT INTO `roles` VALUES ('3', 'account', '0', '2018-01-08 14:40:19', '2018-01-08 14:40:19');
INSERT INTO `roles` VALUES ('4', 'test2', '0', '2020-09-06 11:50:38', '2020-09-06 11:50:46');

-- ----------------------------
-- Table structure for `second_parties`
-- ----------------------------
DROP TABLE IF EXISTS `second_parties`;
CREATE TABLE `second_parties` (
  `second_party_id` bigint(20) unsigned NOT NULL AUTO_INCREMENT,
  `second_party_type_id` bigint(20) unsigned NOT NULL,
  `second_party_title` varchar(191) COLLATE utf8mb4_unicode_ci NOT NULL,
  `second_party_joining_date` date NOT NULL DEFAULT '2020-05-28',
  `second_party_terminate_date` date DEFAULT NULL,
  `second_party_status` tinyint(1) NOT NULL DEFAULT '1' COMMENT '1:working|0:terminated',
  `second_party_identity` varchar(191) COLLATE utf8mb4_unicode_ci DEFAULT NULL,
  `second_party_cr` varchar(191) COLLATE utf8mb4_unicode_ci DEFAULT NULL,
  `second_party_tc` varchar(191) COLLATE utf8mb4_unicode_ci DEFAULT NULL,
  `created_at` timestamp NULL DEFAULT NULL,
  `updated_at` timestamp NULL DEFAULT NULL,
  `entry_by` int(11) DEFAULT NULL,
  PRIMARY KEY (`second_party_id`),
  KEY `second_parties_second_party_type_id_foreign` (`second_party_type_id`)
) ENGINE=InnoDB AUTO_INCREMENT=163 DEFAULT CHARSET=utf8mb4 COLLATE=utf8mb4_unicode_ci;

-- ----------------------------
-- Records of second_parties
-- ----------------------------
INSERT INTO `second_parties` VALUES ('24', '1', 'Smart Technology', '2013-06-01', null, '1', '1598965833-56294192.pdf', '1598965833-20049365.pdf', null, null, null, null);
INSERT INTO `second_parties` VALUES ('25', '1', 'EcoVas', '2014-05-01', null, '1', null, null, null, null, null, null);
INSERT INTO `second_parties` VALUES ('26', '1', 'Qanawat Dubai', '2015-12-01', null, '1', null, '1598793257-50445550.pdf', null, null, null, null);
INSERT INTO `second_parties` VALUES ('27', '1', 'Life Connection', '2020-05-28', null, '1', null, null, null, null, null, null);
INSERT INTO `second_parties` VALUES ('28', '2', 'Mashary Rashed Al Afasy', '2014-09-01', null, '1', null, null, null, null, null, null);
INSERT INTO `second_parties` VALUES ('29', '4', 'Melody Company', '2015-12-01', null, '1', null, '1599473516-8444316.pdf', null, null, null, null);
INSERT INTO `second_parties` VALUES ('30', '5', 'The Wedding House', '2017-06-11', null, '1', null, null, null, null, null, null);
INSERT INTO `second_parties` VALUES ('31', '2', 'Hussam Aldeen Khalil', '2017-07-01', '2022-07-18', '1', null, null, null, null, null, null);
INSERT INTO `second_parties` VALUES ('32', '1', 'ARPU', '2014-10-01', '2030-10-01', '1', null, null, null, null, null, null);
INSERT INTO `second_parties` VALUES ('33', '6', 'First Microfinance Foundation', '2017-04-01', '2018-10-01', '1', null, null, null, null, null, null);
INSERT INTO `second_parties` VALUES ('34', '4', 'Awakening', '2015-06-01', '2017-06-01', '1', null, null, null, null, null, null);
INSERT INTO `second_parties` VALUES ('35', '1', 'Albtros Engineering Company', '2017-05-01', '2017-12-01', '1', null, null, null, null, null, null);
INSERT INTO `second_parties` VALUES ('36', '1', 'Tim We Qatar', '2014-07-01', '2016-07-01', '1', null, null, null, null, null, null);
INSERT INTO `second_parties` VALUES ('37', '4', 'Nour Eleman for Software', '2015-09-01', '2018-09-17', '1', null, null, null, null, null, null);
INSERT INTO `second_parties` VALUES ('38', '6', 'Ehyaa El Toras El Islamy', '2016-05-01', '2017-05-01', '1', null, null, null, null, null, null);
INSERT INTO `second_parties` VALUES ('39', '4', 'Sharqy Production', '2017-05-01', '2019-05-11', '1', null, null, null, null, null, null);
INSERT INTO `second_parties` VALUES ('40', '5', 'Sharqy Production 2', '2017-05-01', '2019-05-11', '1', null, null, null, null, null, null);
INSERT INTO `second_parties` VALUES ('41', '3', 'Etisalat Misr', '2017-05-29', '2025-05-28', '1', null, null, null, null, null, null);
INSERT INTO `second_parties` VALUES ('42', '1', 'Celvas', '2014-06-01', '2015-06-22', '1', null, null, null, null, null, null);
INSERT INTO `second_parties` VALUES ('43', '1', 'Victory Link', '2013-06-01', '2015-06-01', '1', null, null, null, null, null, null);
INSERT INTO `second_parties` VALUES ('44', '3', 'Mobinil', '2015-12-01', '2016-11-30', '1', null, null, null, null, null, null);
INSERT INTO `second_parties` VALUES ('45', '5', 'Soft Kinetics', '2017-05-01', '2017-06-25', '1', null, null, null, null, null, null);
INSERT INTO `second_parties` VALUES ('46', '5', 'Sign Out Media', '2017-03-01', '2017-09-01', '1', null, null, null, null, null, null);
INSERT INTO `second_parties` VALUES ('47', '2', 'Bahaa El Deen Mohammed', '2013-06-01', '2015-06-01', '1', null, null, null, null, null, null);
INSERT INTO `second_parties` VALUES ('48', '2', 'Mostafa Qamar', '2017-05-01', '2022-04-30', '1', null, null, null, null, null, null);
INSERT INTO `second_parties` VALUES ('49', '2', 'Karim Omar Helal', '2016-12-01', '2018-12-01', '1', null, null, null, null, null, null);
INSERT INTO `second_parties` VALUES ('50', '2', 'Reda Murad Teama', '2015-09-01', '2020-08-31', '1', null, null, null, null, null, null);
INSERT INTO `second_parties` VALUES ('51', '2', 'Ahmed Mohamed Atya', '2014-12-01', '2019-12-01', '1', null, null, null, null, null, null);
INSERT INTO `second_parties` VALUES ('52', '2', 'Lamiaa Abd Al Aziz', '2014-06-01', '2017-06-01', '1', null, null, null, null, null, null);
INSERT INTO `second_parties` VALUES ('53', '7', 'MBC', '2020-07-01', null, '1', null, null, null, null, null, null);
INSERT INTO `second_parties` VALUES ('54', '1', 'Takween', '2020-07-01', null, '1', null, null, null, null, null, null);
INSERT INTO `second_parties` VALUES ('55', '2', 'Takween', '2020-07-07', null, '1', null, null, null, null, null, null);
INSERT INTO `second_parties` VALUES ('57', '3', 'Libyana-Libya', '2020-08-01', null, '1', null, null, null, null, null, null);
INSERT INTO `second_parties` VALUES ('58', '1', 'Rebiana-Libya', '2020-01-01', null, '1', null, null, null, null, null, null);
INSERT INTO `second_parties` VALUES ('59', '4', 'Rotana', '2020-01-01', null, '1', null, null, null, null, null, null);
INSERT INTO `second_parties` VALUES ('70', '1', 'DigiZone', '2020-05-28', null, '1', null, null, null, null, null, null);
INSERT INTO `second_parties` VALUES ('80', '4', 'Ivas', '2020-05-28', null, '1', null, null, null, null, null, null);
INSERT INTO `second_parties` VALUES ('81', '1', 'Ivas', '2020-05-28', null, '1', null, null, null, null, null, null);
INSERT INTO `second_parties` VALUES ('82', '8', 'Negoom fm', '2020-05-28', null, '1', null, null, null, null, null, null);
INSERT INTO `second_parties` VALUES ('83', '1', 'Negoom fm', '2020-05-28', null, '1', null, null, null, null, null, null);
INSERT INTO `second_parties` VALUES ('84', '4', 'DigiZone', '2020-05-28', null, '1', null, '1598185728-65151531.pdf', null, null, null, null);
INSERT INTO `second_parties` VALUES ('85', '1', 'Binary Waves', '2020-05-28', null, '1', null, null, null, null, null, null);
INSERT INTO `second_parties` VALUES ('86', '4', 'Binary Waves', '2020-05-28', null, '1', null, null, null, null, null, null);
INSERT INTO `second_parties` VALUES ('87', '1', 'Idex Telecom', '2020-05-28', null, '1', null, null, null, null, null, null);
INSERT INTO `second_parties` VALUES ('88', '3', 'Ooredoo', '2020-05-28', null, '1', null, null, null, null, null, null);
INSERT INTO `second_parties` VALUES ('89', '3', 'Zain - Kuwait', '2020-05-28', null, '1', null, null, null, null, null, null);
INSERT INTO `second_parties` VALUES ('90', '2', 'The Widing House', '2020-05-28', null, '1', null, null, null, null, null, null);
INSERT INTO `second_parties` VALUES ('91', '2', 'Digital Sound', '2020-05-28', null, '1', null, null, null, null, null, null);
INSERT INTO `second_parties` VALUES ('92', '2', 'Ivas', '2020-05-28', null, '1', null, null, null, null, null, null);
INSERT INTO `second_parties` VALUES ('93', '2', 'DigiZone', '2020-05-28', null, '1', null, null, null, null, null, null);
INSERT INTO `second_parties` VALUES ('94', '1', 'Media World', '2020-05-28', null, '1', null, null, null, null, null, null);
INSERT INTO `second_parties` VALUES ('95', '1', 'Taqarob - Jordan', '2020-05-28', null, '1', null, null, null, null, null, null);
INSERT INTO `second_parties` VALUES ('96', '5', 'Valux', '2020-05-28', null, '1', null, null, null, null, null, null);
INSERT INTO `second_parties` VALUES ('97', '4', 'Victory International', '2020-05-28', null, '1', null, null, null, null, null, null);
INSERT INTO `second_parties` VALUES ('98', '1', 'Digital Sound', '2020-05-28', null, '1', null, null, null, null, null, null);
INSERT INTO `second_parties` VALUES ('99', '1', 'Ziadat LLC', '2020-05-28', null, '1', null, null, null, null, null, null);
INSERT INTO `second_parties` VALUES ('100', '5', 'Optimal Technology Solutions', '2020-05-28', null, '1', null, null, null, null, null, null);
INSERT INTO `second_parties` VALUES ('101', '1', 'Optimal Technology Solutions', '2020-05-28', null, '1', null, null, null, null, null, null);
INSERT INTO `second_parties` VALUES ('102', '4', 'Free Music', '2020-05-28', null, '1', null, '1598185953-779763.pdf', null, null, null, null);
INSERT INTO `second_parties` VALUES ('103', '1', 'Vas Mix', '2020-05-28', null, '1', '1598170447-1233631.pdf', null, null, null, null, null);
INSERT INTO `second_parties` VALUES ('104', '4', 'High Quality', '2020-05-28', null, '1', null, null, '1598347137-75914361.pdf', null, null, null);
INSERT INTO `second_parties` VALUES ('105', '4', 'Music House', '2020-05-28', null, '1', null, null, null, null, null, null);
INSERT INTO `second_parties` VALUES ('106', '5', 'T-Pay', '2020-05-28', null, '1', null, null, null, null, null, null);
INSERT INTO `second_parties` VALUES ('107', '1', 'Info2Cast', '2020-05-28', null, '1', null, null, null, null, null, null);
INSERT INTO `second_parties` VALUES ('108', '1', 'Egypt Links', '2020-05-28', null, '1', null, '1598433257-94057695.pdf', null, null, null, null);
INSERT INTO `second_parties` VALUES ('109', '1', 'One Global', '2020-05-28', null, '1', null, '1598440045-53843017.pdf', null, null, null, null);
INSERT INTO `second_parties` VALUES ('110', '1', 'Mondia Media', '2020-05-28', null, '1', null, null, null, null, null, null);
INSERT INTO `second_parties` VALUES ('111', '1', 'Mobile Channel Company', '2020-05-28', null, '1', null, null, null, null, null, null);
INSERT INTO `second_parties` VALUES ('112', '1', 'Mobi Zone', '2020-05-28', null, '1', null, null, null, null, null, null);
INSERT INTO `second_parties` VALUES ('113', '4', 'TA Telecome', '2020-05-28', null, '1', null, null, null, null, null, null);
INSERT INTO `second_parties` VALUES ('114', '2', 'Amina Shelbaya', '2020-05-28', null, '1', null, null, null, null, null, null);
INSERT INTO `second_parties` VALUES ('115', '2', 'Bahaa El Din', '2020-05-28', null, '1', null, null, null, null, null, null);
INSERT INTO `second_parties` VALUES ('116', '2', 'Lamiaa Abdelaziz', '2020-05-28', null, '1', null, null, null, null, null, null);
INSERT INTO `second_parties` VALUES ('117', '1', 'TA Telecome', '2020-05-28', null, '1', null, null, null, null, null, null);
INSERT INTO `second_parties` VALUES ('118', '4', 'Mesk Company for islamic production', '2020-05-28', null, '1', null, null, null, null, null, null);
INSERT INTO `second_parties` VALUES ('119', '1', 'Elwadi Newspaper', '2020-05-28', null, '1', null, null, null, null, null, null);
INSERT INTO `second_parties` VALUES ('120', '2', 'Yasmin Ali', '2020-05-28', null, '1', '1598883592-53008818.pdf', null, null, null, null, null);
INSERT INTO `second_parties` VALUES ('121', '1', 'On Mobile', '2020-05-28', null, '1', null, null, null, null, null, null);
INSERT INTO `second_parties` VALUES ('122', '4', 'Qanawat', '2020-05-28', null, '1', null, null, null, null, null, null);
INSERT INTO `second_parties` VALUES ('123', '1', 'Qanawat', '2020-05-28', null, '1', null, null, null, null, null, null);
INSERT INTO `second_parties` VALUES ('124', '4', 'Music For All', '2020-05-28', null, '1', null, null, null, null, null, null);
INSERT INTO `second_parties` VALUES ('125', '4', 'El Dostor', '2020-05-28', null, '1', null, null, null, null, null, null);
INSERT INTO `second_parties` VALUES ('126', '4', 'Advances', '2020-05-28', null, '1', null, null, null, null, null, null);
INSERT INTO `second_parties` VALUES ('127', '4', 'Re Media', '2020-05-28', null, '1', null, null, null, null, null, null);
INSERT INTO `second_parties` VALUES ('128', '2', 'Haitham Mazen', '2020-05-28', null, '1', null, null, null, null, null, null);
INSERT INTO `second_parties` VALUES ('129', '2', 'Adel Abdel Aal', '2020-05-28', null, '1', '1599467047-99145328.pdf', null, null, null, null, null);
INSERT INTO `second_parties` VALUES ('130', '6', 'Khaled Abdel Allah', '2020-05-28', null, '1', null, null, null, null, null, null);
INSERT INTO `second_parties` VALUES ('131', '6', 'Ahmed El Gafaly', '2020-05-28', null, '1', null, null, null, null, null, null);
INSERT INTO `second_parties` VALUES ('132', '2', 'Medhat Saleh', '2020-05-28', null, '1', null, null, null, null, null, null);
INSERT INTO `second_parties` VALUES ('133', '2', 'Abla Fadila', '2020-05-28', null, '1', null, null, null, null, null, null);
INSERT INTO `second_parties` VALUES ('134', '4', 'Lamp Studios', '2020-05-28', null, '1', null, null, null, null, null, null);
INSERT INTO `second_parties` VALUES ('135', '8', 'One Thousand Miles', '2020-05-28', null, '1', null, null, null, null, null, null);
INSERT INTO `second_parties` VALUES ('136', '2', 'Carmen Soliman', '2020-05-28', null, '1', null, null, null, null, null, null);
INSERT INTO `second_parties` VALUES ('137', '2', 'Loay', '2020-05-28', null, '1', null, null, null, null, null, null);
INSERT INTO `second_parties` VALUES ('138', '2', 'Mahmoud Mohey', '2020-05-28', null, '1', null, null, null, null, null, null);
INSERT INTO `second_parties` VALUES ('139', '2', 'Mohamed Galal', '2020-05-28', null, '1', null, null, null, null, null, null);
INSERT INTO `second_parties` VALUES ('140', '2', 'Mosatafa Gad', '2020-05-28', null, '1', null, null, null, null, null, null);
INSERT INTO `second_parties` VALUES ('141', '2', 'Ramzy Bshara', '2020-05-28', null, '1', null, null, null, null, null, null);
INSERT INTO `second_parties` VALUES ('142', '2', 'Hamed Zaid', '2020-05-28', null, '1', null, null, null, null, null, null);
INSERT INTO `second_parties` VALUES ('143', '2', 'Reham Abdel Hakeem', '2020-05-28', null, '1', null, null, null, null, null, null);
INSERT INTO `second_parties` VALUES ('144', '2', 'Ahmed Mohamed Attia', '2020-05-28', null, '1', null, null, null, null, null, null);
INSERT INTO `second_parties` VALUES ('145', '2', 'Ahmed El Moghazi', '2020-05-28', null, '1', null, null, null, null, null, null);
INSERT INTO `second_parties` VALUES ('146', '2', 'Kareem El Shazely', '2020-05-28', null, '1', null, null, null, null, null, null);
INSERT INTO `second_parties` VALUES ('147', '2', 'Khaled Agag', '2020-05-28', null, '1', null, null, null, null, null, null);
INSERT INTO `second_parties` VALUES ('148', '2', 'Mona Aamer', '2020-05-28', null, '1', null, null, null, null, null, null);
INSERT INTO `second_parties` VALUES ('149', '2', 'Mona Abdel Ghany', '2020-05-28', null, '1', null, null, null, null, null, null);
INSERT INTO `second_parties` VALUES ('150', '2', 'Telal Fakher', '2020-05-28', null, '1', null, null, null, null, null, null);
INSERT INTO `second_parties` VALUES ('151', '2', 'Mohamed Hedaya', '2020-05-28', null, '1', null, null, null, null, null, null);
INSERT INTO `second_parties` VALUES ('152', '2', 'Ahmed El Talhey', '2020-05-28', null, '1', null, null, null, null, null, null);
INSERT INTO `second_parties` VALUES ('153', '2', 'Abou Sha3r`s Brothers', '2020-05-28', null, '1', null, null, null, null, null, null);
INSERT INTO `second_parties` VALUES ('154', '4', 'Media World', '2020-05-28', null, '1', null, null, null, null, null, null);
INSERT INTO `second_parties` VALUES ('155', '4', 'ARPU', '2020-05-28', null, '1', null, null, null, null, null, null);
INSERT INTO `second_parties` VALUES ('156', '2', 'Aamer El Mohalhal', '2020-05-28', null, '1', null, null, null, null, null, null);
INSERT INTO `second_parties` VALUES ('157', '2', 'Hany Shaker', '2020-05-28', null, '1', '1601379767-95882639.jpg', null, null, null, null, null);
INSERT INTO `second_parties` VALUES ('158', '1', 'Silat solution', '2020-04-01', '2021-03-31', '1', null, null, null, null, null, null);
INSERT INTO `second_parties` VALUES ('159', '1', 'ZED', '2020-05-28', null, '1', null, null, null, null, null, null);
INSERT INTO `second_parties` VALUES ('160', '1', 'First Imaginarium', '2020-05-28', null, '1', null, null, null, null, null, null);
INSERT INTO `second_parties` VALUES ('161', '1', 'Al Jareed', '2020-05-28', null, '1', null, null, null, null, null, null);
INSERT INTO `second_parties` VALUES ('162', '3', 'Omani Qatari Tele', '2020-05-28', null, '1', null, null, null, null, null, null);

-- ----------------------------
-- Table structure for `second_party_types`
-- ----------------------------
DROP TABLE IF EXISTS `second_party_types`;
CREATE TABLE `second_party_types` (
  `id` bigint(20) unsigned NOT NULL AUTO_INCREMENT,
  `second_party_type_title` varchar(191) COLLATE utf8mb4_unicode_ci NOT NULL,
  `second_party_type_description` varchar(200) COLLATE utf8mb4_unicode_ci NOT NULL DEFAULT 'set second party type information here!',
  `created_at` timestamp NULL DEFAULT NULL,
  `updated_at` timestamp NULL DEFAULT NULL,
  PRIMARY KEY (`id`)
) ENGINE=InnoDB AUTO_INCREMENT=9 DEFAULT CHARSET=utf8mb4 COLLATE=utf8mb4_unicode_ci;

-- ----------------------------
-- Records of second_party_types
-- ----------------------------
INSERT INTO `second_party_types` VALUES ('1', 'Aggregator', 'set second party type information here!', '2020-05-11 18:58:55', null);
INSERT INTO `second_party_types` VALUES ('2', 'Provider', 'set second party type information here!', '2020-05-11 18:59:17', null);
INSERT INTO `second_party_types` VALUES ('3', 'Operator', 'set second party type information here!', '2020-05-13 23:34:57', null);
INSERT INTO `second_party_types` VALUES ('4', 'Content Provider', 'set second party type information here!', '2020-05-13 23:35:21', null);
INSERT INTO `second_party_types` VALUES ('5', 'Suppliers', 'Sample, hotels,', '2020-05-18 10:04:58', null);
INSERT INTO `second_party_types` VALUES ('6', 'Client', 'set second party type information here!', '2020-06-28 14:11:46', null);
INSERT INTO `second_party_types` VALUES ('7', 'TV Channel', 'set second party type information here!', '2020-07-22 18:40:15', null);
INSERT INTO `second_party_types` VALUES ('8', 'Radio', 'set second party type information here!', '2020-07-22 18:40:25', null);

-- ----------------------------
-- Table structure for `service_types`
-- ----------------------------
DROP TABLE IF EXISTS `service_types`;
CREATE TABLE `service_types` (
  `id` bigint(20) unsigned NOT NULL AUTO_INCREMENT,
  `service_type_title` varchar(60) COLLATE utf8mb4_unicode_ci NOT NULL,
  `created_at` timestamp NULL DEFAULT NULL,
  `updated_at` timestamp NULL DEFAULT NULL,
  PRIMARY KEY (`id`)
) ENGINE=InnoDB AUTO_INCREMENT=16 DEFAULT CHARSET=utf8mb4 COLLATE=utf8mb4_unicode_ci;

-- ----------------------------
-- Records of service_types
-- ----------------------------
INSERT INTO `service_types` VALUES ('1', 'VAS (RBT - Alert - IVR - SMS - MMS)', null, null);
INSERT INTO `service_types` VALUES ('2', 'RBT', null, null);
INSERT INTO `service_types` VALUES ('3', 'Subscription (Alert) included video - audio - gif - jpg - fi', null, null);
INSERT INTO `service_types` VALUES ('4', 'SMS', null, null);
INSERT INTO `service_types` VALUES ('5', 'MMS', null, null);
INSERT INTO `service_types` VALUES ('6', 'IVR', null, null);
INSERT INTO `service_types` VALUES ('7', 'Social Media', null, null);
INSERT INTO `service_types` VALUES ('8', 'Website', null, null);
INSERT INTO `service_types` VALUES ('9', 'Web Application', null, null);
INSERT INTO `service_types` VALUES ('10', 'Mobile Application', null, null);
INSERT INTO `service_types` VALUES ('11', 'Maintenance', null, null);
INSERT INTO `service_types` VALUES ('12', 'Competition', null, null);
INSERT INTO `service_types` VALUES ('13', 'Streaming', null, null);
INSERT INTO `service_types` VALUES ('14', 'Youtube', null, null);
INSERT INTO `service_types` VALUES ('15', 'Digital Media Platforms', null, null);

-- ----------------------------
-- Table structure for `settings`
-- ----------------------------
DROP TABLE IF EXISTS `settings`;
CREATE TABLE `settings` (
  `id` int(10) unsigned NOT NULL AUTO_INCREMENT,
  `key` varchar(191) COLLATE utf8mb4_unicode_ci NOT NULL,
  `value` text COLLATE utf8mb4_unicode_ci NOT NULL,
  `created_at` timestamp NULL DEFAULT NULL,
  `updated_at` timestamp NULL DEFAULT NULL,
  `type_id` int(11) NOT NULL,
  `order` int(11) DEFAULT NULL,
  PRIMARY KEY (`id`),
  KEY `settings_type_id_foreign` (`type_id`)
) ENGINE=InnoDB AUTO_INCREMENT=2 DEFAULT CHARSET=utf8mb4 COLLATE=utf8mb4_unicode_ci;

-- ----------------------------
-- Records of settings
-- ----------------------------
INSERT INTO `settings` VALUES ('1', 'super_email', 'emad@ivas.com.eg', '2020-10-07 14:28:14', '2020-10-07 14:28:14', '2', null);

-- ----------------------------
-- Table structure for `template_items`
-- ----------------------------
DROP TABLE IF EXISTS `template_items`;
CREATE TABLE `template_items` (
  `id` int(10) unsigned NOT NULL AUTO_INCREMENT,
  `template_id` int(10) unsigned DEFAULT NULL,
  `item` text COLLATE utf8mb4_unicode_ci NOT NULL,
  `created_at` timestamp NULL DEFAULT NULL,
  `updated_at` timestamp NULL DEFAULT NULL,
  PRIMARY KEY (`id`),
  KEY `contract_template_id` (`template_id`),
  CONSTRAINT `template_id` FOREIGN KEY (`template_id`) REFERENCES `templates` (`id`) ON UPDATE CASCADE
) ENGINE=InnoDB AUTO_INCREMENT=20 DEFAULT CHARSET=utf8mb4 COLLATE=utf8mb4_unicode_ci;

-- ----------------------------
-- Records of template_items
-- ----------------------------
INSERT INTO `template_items` VALUES ('1', '1', ' <p class=\"MsoNormal\" dir=\"RTL\" style=\"text-align: right; break-after: avoid;\"><b><span lang=\"AR-SA\" style=\"font-size:\r\n            14.0pt\"> أنه فى يوم <span id=\"signed_date\">...</span> الموافق </span></b><b><span lang=\"AR-SA\"\r\n                    style=\"font-size:14.0pt;mso-bidi-language:AR-SA;mso-no-proof:no\"> <span id=\"day_name\">......</span> تحرر هذا\r\n                    العقد بين كل من:<o:p></o:p></span></b></p>\r\n        <p class=\"MsoNormal\" dir=\"RTL\" style=\"mso-pagination:none;page-break-after:avoid;\r\n            tab-stops:60.7pt\"><b><span lang=\"AR-SA\" style=\"font-size:14.0pt;\">\r\n                    <o:p> </o:p>\r\n                </span></b></p>\r\n        <p class=\"MsoNormal\" dir=\"RTL\"\r\n            style=\"text-align: right; margin-right: 40.2pt; text-indent: -20.1pt; line-height: 115%; break-after: avoid;\"><span\r\n                lang=\"AR-SA\" style=\"font-size:14.0pt;line-height:115%;\"> أولا: السادة / شركة <span\r\n                    id=\"first_part_name\">....</span>\r\n                .<o:p></o:p></span></p>\r\n        <p class=\"MsoNormal\" dir=\"RTL\"\r\n            style=\"text-align: right; margin-right: 40.2pt; text-indent: -20.1pt; line-height: 115%; break-after: avoid;\"><span\r\n                lang=\"AR-SA\" style=\"font-size:14.0pt;line-height:115%;\"> الكائن مقرها في <span\r\n                    id=\"first_part_address\">...</span>\r\n                و لها سجل تجارى رقم <span id=\"first_commercial_register_no\"> .................. </span> و\r\n                بطاقة ضريبية رقم <span id=\"first_tax_card_no\"> ........................</span>، و يمثلها فى هذا العقد السيد\r\n                <span id=\"first_part_person\">...................</span> بصفته <span\r\n                    id=\"first_part_character\">...................</span>.</span><span dir=\"LTR\"></span><span dir=\"LTR\"></span><span\r\n                lang=\"AR-SA\" dir=\"LTR\" style=\"font-size:14.0pt;line-height:\r\n            115%;mso-no-proof:no\"><span dir=\"LTR\"></span><span dir=\"LTR\"></span> </span><span lang=\"AR-EG\"\r\n                style=\"font-size:14.0pt;line-height:115%;mso-no-proof:no\">\r\n                <o:p></o:p>\r\n            </span></p>\r\n        <p class=\"MsoNormal\" dir=\"RTL\" style=\"margin-right:40.2pt;text-indent:-20.1pt;\r\n            line-height:115%;mso-pagination:none;page-break-after:avoid;tab-stops:60.7pt\"><span lang=\"AR-EG\"\r\n                style=\"font-size:14.0pt;line-height:115%;\"></span><span lang=\"AR-SA\" style=\"font-size:14.0pt;line-height:115%;\">\r\n                (ويشار إليه بالطرف\r\n                الأول)<o:p></o:p></span></p>\r\n        <p class=\"MsoNormal\" align=\"right\" dir=\"RTL\"\r\n            style=\"margin-right: 20.1pt; text-indent: -20.1pt; line-height: 115%; break-after: avoid;\"><span lang=\"AR-SA\" style=\"font-size:14.0pt;line-height:\r\n            115%;\">\r\n                <o:p> </o:p>\r\n            </span></p>\r\n        <p class=\"MsoNormal\" dir=\"RTL\"\r\n            style=\"text-align: right; margin-right: 40.2pt; text-indent: -20.1pt; line-height: 115%; break-after: avoid;\"><span\r\n                lang=\"AR-SA\" style=\"font-size:14.0pt;\r\n            line-height:115%;\">ثانيا: </span><span lang=\"AR-SA\"\r\n                style=\"font-size:14.0pt;line-height:115%;mso-bidi-language:AR-SA;\"> السادة / شركة <span\r\n                    id=\"second_part_name\">...</span> .</span></p>\r\n        <p class=\"MsoNormal\" dir=\"RTL\"\r\n            style=\"text-align: right; margin-right: 40.2pt; text-indent: -20.1pt; line-height: 115%; break-after: avoid;\"><span\r\n                lang=\"AR-SA\" style=\"font-size:14.0pt;line-height:115%;\"> الكائن مقرها في <span\r\n                    id=\"second_part_address\">.....</span> و لها سجل تجارى رقم <span\r\n                    id=\"second_commercial_register_no\">...................</span> و\r\n                بطاقة ضريبية رقم <span id=\"second_tax_card_no\">...................</span>و يمثلها فى هذا العقد السيد\r\n                <span id=\"second_part_person\">...................</span> بصفته <span\r\n                    id=\"second_part_character\">...................</span>.</span><span dir=\"LTR\"></span><span dir=\"LTR\"></span><span\r\n                lang=\"AR-SA\" dir=\"LTR\" style=\"font-size:14.0pt;line-height:\r\n            115%;mso-no-proof:no\"><span dir=\"LTR\"></span><span dir=\"LTR\"></span> </span><span lang=\"AR-EG\"\r\n                style=\"font-size:14.0pt;line-height:115%;\"></span></p>\r\n        <p class=\"MsoNormal\" dir=\"RTL\" style=\"margin-right:40.2pt;text-indent:-20.1pt;\r\n            line-height:115%;mso-pagination:none;page-break-after:avoid;tab-stops:60.7pt\"><span lang=\"AR-EG\"\r\n                style=\"font-size:14.0pt;line-height:115%;mso-no-proof:no\"></span><span lang=\"AR-SA\"\r\n                style=\"font-size:14.0pt;line-height:115%;mso-bidi-language:AR-SA;\"> (ويشار إليه بالطرف الثاني)<o:p></o:p></span>\r\n        </p>', '2018-11-12 08:08:21', '2019-05-05 11:42:39');
INSERT INTO `template_items` VALUES ('2', '1', '<div style=\"margin-right:-1.15pt;text-align: right;\">\n<p align=\"center\" class=\"MsoNormal\" dir=\"RTL\" style=\"text-align:center;line-height:\n150%\"><b><u><span lang=\"AR-EG\" style=\"font-size:14.0pt;line-height:150%\">تمهيـــــد</span></u></b></p>\n\n<p align=\"right\" class=\"MsoNormal\" dir=\"RTL\" style=\"text-align: right; line-height: 150%;font-size:14.0pt;\"><em><strong>الطرف &nbsp;</strong></em>الأول وبصفته&nbsp;&nbsp;قدم نفسه على أنه هو حاصل على حقوق استغلال مجموعة من المصنفات الفنية والمدرج بيانها في ملاحق او تفويضات هذا العقد ، بما يمكنه من التعاقد عليها و منح الطرف الثانى حق إتاحتها عبر خدمة الـ بشكل حصرى على شبكة</p>\n\n<p align=\"right\" class=\"MsoNormal\" dir=\"RTL\" style=\"text-align: right; line-height: 150%;font-size:14.0pt;\">وحيث أن الطرف الثاني يعمل فى مجال تقديم خدمات القيمة المضافة للهاتف المحمول .</p>\n\n<p align=\"right\" class=\"MsoNormal\" dir=\"RTL\" style=\"text-align: right; line-height: 150%;font-size:14.0pt;\">ولما رغب الطرفان فى التعاون فيما بينهما فقد إتفق وتراضى الطرفان بعد أن أقر كل منهما بأهليته القانونية للتعاقد وخلو إرادته من كافة عيوب الرضا على ما يلى:</p>\n\n<div>&nbsp;</div>\n</div>', '2018-11-12 08:10:02', '2020-10-20 11:33:37');
INSERT INTO `template_items` VALUES ('3', '1', '<p class=\"MsoNormal\" align=\"center\" dir=\"RTL\" style=\"text-align:center;line-height:\r\n150%\"><b><u><span lang=\"AR-EG\" style=\"font-size:14.0pt;line-height:150%\">البند\r\nالأول<o:p></o:p></span></u></b></p>\r\n\r\n<p class=\"MsoNormal\" dir=\"RTL\" style=\"margin-right:.25in;text-align:justify;\r\nline-height:115%;mso-pagination:none;page-break-after:avoid;tab-stops:60.7pt\"><span lang=\"AR-SA\" style=\"font-size:14.0pt;line-height:115%;mso-bidi-language:AR-SA;\r\nmso-no-proof:no\">يعتبر التمهيد السابق جزء لا يتجزأ من هذا العقد ومتمما له\r\nولأحكامة ولا يفسر بدونه.<o:p></o:p></span></p>', '2018-11-12 08:12:25', '2018-11-12 08:12:25');
INSERT INTO `template_items` VALUES ('4', '1', '<p class=\"MsoNormal\" align=\"center\" dir=\"RTL\" style=\"text-align:center;line-height:\r\n150%\"><b><u><span lang=\"AR-EG\" style=\"font-size:14.0pt;line-height:150%\">البند\r\nالثانى<o:p></o:p></span></u></b></p>\r\n\r\n<p class=\"MsoNormal\" dir=\"RTL\" style=\"font-size:14.0pt;text-align: right; margin-right: 0.25in; line-height: 115%; break-after: avoid;\"><br></p><p class=\"MsoNormal\" dir=\"RTL\" style=\"text-align: right; margin-right: 0.25in; line-height: 115%; break-after: avoid;font-size:14.0pt;\">منح الطرف الأول الطرف الثانى بموجب هذا العقد الحق الحصرى في إستغلال والتراخيص باستغلال الأغاني والمصنفات الفنية المتضمنه فى ملاحق هذا العقد وكذا المقاطع الغنائية الخاصة بها وصور المطرب المؤدي لها للاستغلال عبر شبكة <span id=\"operators\"></span>             ، بحيث يقوم الطرف الثانى بإستغلالها بشكل حصرى على شبكة <span id=\"operators\"></span>                               بإستخدام خدمات التفاعل الصوتى عبر الهاتف ( خدمة رنين المتصل RBT ) لمستخدمى تلك الخدمات وبحيث يتمكن مستخدم الخدمة من إستغلال المصنفات الفنية بكافة أشكالها للاستماع  عبر الـ RBT  خدمة الكول تون .</p><div style=\"text-align: right;\"><br></div>', '2018-11-12 08:12:44', '2018-11-15 08:46:18');
INSERT INTO `template_items` VALUES ('5', '1', '<p class=\"MsoNormal\" align=\"center\" dir=\"RTL\" style=\"text-align:center;line-height:\r\n150%\"><b><u><span lang=\"AR-EG\" style=\"font-size:14.0pt;line-height:150%\">البند\r\nالثالث</span></u></b><span lang=\"AR-SA\" style=\"font-size:14.0pt;line-height:150%;\r\nmso-bidi-language:AR-SA;mso-no-proof:no\"><o:p></o:p></span></p>\r\n\r\n<p class=\"MsoNormal\" dir=\"RTL\" style=\"margin-right:.25in;text-align:justify;\r\nline-height:115%;tab-stops:60.7pt\"><span lang=\"AR-SA\" style=\"font-size:14.0pt;\r\nline-height:115%;mso-bidi-language:AR-SA;mso-no-proof:no\">مقابل الحقوق الممنوحة\r\nمن الطرف الأول للطرف الثانى فى البند الثانى أعلاه يقوم الطرف الثاني بإعطاء\r\nالطرف الأول نسبة تعادل        % (          بالمائة) من صافى الدخل ويعتبر صافى\r\nالدخل هو العائدات النقدية المحصلة والمحققة من تقديم الخدمات محل العقد بعد خصم\r\nحصة شركات الاتصالات وأى مصاريف حكومية خاصة بنشاط خدمات القيمة المضافة على أن\r\nتتم المحاسبة بصفة شهريه ، هذا ويتم إحتساب حصة الطرف الأول بناء على التقارير\r\nالتى تصدر عن شركات الاتصالات والتى تعتبر نهائية وملزمة للطرفين والتى يحق للطرف\r\nالاول الاطلاع عليها ومراجعتها ، مع التزام الطرف الثانى بإرسال تقارير شهرية من\r\nواقع التقارير المالية الصادره عن شركات الاتصالات خلال 10 ايام من تاريخ استلامها\r\nحتى يتسنى للطرف الاول تقديم فاتورة مطالبة لإستلام حصته من صافى الايرادات .<o:p></o:p></span></p>', '2018-11-12 08:13:14', '2018-11-12 08:13:14');
INSERT INTO `template_items` VALUES ('6', '1', '<p class=\"MsoNormal\" align=\"center\" dir=\"RTL\" style=\"text-align:center;line-height:\r\n150%\"><b><u><span lang=\"AR-EG\" style=\"font-size:14.0pt;line-height:150%\">البند\r\nالرابع</span></u></b><span lang=\"AR-SA\" style=\"font-size:14.0pt;line-height:150%;\r\nmso-bidi-language:AR-SA;mso-no-proof:no\"><o:p></o:p></span></p><p class=\"MsoNormal\" align=\"center\" dir=\"RTL\" style=\"text-align:center;line-height:\r\n150%\">\r\n\r\n</p><p class=\"MsoNormal\" dir=\"RTL\" style=\"margin-right:.25in;text-align:justify;\r\nline-height:115%;mso-pagination:none;page-break-after:avoid;tab-stops:60.7pt\"><span lang=\"AR-SA\" style=\"font-size:14.0pt;line-height:115%;mso-bidi-language:AR-SA;\r\nmso-no-proof:no\">يتعهد الطرف الأول بأنه يمتلك كافة حقوق استغلال المصنفات\r\nالمذكورة فى تمهيد هذا العقد بما فيها تحويلها وبثها واستخدامها للتليفون المحمول\r\nوبأنه يمتلك الحق بترخيص تلك الحقوق للطرف الثانى ويتعهد بمسئوليته الكاملة أمام\r\nأى طرف ثالث قد يدعى أى حقوق له على تلك المصنفات بما فيهم المؤلفين والملحنين\r\nبحيث لا يكون الطرف الثاني مسؤولا عن أية قضايا أو منازعات تقام علي الطرف الأول\r\nلأسباب  تتعلق بمنحه للطرف الثانى الحقوق\r\nالواردة بهذا العقد، وبحيث يتحمل الطرف الأول المسئولية كاملة في كل قضايا أو\r\nمنازعات تقام علي الطرف الثاني لأسباب تتعلق بمضمون أو محتوى أو ملكية تلك\r\nالمصنفات.</span><span dir=\"LTR\" style=\"font-size:14.0pt;line-height:115%;\r\nmso-bidi-language:AR-SA;mso-no-proof:no\"><o:p></o:p></span></p>', '2018-11-12 08:13:34', '2018-11-12 08:13:34');
INSERT INTO `template_items` VALUES ('7', '1', '<p class=\"MsoNormal\" align=\"center\" dir=\"RTL\" style=\"text-align:center;line-height:\r\n150%\"><b><u><span lang=\"AR-EG\" style=\"font-size:14.0pt;line-height:150%\">البند\r\nالخامس</span></u></b><span lang=\"AR-EG\" style=\"font-size:14.0pt;line-height:150%;\r\nmso-no-proof:no\"><o:p></o:p></span></p>\r\n\r\n<p class=\"MsoNormal\" dir=\"RTL\" style=\"margin-right:.25in;text-align:justify;\r\nline-height:115%;mso-pagination:none;page-break-after:avoid;tab-stops:60.7pt\"><span lang=\"AR-SA\" style=\"font-size:14.0pt;line-height:115%;mso-bidi-language:AR-SA;\r\nmso-no-proof:no\">مدة هذا العقد   <span id=\"peroid\"></span> سنه ميلادية وتتجدد تلقائيا ما لم يخطر أحد الطرفين الآخر\r\nبرغبته فى عدم التجديد قبل نهايتها بشهر على الأقل.<o:p></o:p></span></p>', '2018-11-12 08:13:50', '2018-11-13 09:36:33');
INSERT INTO `template_items` VALUES ('8', '1', '<p class=\"MsoNormal\" align=\"center\" dir=\"RTL\" style=\"text-align:center;line-height:150%\"><b><u><span style=\"font-size:14.0pt;line-height:150%\">البند\r\nالسادس</span></u></b><span lang=\"AR-SA\" style=\"font-size:14.0pt;line-height:150%;\"></span></p>\r\n\r\n<p class=\"MsoNormal\" align=\"center\" dir=\"RTL\" style=\"text-align:center;line-height:\r\n150%\"><b><u></u></b><b><u><span style=\"font-size:14.0pt;line-height:150%\">سرية المعلومات</span></u></b></p>\r\n\r\n<p class=\"MsoNormal\" dir=\"RTL\" style=\"margin-right:.25in;text-align:justify;\r\nline-height:115%;tab-stops:60.7pt\"><span lang=\"AR-SA\" style=\"font-size:14.0pt;line-height:115%;\">يلتزم كل طرف ويتعهد للطرف الآخر بالمحافظة على سرية جميع\r\nالمعلومات التى تصل إليه بصفته طرفاً فى هذا العقد ويتعهد بأن يبذل قصارى جهده لكي\r\nيحافظ هو وموظفيه والأشخاص التابعين له على سرية هذه المعلومات ، ولا يجوز لأي من\r\nطرفي العقد إفشاء أو إستخدام أي من الأسرار التى قد يطلع عليها بموجب هذا العقد\r\nإلا بعد الحصول على الموافقة الكتابية المسبقة للطرف الآخر.</span></p>', '2018-11-12 08:14:00', '2018-11-12 09:38:33');
INSERT INTO `template_items` VALUES ('9', '1', '<p class=\"MsoNormal\" align=\"center\" dir=\"RTL\" style=\"text-align:center;line-height:\r\n150%\"><b><u><span lang=\"AR-EG\" style=\"font-size:14.0pt;line-height:150%\">البند\r\nالسابع ( التنازل عن العقد )</span></u></b></p>\r\n\r\n<p class=\"MsoNormal\" dir=\"RTL\" style=\"margin-right:.25in;text-align:justify;\r\nline-height:115%;mso-pagination:none;page-break-after:avoid;tab-stops:60.7pt\"><span lang=\"AR-SA\" style=\"font-size:14.0pt;line-height:115%;mso-bidi-language:AR-SA;\r\nmso-no-proof:no\">لا يحق للطرفين التنازل أو حوالة هذا العقد أو اي من حقوقه\r\nالواردة فيه أو ملحقاته الي اى طرف آخر الا بعد موافقة الطرف الاخر كتابتة على ذلك\r\n.<o:p></o:p></span></p>', '2018-11-12 08:14:08', '2018-11-12 13:06:16');
INSERT INTO `template_items` VALUES ('10', '1', '<p class=\"MsoNormal\" align=\"center\" dir=\"RTL\" style=\"text-align:center;line-height:\r\n150%\"><b><u><span lang=\"AR-EG\" style=\"font-size:14.0pt;line-height:150%\">البند\r\nالثامن ( انهاء العقد )<o:p></o:p></span></u></b></p>\r\n\r\n<p class=\"MsoNormal\" dir=\"RTL\" style=\"margin-right:.25in;text-align:justify;\r\nline-height:115%;mso-pagination:none;page-break-after:avoid;tab-stops:60.7pt\"><span lang=\"AR-SA\" style=\"font-size:14.0pt;line-height:115%;mso-bidi-language:AR-SA;\r\nmso-no-proof:no\">1- عند إنتهاء العقد ، يتوقف الطرف الثانى عن إستغلال محتوى\r\nالطرف الاول , وتقديم كشف الحساب الخاص بالخدمة إلى الطرف الاول حتى تاريخ إنتهاء\r\nالخدمة .</span><span dir=\"LTR\" style=\"font-size:14.0pt;line-height:115%;\r\nmso-bidi-language:AR-SA;mso-no-proof:no\"><o:p></o:p></span></p>\r\n\r\n<p class=\"MsoNormal\" dir=\"RTL\" style=\"margin-right:.25in;text-align:justify;\r\nline-height:115%;mso-pagination:none;page-break-after:avoid;tab-stops:60.7pt\"><span dir=\"RTL\"></span><span dir=\"RTL\"></span><span lang=\"AR-SA\" style=\"font-size:14.0pt;\r\nline-height:115%;mso-bidi-language:AR-SA;mso-no-proof:no\"><span dir=\"RTL\"></span><span dir=\"RTL\"></span>2- إتفق الطرفان على أن الحالات التّالية تعتبر من قبيل الظّروف\r\nالإستثنائيّة أو القوة القاهرة التى تبرّر الإنهاء السّابق من قبل الطّرف الآخر:\r\nالإفلاس، خلال الفترات الإستثنائية كالحروب، الكوارث، الأضطرابات ، تعيين قيم أو\r\nمصفى أو حارس قضائى.</span><span dir=\"LTR\" style=\"font-size:14.0pt;line-height:\r\n115%;mso-bidi-language:AR-SA;mso-no-proof:no\"><o:p></o:p></span></p>\r\n\r\n<p class=\"MsoNormal\" dir=\"RTL\" style=\"margin-right:.25in;text-align:justify;\r\nline-height:115%;mso-pagination:none;page-break-after:avoid;tab-stops:60.7pt\"><span dir=\"RTL\"></span><span dir=\"RTL\"></span><span lang=\"AR-SA\" style=\"font-size:14.0pt;\r\nline-height:115%;mso-bidi-language:AR-SA;mso-no-proof:no\"><span dir=\"RTL\"></span><span dir=\"RTL\"></span>3- يحق لأي من الطرفين إنهاء هذا العقد فوراً ودون الحاجة إلى\r\nإنذار أو أعذار أو إتخاذ أي إجراء قانونى أو قضائى آخر فى حالة إخلال أي من\r\nالطرفين بإلتزاماته او تعهداته الواردة فى هذا العقد ، وذلك شريطة إخطار الطرف\r\nالمخل بما وقع منه من إخلال والتنبيه عليه</span><span dir=\"LTR\"></span><span dir=\"LTR\"></span><span lang=\"AR-SA\" dir=\"LTR\" style=\"font-size:14.0pt;line-height:\r\n115%;mso-bidi-language:AR-SA;mso-no-proof:no\"><span dir=\"LTR\"></span><span dir=\"LTR\"></span> </span><span lang=\"AR-SA\" style=\"font-size:14.0pt;line-height:\r\n115%;mso-bidi-language:AR-SA;mso-no-proof:no\">بعلاجه خلال 15 يوماً من هذا\r\nالإخطار ومرور تلك المدة دون علاج ما وقع منه من إخلال .<o:p></o:p></span></p>', '2018-11-12 08:14:16', '2018-11-12 08:14:16');
INSERT INTO `template_items` VALUES ('11', '1', '<p class=\"MsoNormal\" dir=\"RTL\" style=\"text-align: center;line-height: 115%; break-after: avoid;\"><b><u><span lang=\"AR-EG\" style=\"font-size:14.0pt;line-height:115%\">البند التاسع ( الأخطارات\r\nوالعناوين )</span></u></b></p>\r\n\r\n<p class=\"MsoNormal\" dir=\"RTL\" style=\"margin-right:176.05pt;text-align:justify;\r\nline-height:115%;mso-pagination:none;page-break-after:avoid;tab-stops:60.7pt 2.75in\"><span lang=\"AR-SA\" style=\"font-size:14.0pt;line-height:115%;mso-bidi-language:AR-SA;\r\nmso-no-proof:no\">      </span><span lang=\"AR-SA\" style=\"font-size:6.0pt;line-height:115%;mso-bidi-language:AR-SA;\r\nmso-no-proof:no\"><o:p></o:p></span></p>\r\n\r\n<p class=\"MsoNormal\" dir=\"RTL\" style=\"margin-right:.25in;text-align:justify;\r\nline-height:115%;mso-pagination:none;page-break-after:avoid;tab-stops:60.7pt\"><span lang=\"AR-SA\" style=\"font-size:14.0pt;line-height:115%;mso-bidi-language:AR-SA;\r\nmso-no-proof:no\">كافة الاخطارات والمراسلات المتعلقة بهذا العقد تكون صحيحة\r\nومنتجة لاثارها القانونية إذا ما أرسلت بإنذار رسمي علي يد محضر او بالبريد المسجل\r\nعلي العناوين المذكورة اعلاه بالعقد أو أن تسلم إلي الشخص الموجه إليه باليد مقابل\r\nإيصال بالاستلام ، وفي حالة تغيير عنوان المراسلات يلتزم كل طرف بإعلان الطرف\r\nالاخر بعنوان مراسلاته الجديد ، كما اتفق الأطراف على استخدام الرسائل الالكترونية\r\n(</span><span dir=\"LTR\" style=\"font-size:14.0pt;line-height:115%;mso-bidi-language:\r\nAR-SA;mso-no-proof:no\">Emails </span><span dir=\"RTL\"></span><span dir=\"RTL\"></span><span lang=\"AR-SA\" style=\"font-size:14.0pt;line-height:115%;mso-bidi-language:AR-SA;\r\nmso-no-proof:no\"><span dir=\"RTL\"></span><span dir=\"RTL\"></span> ) كوسيلة معتمدة للتخاطب بخصوص الاعمال اليومية\r\nوتفاصيل العمل وتعتبر بمثابة الوثائق الخطية كما تعتبر الرسائل المرسلة من البريد\r\nالالكتروني لأي فريق والمخزنة في نظام الفريق الآخر بمثابة موقعة وموثقة بمجرد إرسالها\r\nدون الحاجة لتوثيقها بأي وسيلة أخرى او توقيعها بتوقيع الكتروني خاص او تخزينها\r\nبشكل خاص.<o:p></o:p></span></p>', '2018-11-12 08:14:23', '2018-11-12 13:07:37');
INSERT INTO `template_items` VALUES ('12', '1', ' <p class=\"MsoNormal\" dir=\"RTL\" style=\"margin-right:-1.15pt\"><b><u><span lang=\"AR-EG\">البريد\r\nالألكترونى للطرف الأول</span></u><span lang=\"AR-EG\"> :</span></b><span lang=\"AR-EG\">        <span id=\"first_part_email\"> </span></span></p>\r\n\r\n<p class=\"MsoNormal\" dir=\"RTL\" style=\"margin-right:64.45pt;text-align:justify\"></p>\r\n\r\n<p class=\"MsoNormal\" dir=\"RTL\" style=\"margin-right:64.45pt;text-align:justify\"><b></b></p>\r\n\r\n<p class=\"MsoNormal\" dir=\"RTL\" style=\"margin-right:-1.15pt;text-align:justify\"><b><span lang=\"AR-EG\">الأسم:     <span id=\"first_part_name\">.....................</span>                رقم الموبيل: <span id=\"first_part_phone\"></span></span></b></p>\r\n\r\n<p class=\"MsoNormal\" dir=\"RTL\" style=\"margin-right:64.45pt;text-align:justify\"></p>\r\n\r\n<p class=\"MsoNormal\" dir=\"RTL\" style=\"margin-right:-1.15pt\"><b><u><span lang=\"AR-EG\">البريد\r\nالألكترونى للطرف الثانى</span></u><span lang=\"AR-EG\"> :</span></b><span lang=\"AR-EG\">       <span id=\"second_part_email\"></span></span></p>\r\n\r\n<p class=\"MsoNormal\" dir=\"RTL\" style=\"margin-right:-1.15pt;text-align:justify\"><b><span lang=\"AR-EG\">الأسم:     <span id=\"second_part_name\">.....................</span>                رقم الموبيل: <span id=\"second_part_phone\"></span></span></b></p>\r\n', '2018-11-12 08:14:42', '2019-05-05 11:46:51');
INSERT INTO `template_items` VALUES ('13', '1', '<p class=\"MsoNormal\" dir=\"RTL\" style=\"text-align: center;\"><b><span lang=\"AR-EG\" style=\"font-size:14.0pt\">\r\n<u>البند العاشر<o:p></o:p></u></span></b>\r\n</p>\r\n\r\n<p class=\"MsoNormal\" dir=\"RTL\" style=\"margin-right:-1.15pt\"><span lang=\"AR-SA\" style=\"font-size:14.0pt;mso-bidi-language:AR-SA;mso-no-proof:no\">يخضع هذا العقد\r\nلأحكام القوانين ونظام المحاكم المعمول بهما في جمهورية مصر العربية.</span></p>', '2018-11-12 08:14:58', '2018-11-12 13:32:22');
INSERT INTO `template_items` VALUES ('14', '1', '<blockquote style=\"margin: 0 0 0 40px; border: none; padding: 0px;\"><p dir=\"RTL\" style=\"text-align: center; margin: 0in 82.45pt 2pt 0in;\"><b><u><span style=\"font-size:\r\n14.0pt\">البند الحادى عشر</span></u></b></p></blockquote>\r\n\r\n<p dir=\"RTL\" style=\"margin-right:-1.15pt\"><span style=\"font-size:14.0pt;\">حرر هذا العقد\r\nمن نسختين أصليتين بيد كل طرف نسخة  و\r\nالنسخه مكونه من ثلاث ورقات للعمل بها عند الحاجة.<o:p></o:p></span></p>\r\n\r\n<p dir=\"RTL\" style=\"margin-right:-1.15pt\"><span lang=\"AR-SA\" style=\"font-size:14.0pt;\"><o:p> </o:p></span></p>', '2018-11-12 08:15:18', '2018-11-12 13:34:07');
INSERT INTO `template_items` VALUES ('15', '1', '<blockquote style=\"margin: 0 0 0 40px; border: none; padding: 0px;\">\r\n          <p dir=\"RTL\" style=\"text-align: center; margin: 0in 82.45pt 2pt 0in;\"><b><u><span style=\"font-size:\r\n          14.0pt\">البند الثانى&nbsp;عشر</span></u></b></p>\r\n          </blockquote>\r\n\r\n          <p dir=\"RTL\" style=\"margin-right:-1.15pt\"><span style=\"font-size: 18.6667px;\">ينص هذا العقد على ان نسبة الطرف الاول <span id=\"first_part_percent\"> .....</span> ونسبة الطرف الثانى <span id=\"second_part_percent\"> .....</span></span></p>\r\n\r\n          <p dir=\"RTL\" style=\"margin-right:-1.15pt\"><span lang=\"AR-SA\" style=\"font-size:14.0pt;\"><o:p> </o:p></span></p>', '2018-11-12 08:19:31', '2018-11-13 09:43:02');
INSERT INTO `template_items` VALUES ('16', '1', '<table width=\"100%\" dir=\"rtl\">\r\n            <tbody>\r\n                <tr>\r\n                    <td width=\"50%\">\r\n                        <h3><u>الطرف الاول</u></h3>\r\n                    </td>\r\n                    <td width=\"50%\">\r\n                        <h3><u>الطرف الثاني</u></h3>\r\n                    </td>\r\n                </tr>\r\n                <tr>\r\n                    <td>شركة/ <span id=\"first_part_name\">....</span> </td>\r\n                    <td>شركة/ <span id=\"second_part_name\">....</span> </td>\r\n                </tr>\r\n                <tr>\r\n                    <td>الاسم : <span id=\"first_part_person\">....</span></td>\r\n                    <td>الاسم : <span id=\"second_part_person\">....</span></td>\r\n                </tr>\r\n                <tr>\r\n                    <td>الصفة : <span id=\"first_part_character\">....</span></td>\r\n                    <td>الصفة : <span id=\"second_part_character\">....</span></td>\r\n                </tr>\r\n                <tr>\r\n                    <td>\r\n                        <p style=\"line-height:150%;vertical-align:bottom\"><br>التوقيع: <span id=\"first_part_signature\"></span></p>\r\n                    </td>\r\n                    <td>\r\n                        <p style=\"line-height:150%;vertical-align:bottom\"><br>التوقيع:<span id=\"second_part_signature\"></span></p>\r\n                    </td>\r\n                </tr>\r\n                <tr>\r\n                    <td>\r\n                        <p style=\"line-height:250%;vertical-align:bottom\"><br>خاتم الشركة : <span id=\"first_part_seal\"></span></p>\r\n                    </td>\r\n                    <td>\r\n                        <p style=\"line-height:250%;vertical-align:bottom\"><br>خاتم الشركة : <span id=\"second_part_seal\"></span></p>\r\n                    </td>\r\n                </tr>\r\n            </tbody>\r\n        </table>', '2018-11-12 08:19:31', '2018-11-13 09:43:02');

-- ----------------------------
-- Table structure for `templates`
-- ----------------------------
DROP TABLE IF EXISTS `templates`;
CREATE TABLE `templates` (
  `id` int(10) unsigned NOT NULL AUTO_INCREMENT,
  `title` varchar(191) COLLATE utf8mb4_unicode_ci NOT NULL,
  `content_type` tinyint(1) NOT NULL COMMENT '1:In / 2:Out',
  `created_at` timestamp NULL DEFAULT NULL,
  `updated_at` timestamp NULL DEFAULT NULL,
  PRIMARY KEY (`id`)
) ENGINE=InnoDB AUTO_INCREMENT=7 DEFAULT CHARSET=utf8mb4 COLLATE=utf8mb4_unicode_ci;

-- ----------------------------
-- Records of templates
-- ----------------------------
INSERT INTO `templates` VALUES ('1', 'عقد استغلال مصنفات فنية', '1', '2018-11-12 08:07:11', '2019-03-27 13:07:13');
INSERT INTO `templates` VALUES ('2', 'عقد استغلال محتوي لتقديم خدمات القيمة المضافة ', '2', '2018-10-25 09:36:19', '2019-03-27 13:07:22');

-- ----------------------------
-- Table structure for `types`
-- ----------------------------
DROP TABLE IF EXISTS `types`;
CREATE TABLE `types` (
  `id` int(10) unsigned NOT NULL AUTO_INCREMENT,
  `title` varchar(191) COLLATE utf8mb4_unicode_ci NOT NULL,
  `created_at` timestamp NULL DEFAULT NULL,
  `updated_at` timestamp NULL DEFAULT NULL,
  PRIMARY KEY (`id`)
) ENGINE=InnoDB AUTO_INCREMENT=8 DEFAULT CHARSET=utf8mb4 COLLATE=utf8mb4_unicode_ci;

-- ----------------------------
-- Records of types
-- ----------------------------
INSERT INTO `types` VALUES ('1', 'Advanced Editor', '2018-01-28 08:30:05', '2018-01-28 08:30:05');
INSERT INTO `types` VALUES ('2', 'Normal Editor', '2018-01-28 08:30:14', '2018-01-28 08:30:14');
INSERT INTO `types` VALUES ('3', 'Image', '2018-01-28 08:30:29', '2018-01-28 08:30:29');
INSERT INTO `types` VALUES ('4', 'Video', '2018-01-28 08:30:39', '2018-01-28 08:30:39');
INSERT INTO `types` VALUES ('5', 'Audio', '2018-01-28 08:30:47', '2018-01-28 08:30:47');
INSERT INTO `types` VALUES ('6', 'File Manager Uploads Extensions', '2018-01-28 08:30:57', '2018-01-28 08:30:57');
INSERT INTO `types` VALUES ('7', 'selector', '2019-02-11 13:18:52', '2019-02-11 13:18:52');

-- ----------------------------
-- Table structure for `user_has_permissions`
-- ----------------------------
DROP TABLE IF EXISTS `user_has_permissions`;
CREATE TABLE `user_has_permissions` (
  `user_id` int(10) unsigned NOT NULL,
  `permission_id` int(10) unsigned NOT NULL,
  PRIMARY KEY (`user_id`,`permission_id`),
  KEY `user_has_permissions_permission_id_foreign` (`permission_id`),
  CONSTRAINT `user_has_permissions_permission_id_foreign` FOREIGN KEY (`permission_id`) REFERENCES `permissions` (`id`) ON DELETE CASCADE,
  CONSTRAINT `user_has_permissions_user_id_foreign` FOREIGN KEY (`user_id`) REFERENCES `users` (`id`) ON DELETE CASCADE
) ENGINE=InnoDB DEFAULT CHARSET=utf8mb4 COLLATE=utf8mb4_unicode_ci;

-- ----------------------------
-- Records of user_has_permissions
-- ----------------------------

-- ----------------------------
-- Table structure for `user_has_roles`
-- ----------------------------
DROP TABLE IF EXISTS `user_has_roles`;
CREATE TABLE `user_has_roles` (
  `role_id` int(10) unsigned NOT NULL,
  `user_id` int(10) unsigned NOT NULL,
  PRIMARY KEY (`role_id`,`user_id`),
  KEY `user_has_roles_user_id_foreign` (`user_id`),
  CONSTRAINT `user_has_roles_role_id_foreign` FOREIGN KEY (`role_id`) REFERENCES `roles` (`id`) ON DELETE CASCADE,
  CONSTRAINT `user_has_roles_user_id_foreign` FOREIGN KEY (`user_id`) REFERENCES `users` (`id`) ON DELETE CASCADE
) ENGINE=InnoDB DEFAULT CHARSET=utf8mb4 COLLATE=utf8mb4_unicode_ci;

-- ----------------------------
-- Records of user_has_roles
-- ----------------------------
INSERT INTO `user_has_roles` VALUES ('1', '1');
INSERT INTO `user_has_roles` VALUES ('1', '2');
INSERT INTO `user_has_roles` VALUES ('3', '4');
INSERT INTO `user_has_roles` VALUES ('1', '5');
INSERT INTO `user_has_roles` VALUES ('1', '6');

-- ----------------------------
-- Table structure for `users`
-- ----------------------------
DROP TABLE IF EXISTS `users`;
CREATE TABLE `users` (
  `id` int(10) unsigned NOT NULL AUTO_INCREMENT,
  `name` varchar(191) COLLATE utf8mb4_unicode_ci NOT NULL,
  `email` varchar(191) COLLATE utf8mb4_unicode_ci NOT NULL,
  `password` varchar(191) COLLATE utf8mb4_unicode_ci NOT NULL,
  `remember_token` varchar(100) COLLATE utf8mb4_unicode_ci DEFAULT NULL,
  `created_at` timestamp NULL DEFAULT NULL,
  `updated_at` timestamp NULL DEFAULT NULL,
  `profile_img` varchar(191) COLLATE utf8mb4_unicode_ci NOT NULL,
  `aggregator_id` int(11) DEFAULT NULL,
  PRIMARY KEY (`id`),
  UNIQUE KEY `users_email_unique` (`email`)
) ENGINE=InnoDB AUTO_INCREMENT=7 DEFAULT CHARSET=utf8mb4 COLLATE=utf8mb4_unicode_ci;

-- ----------------------------
-- Records of users
-- ----------------------------
INSERT INTO `users` VALUES ('1', 'super admin', 'super_admin@ivas.com', '$2y$10$u2evAW530miwgUb2jcXkTuqIGswxnSQ3DSmX1Ji5rtO3Tx.MtVcX2', 'oCawR7ZmRWZ47E1DcY1bTZVyVjVCFhY1ZMI0LF4rULzhkkk6CzI37gYzqleC', '2017-11-09 06:13:14', '2018-11-26 08:11:50', '', null);
INSERT INTO `users` VALUES ('2', 'emad', 'emad@ivas.com.eg', '$2y$10$EDV2j1jHL0mnZx5Ltyz9qO5ww/U6XkdJgRTjxhlyMr7hx8q6sDQm2', null, '2020-09-06 11:49:37', '2020-09-06 11:51:13', '', null);
INSERT INTO `users` VALUES ('4', 'Arpu', 'arp@arpu.com', '$2y$10$DZ.WES.z0PXZrbA17GeQJujrlFWR7U3ZqCi.znYJ3im1jEgNzhKq.', null, '2020-09-06 11:52:56', '2020-09-06 11:52:56', '', '1');
INSERT INTO `users` VALUES ('5', 'emad2', 'emad.mohamed@digizone.com.kw', '$2y$10$Z4n2QN1Lsc/TY3K4D5vuyuJdcZmQz11a4JgD9uo7TS3T6KOc8/6pa', null, '2020-10-18 09:40:57', '2020-10-20 11:44:39', '', null);
INSERT INTO `users` VALUES ('6', 'Salma', 'salma.adel@ivas.com.eg', '$2y$10$d8V9aUqnbcjU2ZjWH2c.ReaBUI.uBfpolK4bd/S.RGCfcRNa/ZcOO', 'KDFGo0qwnzUa2Mc83Dqie9Eb8yDr35KLz5is8VVUOgHHWbW3FAAkhp8FVJeS', '2020-10-18 14:07:41', '2020-10-18 14:07:41', '', null);
