-- phpMyAdmin SQL Dump
-- version 4.9.0.1
-- https://www.phpmyadmin.net/
--
-- Host: 127.0.0.1
-- Generation Time: Nov 08, 2020 at 04:39 PM
-- Server version: 10.4.6-MariaDB
-- PHP Version: 7.3.9

SET SQL_MODE = "NO_AUTO_VALUE_ON_ZERO";
SET AUTOCOMMIT = 0;
START TRANSACTION;
SET time_zone = "+00:00";


/*!40101 SET @OLD_CHARACTER_SET_CLIENT=@@CHARACTER_SET_CLIENT */;
/*!40101 SET @OLD_CHARACTER_SET_RESULTS=@@CHARACTER_SET_RESULTS */;
/*!40101 SET @OLD_COLLATION_CONNECTION=@@COLLATION_CONNECTION */;
/*!40101 SET NAMES utf8mb4 */;

--
-- Database: `rbt_system_php7`
--

-- --------------------------------------------------------

--
-- Table structure for table `aggregators`
--

CREATE TABLE `aggregators` (
  `id` int(10) UNSIGNED NOT NULL,
  `title` varchar(191) COLLATE utf8mb4_unicode_ci NOT NULL,
  `created_at` timestamp NULL DEFAULT NULL,
  `updated_at` timestamp NULL DEFAULT NULL
) ENGINE=InnoDB DEFAULT CHARSET=utf8mb4 COLLATE=utf8mb4_unicode_ci;

--
-- Dumping data for table `aggregators`
--

INSERT INTO `aggregators` (`id`, `title`, `created_at`, `updated_at`) VALUES
(1, 'Arpu', '2020-09-06 15:52:35', '2020-09-06 15:52:35');

-- --------------------------------------------------------

--
-- Table structure for table `amount_revenu`
--

CREATE TABLE `amount_revenu` (
  `id` bigint(20) UNSIGNED NOT NULL,
  `contract_service_id` bigint(20) UNSIGNED NOT NULL,
  `revenu_id` bigint(20) UNSIGNED NOT NULL,
  `amount` varchar(191) COLLATE utf8mb4_unicode_ci NOT NULL,
  `created_at` timestamp NULL DEFAULT NULL,
  `updated_at` timestamp NULL DEFAULT NULL
) ENGINE=InnoDB DEFAULT CHARSET=utf8mb4 COLLATE=utf8mb4_unicode_ci;

--
-- Dumping data for table `amount_revenu`
--

INSERT INTO `amount_revenu` (`id`, `contract_service_id`, `revenu_id`, `amount`, `created_at`, `updated_at`) VALUES
(1, 31, 1, '50', NULL, NULL),
(2, 32, 1, '50', NULL, NULL),
(3, 31, 2, '50', NULL, NULL),
(4, 32, 2, '50', NULL, NULL),
(5, 31, 3, '50.59', NULL, NULL),
(6, 32, 3, '50', NULL, NULL),
(7, 29, 4, '100', NULL, NULL),
(8, 30, 4, '50.20', NULL, NULL),
(9, 31, 4, '40.70', NULL, NULL);

-- --------------------------------------------------------

--
-- Table structure for table `attachments`
--

CREATE TABLE `attachments` (
  `id` bigint(20) UNSIGNED NOT NULL,
  `attachment_code` varchar(60) COLLATE utf8mb4_unicode_ci NOT NULL DEFAULT '#',
  `contract_id` bigint(20) UNSIGNED NOT NULL,
  `attachment_type` tinyint(4) NOT NULL COMMENT '1:annex/2:authorization/3:copyright',
  `attachment_title` varchar(200) COLLATE utf8mb4_unicode_ci NOT NULL,
  `attachment_date` date NOT NULL,
  `attachment_expiry_date` date NOT NULL,
  `contract_expiry_date` date NOT NULL,
  `attachment_pdf` varchar(255) COLLATE utf8mb4_unicode_ci NOT NULL,
  `attachment_status` tinyint(1) NOT NULL COMMENT '1:Active/0:Expired',
  `notes` text COLLATE utf8mb4_unicode_ci DEFAULT NULL,
  `created_at` timestamp NULL DEFAULT NULL,
  `updated_at` timestamp NULL DEFAULT NULL
) ENGINE=InnoDB DEFAULT CHARSET=utf8mb4 COLLATE=utf8mb4_unicode_ci;

--
-- Dumping data for table `attachments`
--

INSERT INTO `attachments` (`id`, `attachment_code`, `contract_id`, `attachment_type`, `attachment_title`, `attachment_date`, `attachment_expiry_date`, `contract_expiry_date`, `attachment_pdf`, `attachment_status`, `notes`, `created_at`, `updated_at`) VALUES
(1, 'ALC#2020/08/12/1597231823/1597235565', 6, 2, 'Exclusive content for Rotana flater', '2020-01-01', '2020-12-31', '2020-12-31', '1597233493-57448861.pdf', 1, NULL, '2020-08-12 14:32:45', NULL),
(2, 'ANC#2020/08/12/1597239849/1597242254', 7, 1, 'Adding Chef Ahmed Maghazi\'s channel management', '2020-01-15', '2021-01-14', '2021-01-14', '1597242254-35754824.pdf', 1, NULL, '2020-08-12 16:24:14', NULL),
(3, 'ANC#2020/08/12/1597239849/1597242328', 7, 1, 'Add Hamid Zaid channel management', '2020-01-15', '2021-01-14', '2021-01-14', '1597242328-34879260.pdf', 1, 'test', '2020-08-12 16:25:28', '2020-11-05 07:24:15'),
(4, 'ANC#2020/08/13/1597320105/1597326529', 8, 1, '(استغلال محتوي (القرأن يجيب', '2013-07-08', '2015-07-07', '2015-06-01', '1597326529-63406767.pdf', 1, NULL, '2020-08-13 15:48:49', NULL),
(5, 'ANC#2020/08/13/1597320105/1597326593', 8, 1, '( استغلال محتوي ( سفره', '2013-07-08', '2015-07-07', '2015-06-01', '1597326593-58116494.pdf', 1, NULL, '2020-08-13 15:49:53', NULL),
(7, 'ANC#2020/08/13/1597323703/1597326856', 9, 1, 'ضريبه القيمه المضافه', '2017-04-06', '2018-04-05', '2017-04-05', '1597326856-30015120.pdf', 1, NULL, '2020-08-13 15:54:16', NULL),
(8, 'ANC#2020/08/13/1597320105/1597327146', 8, 1, '( استغلال محتوي ( جريده البديل', '2013-07-08', '2015-07-07', '2015-06-01', '1597327146-98358475.pdf', 1, NULL, '2020-08-13 15:59:06', NULL),
(9, 'ALC#2020/08/13/1597320105/1597329974', 8, 2, 'تشغيل محتوي امينه شلبايه', '2013-06-09', '2014-06-08', '2015-06-01', '1597328420-70320985.pdf', 1, NULL, '2020-08-13 16:46:14', NULL),
(10, 'ALC#2020/08/13/1597329881/1597330210', 10, 2, 'ramy gamal - hany adel - nour', '2019-07-01', '2020-06-30', '2019-07-30', '1597330210-60845699.pdf', 1, NULL, '2020-08-13 16:50:10', NULL),
(11, 'ALC#2020/08/13/1597329881/1597562942', 10, 2, 'اذاعه اغنيه طلقه لخالد عجاج', '2018-07-18', '2019-07-17', '2019-07-30', '1597562942-84841356.pdf', 1, NULL, '2020-08-16 09:29:02', NULL),
(12, 'ANC#2020/08/16/1597564066/1600246384', 11, 1, 'اضافه محتوي المطرب مدحت صالح', '2019-04-01', '2020-03-31', '2020-03-31', '1597565158-74630805.pdf', 0, NULL, '2020-09-16 10:53:04', NULL),
(13, 'ANC#2020/08/16/1597585845/1597586797', 12, 1, 'اضافه خدمات مشاري العفاسي', '2018-05-16', '2022-05-15', '2022-05-15', '1597586797-22130029.pdf', 1, NULL, '2020-08-16 16:06:37', NULL),
(14, 'ANC#2020/08/16/1597589682/1597590070', 14, 1, 'الاتفاق على النسبه', '2018-06-12', '2019-06-11', '2019-05-19', '1597590070-2684065.pdf', 1, NULL, '2020-08-16 17:01:10', NULL),
(15, 'ANC#2020/08/16/1597589682/1597590149', 14, 1, 'اضافه محتوي صابر الرباعي', '2018-06-12', '2019-06-11', '2019-05-19', '1597590149-27598701.pdf', 1, NULL, '2020-08-16 17:02:29', NULL),
(16, 'ANC#2020/08/16/1597587553/1597590586', 13, 1, 'اضافه 11 اغنيه', '2017-05-31', '2021-05-30', '2021-05-30', '1597590586-59780478.pdf', 1, NULL, '2020-08-16 17:09:46', NULL),
(17, 'ANC#2020/08/16/1597587553/1597590706', 13, 1, 'اضافه 2 اغنيه', '2020-06-04', '2024-06-03', '2021-05-30', '1597590706-98038967.pdf', 1, NULL, '2020-08-16 17:11:46', NULL),
(18, 'ANC#2020/08/17/1597659102/1597659224', 16, 1, 'الاتفاق على النسبه مابين الطرفين', '2019-05-01', '2020-04-30', '2020-04-30', '1597659224-31530469.pdf', 1, NULL, '2020-08-17 12:13:44', NULL),
(19, 'ANC#2020/08/17/1597662776/1597663043', 17, 1, 'تحديد حصه كلا الطرفين', '2019-10-09', '2020-10-08', '2020-10-08', '1597663043-29414030.pdf', 1, NULL, '2020-08-17 13:17:23', NULL),
(20, 'ANC#2020/08/17/1597662776/1597663195', 17, 1, 'customer`s complaints', '2019-10-09', '2020-10-08', '2020-10-08', '1597663195-68905015.pdf', 1, NULL, '2020-08-17 13:19:55', NULL),
(21, 'ANC#2020/08/17/1597662776/1597663380', 17, 1, 'عدم تحمل زين المسؤليه القانونيه', '2019-10-09', '2020-10-08', '2020-10-08', '1597663380-50414566.pdf', 1, NULL, '2020-08-17 13:23:00', NULL),
(22, 'ALC#2020/08/17/1597669797/1597740777', 18, 2, 'محاصه', '2017-06-12', '2018-06-11', '2018-06-11', '1597740777-95044877.pdf', 1, NULL, '2020-08-18 10:52:57', NULL),
(23, 'ANC#2020/08/18/1597748143/1597748664', 22, 1, 'اتفاق بين الثلاثه اطراف', '2017-05-21', '2018-05-20', '2018-05-20', '1597748664-96024797.pdf', 1, NULL, '2020-08-18 13:04:24', NULL),
(24, 'ANC#2020/08/18/1597749705/1600246476', 23, 1, 'اضافه مصنفات فنيه', '2017-11-22', '2018-11-21', '2018-11-21', '1597750098-70220620.pdf', 0, NULL, '2020-09-16 10:54:36', NULL),
(25, 'ANC#2020/08/18/1597749705/1597750199', 23, 1, 'مد مده العقد', '2018-11-22', '2019-11-21', '2018-11-21', '1597750199-63245694.pdf', 1, NULL, '2020-08-18 13:29:59', NULL),
(26, 'CRC#2020/08/18/1597749705/1600246679', 23, 3, 'توكيل', '2017-11-22', '2018-11-21', '2019-11-21', '1597751554-75835034.pdf', 0, NULL, '2020-09-16 10:57:59', NULL),
(27, 'CRC#2020/08/18/1597749705/1600246732', 23, 3, 'توكيل 1', '2017-11-22', '2018-11-21', '2019-11-21', '1597751613-11711640.pdf', 0, NULL, '2020-09-16 10:58:52', NULL),
(28, 'ALC#2020/08/18/1597762547/1597762628', 25, 2, 'تفويض اربو', '2015-01-01', '2015-12-31', '2016-11-30', '1597762628-40975032.pdf', 1, NULL, '2020-08-18 16:57:08', NULL),
(29, 'ANC#2020/08/18/1597762547/1597762811', 25, 1, 'اكواد الخدمات', '2015-12-01', '2016-11-30', '2016-11-30', '1597762811-34045661.pdf', 1, NULL, '2020-08-18 17:00:11', NULL),
(30, 'ALC#2020/08/19/1597823567/1597823756', 27, 2, 'تفويض باستغلال اي فاز المحتوي', '2015-09-17', '2018-09-16', '2018-09-16', '1597823756-10378451.pdf', 1, NULL, '2020-08-19 09:55:56', NULL),
(31, 'ANC#2020/08/19/1597825041/1597828579', 28, 1, 'ملحق بالافلام الممنوحه', '2017-05-11', '2017-11-10', '2017-09-10', '1597828579-94258696.pdf', 1, NULL, '2020-08-19 11:16:19', NULL),
(32, 'ANC#2020/08/19/1597825041/1597828902', 28, 1, 'مواصفات فنيه', '2017-05-11', '2015-11-10', '2017-09-10', '1597828902-73418506.pdf', 1, NULL, '2020-08-19 11:21:42', NULL),
(33, 'ANC#2020/08/19/1597825041/1597828968', 28, 1, 'بنود حمايه وامن الافلام', '2017-05-11', '2017-11-10', '2017-09-10', '1597828968-85164538.pdf', 1, NULL, '2020-08-19 11:22:48', NULL),
(34, 'ALC#2020/08/19/1597828009/1597829180', 30, 2, 'تفويض باستغلال اي فاز محتوي ال vas', '2017-05-11', '2017-11-10', '2019-05-10', '1597829180-59303370.pdf', 1, NULL, '2020-08-19 11:26:20', NULL),
(35, 'ALC#2020/09/15/1600179900/1600958369', 143, 2, 'نحديد شبكات الاتصال', '2019-04-01', '2021-03-31', '2020-03-31', '1597834086-40037862.pdf', 1, NULL, '2020-09-24 16:39:29', NULL),
(36, 'ANC#2020/08/19/1597833841/1597839046', 32, 1, 'نسبه كلا الطرفين', '2019-04-01', '2020-03-31', '2021-03-31', '1597839046-67470402.pdf', 1, NULL, '2020-08-19 14:10:46', NULL),
(37, 'ANC#2020/08/19/1597844903/1600246984', 35, 1, 'استغلال محتوي', '2019-03-01', '2020-02-29', '2020-02-29', '1597845876-94034252.pdf', 0, NULL, '2020-09-16 11:03:04', NULL),
(38, 'ANC#2020/08/19/1597844903/1600246975', 35, 1, 'networks', '2019-03-01', '2020-02-29', '2020-02-29', '1597846132-14898782.pdf', 0, '<p>ملحق رقم 2 : تحديد الشبكات&nbsp;</p><p>ملحق رقم 3: استغلال محتوي</p>', '2020-09-16 11:02:55', NULL),
(39, 'ALC#2020/08/12/1597231823/1598183733', 6, 2, '(استغلال محتوي ( فلاتر روتانا', '2020-04-16', '2023-04-15', '2020-12-31', '1598183733-61385603.pdf', 1, NULL, '2020-08-23 13:55:33', NULL),
(40, 'ALC#2020/08/23/1598183319/1598184635', 36, 2, 'عقد شراكه بين طرفين', '2018-09-03', '2021-10-02', '2023-04-15', '1598184635-65812800.pdf', 1, NULL, '2020-08-23 14:10:35', NULL),
(41, 'ANC#2020/08/23/1598183319/1598185451', 36, 1, 'المحتوي الاسلامي', '2020-04-16', '2023-04-15', '2023-04-15', '1598185451-28803800.pdf', 1, NULL, '2020-08-23 14:24:11', NULL),
(42, 'ALC#2020/08/25/1598350913/1598351072', 39, 2, 'تفويض ل اي فاز بأستغلال المحتوي', '2017-07-19', '2022-07-18', '2021-07-18', '1598351072-86312927.pdf', 1, NULL, '2020-08-25 12:24:32', NULL),
(43, 'ANC#2020/08/25/1598352335/1598353510', 40, 1, 'مستحقات العميل', '2018-02-27', '2019-02-26', '2019-02-26', '1598353510-46968621.pdf', 1, NULL, '2020-08-25 13:05:10', NULL),
(44, 'ANC#2020/08/25/1598352335/1598353567', 40, 1, 'جهات الاتصال', '2018-02-27', '2019-02-26', '2019-02-26', '1598353567-68594589.pdf', 1, NULL, '2020-08-25 13:06:07', NULL),
(45, 'ANC#2020/08/25/1598352335/1598355017', 40, 1, 'مستحقات العميل 2', '2018-02-27', '2019-02-26', '2019-02-26', '1598355017-6917289.pdf', 1, NULL, '2020-08-25 13:30:17', NULL),
(46, 'ANC#2020/08/25/1598356650/1600246898', 41, 1, 'اتفاق الطرفين على تغير النسبه عام 2014', '2014-10-01', '2016-09-30', '2016-09-30', '1598356891-12669405.pdf', 0, NULL, '2020-09-16 11:01:38', NULL),
(47, 'ANC#2020/08/25/1598356650/1600246887', 41, 1, 'اتفاق الطرفين على تغير النسبه عام 2013', '2014-10-01', '2016-09-30', '2016-09-30', '1598356947-99733935.pdf', 0, NULL, '2020-09-16 11:01:27', NULL),
(48, 'ANC#2020/08/25/1598356650/1600246869', 41, 1, 'اتفاق الطرفين على تغير النسبه عام 2015', '2014-10-01', '2016-09-30', '2016-09-30', '1598357070-26650496.pdf', 0, NULL, '2020-09-16 11:01:09', NULL),
(49, 'ANC#2020/08/25/1598356650/1600246850', 41, 1, 'اضافه محتوي', '2014-10-01', '2016-09-30', '2016-09-30', '1598357220-51012864.pdf', 0, NULL, '2020-09-16 11:00:50', NULL),
(50, 'ALC#2020/08/25/1598356650/1600246837', 41, 2, '1', '2014-10-01', '2016-09-30', '2016-09-30', '1598357680-74581965.pdf', 0, NULL, '2020-09-16 11:00:37', NULL),
(51, 'ALC#2020/08/25/1598356650/1600246823', 41, 2, '2', '2014-10-01', '2016-09-30', '2016-09-30', '1598357951-34609961.pdf', 0, NULL, '2020-09-16 11:00:23', NULL),
(52, 'ALC#2020/08/25/1598356650/1600247048', 41, 2, '3', '2014-10-01', '2016-09-30', '2016-09-30', '1598357992-54779199.pdf', 0, NULL, '2020-09-16 11:04:08', NULL),
(53, 'ALC#2020/08/25/1598356650/1600247060', 41, 2, '4', '2014-10-01', '2016-09-30', '2016-09-30', '1598358022-98506234.pdf', 0, NULL, '2020-09-16 11:04:20', NULL),
(54, 'ALC#2020/08/25/1598356650/1600247093', 41, 2, '5', '2014-10-01', '2016-09-30', '2016-09-30', '1598358109-73361199.pdf', 0, NULL, '2020-09-16 11:04:53', NULL),
(55, 'ANC#2020/08/25/1598360433/1600247131', 42, 1, 'نسب الاطراف', '2014-10-01', '2016-09-30', '2016-09-30', '1598360531-73545878.pdf', 0, NULL, '2020-09-16 11:05:31', NULL),
(56, 'ANC#2020/08/25/1598360433/1600247359', 42, 1, 'قواعد عامه', '2014-10-01', '2016-09-30', '2016-09-30', '1598360568-64022428.pdf', 0, NULL, '2020-09-16 11:09:19', NULL),
(57, 'ANC#2020/08/25/1598360433/1600247350', 42, 1, 'ارشادات', '2014-10-01', '2016-09-30', '2016-09-30', '1598360619-98710694.pdf', 0, NULL, '2020-09-16 11:09:10', NULL),
(58, 'ANC#2020/08/25/1598361526/1598361624', 43, 1, 'المواصفات الفنيه', '2015-06-01', '2016-05-31', '2016-05-31', '1598361624-70647106.pdf', 1, NULL, '2020-08-25 15:20:24', NULL),
(59, 'ANC#2020/08/25/1598361526/1598361760', 43, 1, 'الوضع المالى', '2015-06-01', '2016-05-31', '2016-05-31', '1598361760-1798195.pdf', 1, NULL, '2020-08-25 15:22:40', NULL),
(60, 'ANC#2020/08/25/1598361526/1598361798', 43, 1, 'تقرير', '2015-06-01', '2016-05-31', '2016-05-31', '1598361798-64389257.pdf', 1, NULL, '2020-08-25 15:23:18', NULL),
(61, 'ANC#2020/08/25/1598361526/1598361859', 43, 1, 'تحويلات بنكيه', '2015-06-01', '2016-05-31', '2016-05-31', '1598361859-73128342.pdf', 1, NULL, '2020-08-25 15:24:19', NULL),
(62, 'ALC#2020/08/25/1598361526/1598361959', 43, 2, 'Tim We Auhuraisation', '2015-06-01', '2016-05-31', '2016-05-31', '1598361959-84967603.pdf', 1, NULL, '2020-08-25 15:25:59', NULL),
(63, 'ALC#2020/08/25/1598365736/1600247322', 44, 2, '1', '2014-06-22', '2015-06-21', '2015-06-21', '1598365813-55849358.pdf', 0, NULL, '2020-09-16 11:08:42', NULL),
(64, 'ALC#2020/08/25/1598365736/1600247303', 44, 2, '2', '2014-06-22', '2015-06-21', '2015-06-21', '1598365918-77846093.pdf', 0, NULL, '2020-09-16 11:08:23', NULL),
(65, 'ALC#2020/08/25/1598365736/1600247277', 44, 2, '3', '2014-06-22', '2015-06-21', '2015-06-21', '1598366264-61349311.pdf', 0, NULL, '2020-09-16 11:07:57', NULL),
(66, 'ANC#2020/08/25/1598367188/1598367361', 45, 1, 'نسبه كلا الطرفين', '2015-10-01', '2017-10-31', '2020-08-31', '1598367361-98703313.pdf', 0, NULL, '2020-08-25 16:56:01', NULL),
(67, 'ANC#2020/08/25/1598367843/1598367970', 46, 1, 'نسبه كلا الطرفين', '2014-10-01', '2015-09-30', '2020-08-31', '1598367929-31583379.pdf', 0, NULL, '2020-08-25 17:06:10', NULL),
(68, 'ANC#2020/08/25/1598367843/1598368041', 46, 1, 'تفويضات', '2014-10-01', '2015-09-30', '2020-08-31', '1598368041-17327076.pdf', 0, NULL, '2020-08-25 17:07:21', NULL),
(69, 'ALC#2020/08/26/1598431927/1598432874', 47, 2, 'تفويضات', '2013-06-04', '2016-06-03', '2016-06-04', '1598432874-57562509.pdf', 1, NULL, '2020-08-26 11:07:54', NULL),
(70, 'ALC#2020/08/26/1598431927/1598432952', 47, 2, '1', '2013-06-04', '2016-06-03', '2016-06-04', '1598432952-4118282.pdf', 1, NULL, '2020-08-26 11:09:12', NULL),
(71, 'ALC#2020/08/26/1598431927/1598433007', 47, 2, '2', '2013-06-04', '2016-06-03', '2016-06-04', '1598433007-82670130.pdf', 1, NULL, '2020-08-26 11:10:07', NULL),
(72, 'ALC#2020/08/26/1598435014/1600247425', 48, 2, 'authuraisation', '2014-09-05', '2015-03-04', '2015-09-05', '1598438626-97951515.pdf', 0, NULL, '2020-09-16 11:10:25', NULL),
(73, 'ANC#2020/08/26/1598435014/1600249709', 48, 1, 'ملحق رقم 1', '2014-09-05', '2015-03-04', '2015-09-05', '1598439473-10595887.pdf', 0, NULL, '2020-09-16 11:48:29', NULL),
(74, 'ANC#2020/08/26/1598436530/1600249696', 49, 1, 'نسب الاطراف', '2014-09-05', '2015-03-04', '2015-03-04', '1598439624-96048599.pdf', 0, NULL, '2020-09-16 11:48:16', NULL),
(75, 'ANC#2020/08/26/1598435014/1600248479', 48, 1, 'ملحق رقم 2', '2014-09-05', '2015-03-04', '2015-09-05', '1598439817-171436.pdf', 0, NULL, '2020-09-16 11:27:59', NULL),
(76, 'ANC#2020/08/26/1598435014/1600248473', 48, 1, 'ملحق رقم 3', '2014-09-05', '2015-03-04', '2015-09-05', '1598439943-67878537.pdf', 0, NULL, '2020-09-16 11:27:53', NULL),
(77, 'ANC#2020/08/26/1598441636/1600248457', 50, 1, 'اضافه المطرب خالد عجاج', '2019-07-01', '2020-06-30', '2020-06-30', '1598442161-82089032.pdf', 0, NULL, '2020-09-16 11:27:37', NULL),
(78, 'ANC#2020/08/26/1598441636/1600248444', 50, 1, 'هاني شاكر', '2019-07-01', '2020-06-30', '2020-06-30', '1598442227-98281457.pdf', 0, NULL, '2020-09-16 11:27:24', NULL),
(79, 'ANC#2020/08/26/1598443774/1600248428', 51, 1, 'Du - Etisalat', '2018-05-01', '2018-10-31', '2018-10-31', '1598444002-64900845.pdf', 0, NULL, '2020-09-16 11:27:08', NULL),
(80, 'ALC#2020/08/26/1598443774/1600248359', 51, 2, 'Confirmation', '2018-05-01', '2018-10-31', '2018-10-31', '1598444093-39779750.pdf', 0, NULL, '2020-09-16 11:25:59', NULL),
(81, 'ALC#2020/08/27/1598515862/1598519220', 52, 2, '1', '2014-10-01', '2015-09-30', '2015-09-30', '1598519220-85114115.pdf', 0, NULL, '2020-08-27 11:07:00', NULL),
(82, 'ALC#2020/08/27/1598515862/1598519343', 52, 2, '2', '2014-10-01', '2015-09-30', '2015-09-30', '1598519343-47170949.pdf', 0, NULL, '2020-08-27 11:09:03', NULL),
(83, 'ALC#2020/08/27/1598515862/1598519541', 52, 2, '3', '2014-10-01', '2015-09-30', '2015-09-30', '1598519541-10345840.pdf', 0, NULL, '2020-08-27 11:12:21', NULL),
(84, 'ALC#2020/08/27/1598518136/1600248338', 54, 2, 'الخدمات', '2014-05-18', '2016-05-17', '2016-05-17', '1598519733-7007539.pdf', 0, NULL, '2020-09-16 11:25:38', NULL),
(85, 'ALC#2020/08/27/1598516750/1598519867', 53, 2, '1', '2014-10-01', '2015-09-30', '2015-09-30', '1598519867-75659564.pdf', 0, NULL, '2020-08-27 11:17:47', NULL),
(86, 'ALC#2020/08/27/1598515862/1598519968', 52, 2, '4', '2014-10-01', '2015-09-30', '2015-09-30', '1598519968-48841083.pdf', 0, NULL, '2020-08-27 11:19:28', NULL),
(87, 'ALC#2020/08/27/1598516750/1598520062', 53, 2, '3', '2014-10-01', '2015-09-30', '2015-09-30', '1598520062-58562811.pdf', 0, NULL, '2020-08-27 11:21:02', NULL),
(88, 'ALC#2020/08/27/1598516750/1598520150', 53, 2, '4', '2014-10-01', '2015-09-30', '2015-09-30', '1598520150-2822970.pdf', 0, NULL, '2020-08-27 11:22:30', NULL),
(89, 'ALC#2020/08/27/1598516750/1598520229', 53, 2, '2', '2014-10-01', '2015-09-30', '2015-09-30', '1598520229-28456869.pdf', 0, NULL, '2020-08-27 11:23:49', NULL),
(90, 'ANC#2020/08/27/1598539638/1600248306', 55, 1, '1', '2018-05-14', '2019-05-13', '2019-05-13', '1598539825-60956601.pdf', 0, NULL, '2020-09-16 11:25:06', NULL),
(91, 'ANC#2020/08/27/1598539638/1600248290', 55, 1, '2', '2018-05-14', '2019-05-13', '2019-05-13', '1598539903-47413740.pdf', 0, NULL, '2020-09-16 11:24:50', NULL),
(92, 'ANC#2020/08/27/1598540364/1598540412', 56, 1, '1', '2018-10-17', '2019-10-16', '2019-10-16', '1598540412-10666070.pdf', 1, NULL, '2020-08-27 17:00:12', NULL),
(93, 'ANC#2020/08/27/1598539638/1600248271', 55, 1, '3', '2018-05-14', '2019-05-13', '2019-05-13', '1598776906-44058389.pdf', 0, NULL, '2020-09-16 11:24:31', NULL),
(94, 'ANC#2020/08/30/1598777514/1598777990', 57, 1, 'ملحق رقم 1', '2018-08-01', '2019-07-31', '2019-07-31', '1598777990-92249340.pdf', 0, NULL, '2020-08-30 10:59:50', NULL),
(95, 'ANC#2020/08/30/1598777514/1598778094', 57, 1, 'سخ العقد', '2018-08-01', '2018-09-02', '2019-07-31', '1598778094-98694312.pdf', 0, NULL, '2020-08-30 11:01:34', NULL),
(96, 'ANC#2020/08/30/1598782309/1600248242', 58, 1, 'جدول المحتوي', '2019-08-01', '2020-07-31', '2020-07-31', '1598785663-50564015.pdf', 0, NULL, '2020-09-16 11:24:02', NULL),
(97, 'ANC#2020/08/30/1598791059/1600248229', 59, 1, 'تعديل نسبه الطرفين', '2015-12-01', '2019-03-31', '2019-03-31', '1598791597-11935141.pdf', 0, NULL, '2020-09-16 11:23:49', NULL),
(98, 'ANC#2020/08/30/1598798744/1598798842', 61, 1, '1', '2014-07-14', '2017-07-13', '2017-07-13', '1598798841-4202636.pdf', 1, NULL, '2020-08-30 16:47:22', NULL),
(99, 'ANC#2020/08/31/1598868634/1598869070', 63, 1, '1', '2013-06-02', '2016-06-01', '2015-06-01', '1598869070-17409515.pdf', 1, NULL, '2020-08-31 12:17:50', NULL),
(100, 'ANC#2020/08/31/1598883263/1598884314', 69, 1, '1', '2020-08-16', '2023-08-15', '2023-08-15', '1598884314-38854890.pdf', 1, NULL, '2020-08-31 16:31:54', NULL),
(101, 'ALC#2020/08/31/1598883263/1598884366', 69, 2, '1', '2020-08-16', '2023-08-15', '2023-08-15', '1598884366-45205370.pdf', 1, NULL, '2020-08-31 16:32:46', NULL),
(102, 'CRC#2020/08/31/1598883263/1598884407', 69, 3, '1', '2020-08-16', '2023-08-15', '2023-08-15', '1598884407-93532441.pdf', 1, NULL, '2020-08-31 16:33:27', NULL),
(103, 'ANC#2020/09/01/1598961126/1598961193', 72, 1, '1', '2014-10-02', '2017-10-01', '2017-10-01', '1598961193-44920874.pdf', 1, NULL, '2020-09-01 13:53:13', NULL),
(104, 'ANC#2020/09/01/1598961126/1598964471', 72, 1, '2', '2014-10-02', '2017-10-01', '2017-10-01', '1598964471-65163081.pdf', 1, NULL, '2020-09-01 14:47:51', NULL),
(105, 'ALC#2020/09/01/1598961126/1598965113', 72, 2, '1', '2013-10-28', '2017-10-01', '2017-10-01', '1598965113-14723084.pdf', 1, NULL, '2020-09-01 14:58:33', NULL),
(106, 'ALC#2020/09/01/1598963429/1600250146', 74, 2, '1', '2014-10-01', '2015-09-30', '2015-09-30', '1598965371-77109452.pdf', 0, NULL, '2020-09-16 11:55:46', NULL),
(107, 'CRC#2020/09/01/1598961126/1598965939', 72, 3, '1', '2014-10-02', '2017-10-01', '2017-10-01', '1598965939-79513369.pdf', 1, NULL, '2020-09-01 15:12:19', NULL),
(108, 'ANC#2020/09/01/1598976909/1600250110', 75, 1, '1', '2017-03-27', '2018-03-26', '2018-03-26', '1598977097-10504790.pdf', 0, NULL, '2020-09-16 11:55:10', NULL),
(109, 'ANC#2020/09/01/1598976909/1600250089', 75, 1, '2', '2017-03-27', '2018-03-26', '2018-03-26', '1598977129-50671677.pdf', 0, NULL, '2020-09-16 11:54:49', NULL),
(110, 'ANC#2020/09/01/1598976909/1600250078', 75, 1, '3', '2017-03-27', '2018-03-26', '2018-03-26', '1598977342-3072378.pdf', 0, NULL, '2020-09-16 11:54:38', NULL),
(111, 'ANC#2020/09/02/1599042910/1600250065', 76, 1, '1', '2018-05-15', '2019-05-14', '2019-05-14', '1599043106-46038507.pdf', 0, NULL, '2020-09-16 11:54:25', NULL),
(112, 'ANC#2020/09/02/1599042910/1600250040', 76, 1, '2', '2018-05-15', '2019-05-14', '2019-05-14', '1599043143-54058617.pdf', 0, NULL, '2020-09-16 11:54:00', NULL),
(113, 'ANC#2020/09/02/1599042910/1600250027', 76, 1, '3', '2018-05-15', '2019-05-14', '2019-05-14', '1599043202-66136021.pdf', 0, NULL, '2020-09-16 11:53:47', NULL),
(114, 'ANC#2020/09/02/1599042910/1600250013', 76, 1, '4', '2018-05-15', '2019-05-14', '2019-05-14', '1599043258-84533594.pdf', 0, NULL, '2020-09-16 11:53:33', NULL),
(115, 'ANC#2020/09/02/1599042910/1600250001', 76, 1, '5', '2018-05-15', '2019-05-14', '2019-05-14', '1599043308-85950087.pdf', 0, NULL, '2020-09-16 11:53:21', NULL),
(116, 'ANC#2020/09/02/1599042910/1600249984', 76, 1, '6', '2018-05-15', '2019-05-14', '2019-05-14', '1599043391-31601924.pdf', 0, NULL, '2020-09-16 11:53:04', NULL),
(117, 'ANC#2020/09/02/1599050127/1600249967', 81, 1, '1', '2014-04-01', '2015-03-31', '2015-03-31', '1599051927-19133258.pdf', 0, NULL, '2020-09-16 11:52:47', NULL),
(118, 'ANC#2020/09/02/1599050127/1600249955', 81, 1, '2', '2014-04-01', '2015-03-31', '2015-03-31', '1599051967-56134459.pdf', 0, NULL, '2020-09-16 11:52:35', NULL),
(119, 'ANC#2020/09/03/1599125920/1599126131', 82, 1, '1', '2017-02-01', '2019-01-31', '2019-01-31', '1599126131-70563682.pdf', 1, NULL, '2020-09-03 11:42:11', NULL),
(120, 'ANC#2020/09/03/1599125920/1599126222', 82, 1, '2', '2017-02-01', '2019-01-31', '2019-01-31', '1599126222-95929024.pdf', 1, NULL, '2020-09-03 11:43:42', NULL),
(121, 'ANC#2020/09/03/1599125920/1599126289', 82, 1, '3', '2017-02-01', '2019-01-31', '2019-01-31', '1599126289-28993815.pdf', 1, NULL, '2020-09-03 11:44:49', NULL),
(122, 'ANC#2020/09/03/1599127785/1600249931', 83, 1, '1', '2016-09-01', '2017-08-31', '2017-08-31', '1599128390-65942024.pdf', 0, NULL, '2020-09-16 11:52:11', NULL),
(123, 'ANC#2020/09/03/1599125920/1599135057', 82, 1, '4', '2017-02-01', '2019-01-31', '2019-01-31', '1599135057-75819164.pdf', 1, NULL, '2020-09-03 14:10:57', NULL),
(124, 'ANC#2020/09/03/1599138216/1599138281', 87, 1, 'All', '2013-11-09', '2014-11-08', '2014-11-08', '1599138281-9872212.pdf', 1, NULL, '2020-09-03 15:04:41', NULL),
(125, 'ALC#2020/09/03/1599139447/1599143604', 88, 2, '1', '2019-10-01', '2020-09-30', '2020-09-30', '1599143604-8972702.pdf', 1, NULL, '2020-09-03 16:33:24', NULL),
(126, 'ALC#2020/09/07/1599467833/1599467940', 90, 2, 'تصريح', '2014-12-08', '2019-12-07', '2019-12-07', '1599467940-75325354.pdf', 1, NULL, '2020-09-07 10:39:00', NULL),
(127, 'ANC#2020/09/07/1599470158/1600249899', 94, 1, '1', '2017-05-02', '2016-02-10', '2016-02-10', '1599470280-1248402.pdf', 0, NULL, '2020-09-16 11:51:39', NULL),
(128, 'ALC#2020/09/07/1599472057/1599472132', 96, 2, '1', '2014-05-20', '2017-05-19', '2017-05-19', '1599472132-3625255.pdf', 1, NULL, '2020-09-07 11:48:52', NULL),
(129, 'ALC#2020/09/07/1599472780/1599472878', 98, 2, '1', '2016-12-19', '2018-12-01', '2018-11-30', '1599472878-58373397.pdf', 1, NULL, '2020-09-07 12:01:18', NULL),
(130, 'ANC#2020/09/07/1599472780/1599472946', 98, 1, '1', '2015-12-01', '2018-11-30', '2018-11-30', '1599472946-6718148.pdf', 1, NULL, '2020-09-07 12:02:26', NULL),
(131, 'ANC#2020/09/07/1599472780/1599472984', 98, 1, '2', '2015-12-01', '2018-11-30', '2018-11-30', '1599472984-29077405.pdf', 1, NULL, '2020-09-07 12:03:04', NULL),
(132, 'ANC#2020/09/07/1599472780/1599473063', 98, 1, 'TV', '2015-12-01', '2018-11-30', '2018-11-30', '1599473063-94432184.pdf', 1, NULL, '2020-09-07 12:04:23', NULL),
(133, 'ANC#2020/09/07/1599472780/1599473255', 98, 1, 'Audio', '2015-12-01', '2018-11-30', '2018-11-30', '1599473255-54916661.pdf', 1, NULL, '2020-09-07 12:07:35', NULL),
(134, 'ANC#2020/09/07/1599472780/1599473448', 98, 1, 'Vedio', '2015-12-01', '2018-11-30', '2018-11-30', '1599473448-89840136.pdf', 1, NULL, '2020-09-07 12:10:48', NULL),
(135, 'ALC#2020/09/07/1599473874/1599473962', 99, 2, '1', '2017-02-15', '2020-02-14', '2020-02-14', '1599473962-756811.pdf', 1, NULL, '2020-09-07 12:19:22', NULL),
(136, 'ALC#2020/09/07/1599477748/1600250312', 103, 2, '1', '2019-09-01', '2020-08-31', '2020-08-31', '1599477851-7092278.pdf', 0, NULL, '2020-09-16 11:58:32', NULL),
(137, 'ALC#2020/09/07/1599477748/1600250337', 103, 2, '2', '2019-09-01', '2020-08-31', '2020-08-31', '1599477940-83871714.pdf', 0, NULL, '2020-09-16 11:58:57', NULL),
(138, 'ALC#2020/09/07/1599477748/1600250349', 103, 2, '3', '2019-09-01', '2020-08-31', '2020-08-31', '1599477981-30274394.pdf', 0, NULL, '2020-09-16 11:59:09', NULL),
(139, 'ALC#2020/09/07/1599477748/1600250361', 103, 2, '4', '2019-09-01', '2020-08-31', '2020-08-31', '1599480703-74599443.pdf', 0, NULL, '2020-09-16 11:59:21', NULL),
(140, 'ALC#2020/09/07/1599477748/1600250374', 103, 2, '5', '2019-09-01', '2020-08-31', '2020-08-31', '1599480872-88472721.pdf', 0, NULL, '2020-09-16 11:59:34', NULL),
(141, 'ALC#2020/09/08/1599556637/1599556751', 104, 2, '1', '2017-04-12', '2022-04-11', '2022-04-11', '1599556751-16584374.pdf', 1, NULL, '2020-09-08 11:19:11', NULL),
(142, 'ANC#2020/09/08/1599556932/1599557002', 105, 1, '1', '2014-07-15', '2017-07-14', '2017-07-14', '1599557002-40505078.pdf', 1, NULL, '2020-09-08 11:23:22', NULL),
(143, 'ANC#2020/09/08/1599557201/1599557252', 106, 1, '1', '2016-06-01', '2019-05-31', '2019-05-31', '1599557252-66547236.pdf', 1, NULL, '2020-09-08 11:27:32', NULL),
(144, 'ANC#2020/09/08/1599557201/1599557303', 106, 1, '2', '2016-06-01', '2019-05-31', '2019-05-31', '1599557303-89551635.pdf', 1, NULL, '2020-09-08 11:28:23', NULL),
(145, 'ANC#2020/09/08/1599557463/1599557521', 107, 1, '1', '2014-07-18', '2019-07-17', '2019-07-17', '1599557521-18599952.pdf', 1, NULL, '2020-09-08 11:32:01', NULL),
(146, 'ALC#2020/09/08/1599557645/1600250511', 108, 2, '1', '2014-10-01', '2019-09-30', '2019-09-30', '1599557699-44003686.pdf', 0, NULL, '2020-09-16 12:01:51', NULL),
(147, 'ALC#2020/09/08/1599557645/1600250527', 108, 2, '2', '2014-10-01', '2019-09-30', '2019-09-30', '1599557781-95484730.pdf', 0, NULL, '2020-09-16 12:02:07', NULL),
(148, 'ALC#2020/09/08/1599557645/1600250538', 108, 2, '3', '2014-10-01', '2019-09-30', '2019-09-30', '1599557815-7426847.pdf', 0, NULL, '2020-09-16 12:02:18', NULL),
(149, 'ALC#2020/09/08/1599557998/1599558050', 109, 2, '1', '2017-04-12', '2022-04-11', '2022-04-11', '1599558050-47318746.pdf', 1, NULL, '2020-09-08 11:40:50', NULL),
(150, 'ANC#2020/09/08/1599558943/1599559003', 112, 1, '1', '2019-12-01', '2022-11-30', '2022-11-30', '1599559003-72732975.pdf', 1, NULL, '2020-09-08 11:56:43', NULL),
(151, 'ANC#2020/09/08/1599559379/1600250557', 113, 1, '1', '2019-07-01', '2020-06-30', '2020-06-30', '1599559459-26060779.pdf', 0, NULL, '2020-09-16 12:02:37', NULL),
(152, 'ANC#2020/09/08/1599559379/1600250612', 113, 1, '2', '2019-07-01', '2020-06-30', '2020-06-30', '1599559501-51211112.pdf', 0, NULL, '2020-09-16 12:03:32', NULL),
(153, 'ANC#2020/09/09/1599648566/1599648615', 116, 1, '1', '2014-07-07', '2017-07-06', '2017-07-07', '1599648615-59618730.pdf', 1, NULL, '2020-09-09 12:50:15', NULL),
(154, 'ALC#2020/09/09/1599648566/1599648648', 116, 2, '1', '2014-07-07', '2017-07-06', '2017-07-07', '1599648648-83930512.pdf', 1, NULL, '2020-09-09 12:50:48', NULL),
(155, 'ANC#2020/09/09/1599648987/1599649143', 118, 1, 'انهاء التعاقد', '2014-09-09', '2019-09-08', '2019-09-08', '1599649143-38386947.pdf', 0, NULL, '2020-09-09 12:59:03', NULL),
(156, 'ALC#2020/09/09/1599648987/1599649227', 118, 2, '1', '2014-09-09', '2019-09-08', '2019-09-08', '1599649226-69998211.pdf', 0, NULL, '2020-09-09 13:00:27', NULL),
(157, 'ANC#2020/09/09/1599649523/1599649756', 119, 1, 'فسخ عقد اربو والطبلاوي', '2014-07-14', '2019-07-13', '2017-07-13', '1599649756-55903094.pdf', 1, NULL, '2020-09-09 13:09:16', NULL),
(158, 'ANC#2020/09/09/1599649523/1599649917', 119, 1, '1', '2014-07-14', '2017-07-13', '2017-07-13', '1599649917-73086397.pdf', 1, NULL, '2020-09-09 13:11:57', NULL),
(159, 'ALC#2020/09/09/1599649523/1599649996', 119, 2, '1', '2014-07-14', '2017-07-13', '2017-07-13', '1599649996-91599302.pdf', 1, NULL, '2020-09-09 13:13:16', NULL),
(160, 'ANC#2020/09/09/1599649523/1599650144', 119, 1, '2', '2014-07-14', '2017-07-13', '2017-07-13', '1599650144-35317058.pdf', 1, NULL, '2020-09-09 13:15:44', NULL),
(161, 'ANC#2020/09/09/1599649523/1599650221', 119, 1, '3', '2014-07-14', '2017-07-13', '2017-07-13', '1599650221-67786436.pdf', 1, NULL, '2020-09-09 13:17:01', NULL),
(162, 'ANC#2020/09/09/1599651696/1599651773', 123, 1, 'All', '2019-07-29', '2022-07-28', '2022-07-28', '1599651773-4179214.pdf', 1, NULL, '2020-09-09 13:42:53', NULL),
(163, 'ALC#2020/09/09/1599651696/1599651813', 123, 2, '1', '2019-07-29', '2022-07-28', '2022-07-28', '1599651813-239335.pdf', 1, NULL, '2020-09-09 13:43:33', NULL),
(164, 'ALC#2020/09/09/1599652843/1599653114', 125, 2, '1', '2016-01-27', '2021-01-26', '2021-01-26', '1599653114-14544823.pdf', 1, NULL, '2020-09-09 14:05:14', NULL),
(165, 'ALC#2020/09/09/1599652843/1599653177', 125, 2, '2', '2016-01-27', '2021-01-26', '2021-01-26', '1599653177-77600701.pdf', 1, NULL, '2020-09-09 14:06:17', NULL),
(166, 'ANC#2020/09/09/1599652843/1599653220', 125, 1, '1', '2016-01-27', '2021-01-26', '2021-01-26', '1599653220-17325857.pdf', 1, NULL, '2020-09-09 14:07:00', NULL),
(167, 'ANC#2020/09/09/1599652843/1599653498', 125, 1, '2', '2016-01-27', '2021-01-26', '2021-01-26', '1599653497-38193712.pdf', 1, NULL, '2020-09-09 14:11:38', NULL),
(168, 'ANC#2020/09/09/1599652843/1599653530', 125, 1, '3', '2016-01-27', '2021-01-26', '2021-01-26', '1599653530-66480235.pdf', 1, NULL, '2020-09-09 14:12:10', NULL),
(169, 'ANC#2020/09/09/1599652843/1599653580', 125, 1, '4', '2016-01-27', '2021-01-26', '2021-01-26', '1599653580-63269475.pdf', 1, NULL, '2020-09-09 14:13:00', NULL),
(170, 'ANC#2020/09/09/1599653965/1599654639', 128, 1, '1', '2014-12-11', '2019-12-10', '2019-12-10', '1599654639-56466839.pdf', 1, NULL, '2020-09-09 14:30:39', NULL),
(171, 'ALC#2020/09/09/1599653965/1599655187', 128, 2, '1', '2014-12-11', '2019-12-10', '2019-12-10', '1599655187-61365225.pdf', 1, NULL, '2020-09-09 14:39:47', NULL),
(172, 'ANC#2020/09/09/1599655454/1599656177', 129, 1, '1', '2014-04-01', '2017-03-31', '2017-03-31', '1599656177-4172668.pdf', 1, NULL, '2020-09-09 14:56:17', NULL),
(173, 'ALC#2020/09/09/1599655454/1599656230', 129, 2, '1', '2014-04-01', '2017-03-31', '2017-03-31', '1599656230-61684064.pdf', 1, NULL, '2020-09-09 14:57:10', NULL),
(174, 'ALC#2020/09/09/1599655517/1599656282', 130, 2, '1', '2014-11-27', '2019-11-26', '2019-11-26', '1599656282-14890788.pdf', 1, NULL, '2020-09-09 14:58:02', NULL),
(175, 'ANC#2020/09/10/1599726470/1599727698', 132, 1, '1', '2013-06-02', '2015-06-01', '2015-06-01', '1599727698-67629791.pdf', 1, NULL, '2020-09-10 10:48:18', NULL),
(176, 'ALC#2020/09/10/1599726470/1599727763', 132, 2, '1', '2013-06-02', '2015-06-01', '2015-06-01', '1599727763-76454201.pdf', 1, NULL, '2020-09-10 10:49:23', NULL),
(177, 'ANC#2020/09/10/1599730336/1599730750', 134, 1, '1', '2002-09-24', '2027-09-23', '2007-09-23', '1599730750-71829120.pdf', 1, NULL, '2020-09-10 11:39:10', NULL),
(178, 'ANC#2020/09/10/1599733742/1599733803', 136, 1, '1', '2014-09-05', '2019-09-04', '2019-09-04', '1599733803-72775508.pdf', 1, NULL, '2020-09-10 12:30:03', NULL),
(179, 'ANC#2020/09/10/1599733742/1599733962', 136, 1, 'عقد استغلال اسم تجارى', '2014-10-01', '2020-09-30', '2019-09-04', '1599733962-5589947.pdf', 1, NULL, '2020-09-10 12:32:42', NULL),
(180, 'ANC#2020/09/10/1599733742/1599734002', 136, 1, '2', '2014-10-01', '2020-09-30', '2019-09-04', '1599734002-73813578.pdf', 1, NULL, '2020-09-10 12:33:22', NULL),
(181, 'ALC#2020/09/10/1599733742/1599734426', 136, 2, 'All', '2014-10-01', '2020-09-30', '2019-09-04', '1599734426-20585656.pdf', 1, NULL, '2020-09-10 12:40:26', NULL),
(182, 'ANC#2020/09/10/1599733742/1599735749', 136, 1, '3', '2014-09-05', '2019-09-04', '2019-09-04', '1599735749-13810722.pdf', 1, NULL, '2020-09-10 13:02:29', NULL),
(183, 'ANC#2020/09/10/1599736917/1599737022', 137, 1, 'حق استغلال حقوق الملكيه الفكريه', '2006-07-18', '2009-07-17', '2009-07-18', '1599737022-85440814.pdf', 1, NULL, '2020-09-10 13:23:42', NULL),
(184, 'ANC#2020/09/10/1599733742/1599737572', 136, 1, 'All', '2014-09-05', '2019-09-04', '2019-09-04', '1599737572-14576064.pdf', 1, NULL, '2020-09-10 13:32:52', NULL),
(185, 'ANC#2020/09/10/1599750157/1599750507', 140, 1, '1', '2017-02-07', '2022-02-06', '2022-02-06', '1599750507-56368724.pdf', 1, NULL, '2020-09-10 17:08:27', NULL),
(186, 'ALC#2020/09/10/1599750157/1599750548', 140, 2, '1', '2017-02-07', '2022-02-06', '2022-02-06', '1599750548-15021101.pdf', 1, NULL, '2020-09-10 17:09:08', NULL),
(187, 'ANC#2020/09/10/1599750822/1599750881', 142, 1, '1', '2015-01-26', '2025-01-25', '2025-01-25', '1599750881-90960954.pdf', 1, NULL, '2020-09-10 17:14:41', NULL),
(188, 'ALC#2020/09/10/1599750822/1599750943', 142, 2, '1', '2015-01-26', '2025-01-25', '2025-01-25', '1599750943-55014709.pdf', 1, NULL, '2020-09-10 17:15:43', NULL),
(189, 'ALC#2020/09/10/1599750822/1599988753', 142, 2, 'توكيل', '2015-01-26', '2025-01-25', '2025-01-25', '1599988753-83504483.pdf', 1, NULL, '2020-09-13 11:19:13', NULL),
(190, 'ANC#2020/08/27/1598539638/1600250824', 55, 1, '4', '2018-05-14', '2019-05-13', '2019-05-13', '1600178401-96776723.pdf', 0, NULL, '2020-09-16 12:07:04', NULL),
(191, 'ANC#2020/09/15/1600179900/1600180169', 143, 1, '1', '2019-04-01', '2020-03-31', '2020-03-31', '1600180169-84622838.pdf', 1, NULL, '2020-09-15 16:29:29', NULL),
(192, 'ALC#2020/09/15/1600179900/1600180220', 143, 2, '1', '2019-04-01', '2020-03-31', '2020-03-31', '1600180220-11277304.pdf', 1, NULL, '2020-09-15 16:30:20', NULL),
(193, 'ANC#2020/09/15/1600182066/1600250850', 144, 1, '1', '2017-01-01', '2018-07-31', '2019-12-31', '1600182205-61156080.pdf', 0, NULL, '2020-09-16 12:07:30', NULL),
(194, 'ANC#2020/09/15/1600182066/1600250845', 144, 1, '2', '2017-01-01', '2018-07-31', '2019-12-31', '1600182306-49577753.pdf', 0, NULL, '2020-09-16 12:07:25', NULL),
(195, 'ANC#2020/09/15/1600182570/1600250964', 145, 1, '1', '2017-07-01', '2018-06-30', '2018-06-30', '1600182661-58245929.pdf', 0, NULL, '2020-09-16 12:09:24', NULL),
(196, 'ANC#2020/09/15/1600183136/1600250884', 146, 1, '1', '2018-11-01', '2019-10-31', '2019-10-31', '1600183324-87791716.pdf', 0, NULL, '2020-09-16 12:08:04', NULL),
(197, 'ANC#2020/09/15/1600183565/1600250869', 147, 1, '1', '2018-04-01', '2019-03-31', '2019-03-31', '1600183616-24581008.pdf', 0, NULL, '2020-09-16 12:07:49', NULL),
(198, 'ANC#2020/08/26/1598431927/1600780363', 47, 1, 'تجديد العقد لمده اخري', '2017-09-30', '2020-09-29', '2016-06-04', '1600780363-99883863.pdf', 1, NULL, '2020-09-22 15:12:43', NULL),
(199, 'ALC#2020/09/27/1601215116/1601379171', 151, 2, '1', '2020-01-01', '2022-12-31', '2022-12-31', '1601379171-90679423.pdf', 1, NULL, '2020-09-29 19:32:51', NULL),
(200, 'ALC#2020/09/27/1601215116/1601380421', 151, 2, 'Hana', '2020-01-01', '2022-12-31', '2022-12-31', '1601380421-72437087.pdf', 1, NULL, '2020-09-29 19:53:41', NULL),
(201, 'ANC#2020/10/06/1601981479/1601981600', 154, 1, '1', '2015-01-18', '2016-01-17', '2016-01-17', '1601981600-49000392.pdf', 1, NULL, '2020-10-06 18:53:20', NULL),
(202, 'ANC#2020/10/06/1601989496/1601989573', 156, 1, '1', '2014-10-01', '2015-09-30', '2015-09-30', '1601989573-33504687.pdf', 1, NULL, '2020-10-06 21:06:13', NULL),
(203, 'ALC#2020/10/06/1601989496/1601989682', 156, 2, '1', '2014-10-01', '2015-09-30', '2015-09-30', '1601989682-65689183.pdf', 1, NULL, '2020-10-06 21:08:02', NULL),
(204, 'ANC#2020/10/06/1601994195/1601994279', 157, 1, '1', '2014-10-01', '2017-09-30', '2017-09-30', '1601994279-99754574.pdf', 1, NULL, '2020-10-06 22:24:39', NULL),
(205, 'ALC#2020/08/25/1598367188/1601997536', 45, 2, '1', '2015-10-01', '2017-09-30', '2017-09-30', '1601997536-64211257.pdf', 1, NULL, '2020-10-06 23:18:56', NULL),
(206, 'ALC#2020/08/27/1598516750/1601998143', 53, 2, '1', '2014-10-01', '2015-09-30', '2015-09-30', '1601998143-18776236.pdf', 1, NULL, '2020-10-06 23:29:03', NULL),
(207, 'ANC#2020/08/26/1598435014/1601998696', 48, 1, '1', '2014-09-05', '2015-09-04', '2015-09-05', '1601998696-68447614.pdf', 1, NULL, '2020-10-06 23:38:16', NULL),
(208, 'ALC#2020/08/30/1598793163/1601998909', 60, 2, '1', '2019-04-01', '2020-03-31', '2020-03-31', '1601998909-52179880.pdf', 1, NULL, '2020-10-06 23:41:49', NULL),
(209, 'ALC#2020/08/18/1597742691/1602058661', 20, 2, '1', '2018-04-11', '2019-04-10', '2019-04-01', '1602058661-8594530.pdf', 1, NULL, '2020-10-07 16:17:41', NULL),
(210, 'ALC#2020/08/12/1597239849/1602058999', 7, 2, '1', '2020-01-15', '2021-01-14', '2021-01-14', '1602058999-28741625.pdf', 1, NULL, '2020-10-07 16:23:19', NULL),
(211, 'ALC#2020/09/01/1598963429/1602059452', 74, 2, '1', '2014-10-01', '2015-09-30', '2015-09-30', '1602059452-4841867.pdf', 1, NULL, '2020-10-07 16:30:52', NULL),
(212, 'ALC#2020/09/23/1600851351/1602059631', 148, 2, '1', '2015-06-01', '2018-05-31', '2018-05-31', '1602059631-59881257.pdf', 1, NULL, '2020-10-07 16:33:51', NULL),
(213, 'ALC#2020/08/30/1598777514/1602060876', 57, 2, '1', '2018-08-01', '2019-07-31', '2019-07-31', '1602060876-49043493.pdf', 1, NULL, '2020-10-07 16:54:36', NULL),
(214, 'ALC#2020/08/30/1598777514/1602061320', 57, 2, '2', '2018-08-01', '2019-07-31', '2019-07-31', '1602061320-92441490.pdf', 1, NULL, '2020-10-07 17:02:00', NULL),
(215, 'ALC#2020/08/30/1598782309/1602061484', 58, 2, '1', '2019-08-01', '2020-07-31', '2020-07-31', '1602061484-16415878.pdf', 1, NULL, '2020-10-07 17:04:44', NULL),
(216, 'ALC#2020/08/30/1598782309/1602061621', 58, 2, '2', '2019-08-01', '2020-07-31', '2020-07-31', '1602061621-50260755.pdf', 1, NULL, '2020-10-07 17:07:01', NULL),
(217, 'ALC#2020/08/16/1597587553/1602062057', 13, 2, '1', '2017-05-31', '2021-05-30', '2021-05-30', '1602062057-41839203.pdf', 1, NULL, '2020-10-07 17:14:17', NULL),
(218, 'ALC#2020/08/16/1597585845/1602062265', 12, 2, '1', '2018-05-16', '2022-05-15', '2022-05-15', '1602062265-6387734.pdf', 1, NULL, '2020-10-07 17:17:45', NULL),
(219, 'ALC#2020/09/07/1599470158/1602064121', 94, 2, '1', '2017-05-02', '2022-05-01', '2016-02-10', '1602064121-83385252.pdf', 1, NULL, '2020-10-07 17:48:41', NULL),
(220, 'ALC#2020/08/26/1598431927/1602065090', 47, 2, '1', '2013-06-04', '2016-06-03', '2016-06-04', '1602065090-73805172.pdf', 1, NULL, '2020-10-07 18:04:50', NULL),
(221, 'ALC#2020/08/16/1597564066/1602065327', 11, 2, '1', '2019-04-01', '2020-03-31', '2020-03-31', '1602065327-72660847.pdf', 1, NULL, '2020-10-07 18:08:47', NULL),
(222, 'ALC#2020/08/17/1597659102/1602065727', 16, 2, '1', '2019-05-01', '2020-04-30', '2020-04-30', '1602065727-65914520.pdf', 1, NULL, '2020-10-07 18:15:27', NULL),
(223, 'ALC#2020/08/26/1598435014/1602404818', 48, 2, '1', '2014-09-05', '2015-09-04', '2015-09-05', '1602404818-97589065.pdf', 0, NULL, '2020-10-11 16:26:58', NULL),
(224, 'ALC#2020/08/26/1598435014/1602405302', 48, 2, '2', '2014-09-05', '2015-09-04', '2015-09-05', '1602405302-34549.pdf', 0, NULL, '2020-10-11 16:35:02', NULL),
(225, 'ALC#2020/08/30/1598793163/1602405795', 60, 2, '2', '2019-04-01', '2020-03-31', '2020-03-31', '1602405795-76685821.pdf', 0, NULL, '2020-10-11 16:43:15', NULL),
(226, 'ALC#2020/08/30/1598791059/1602407212', 59, 2, '1', '2015-12-01', '2019-03-31', '2019-03-31', '1602407212-35756959.pdf', 0, NULL, '2020-10-11 17:06:52', NULL),
(227, 'ALC#2020/08/30/1598791059/1602407338', 59, 2, '2', '2015-12-01', '2019-03-31', '2019-03-31', '1602407320-62503337.pdf', 0, NULL, '2020-10-11 17:08:58', NULL),
(228, 'ALC#2020/09/15/1600182066/1602408575', 144, 2, 'All Authiraisations', '2017-01-01', '2019-12-31', '2019-12-31', '1602408575-70634447.pdf', 1, NULL, '2020-10-11 17:29:35', NULL),
(229, 'ALC#2020/10/19/1603114583/1603117932', 164, 2, '3', '2020-09-10', '2023-09-09', '2023-09-09', '1603117932-31052501.pdf', 1, NULL, '2020-10-19 20:32:12', NULL),
(230, 'ALC#2020/10/19/1603114583/1603117886', 164, 2, '2', '2020-09-10', '2023-09-09', '2023-09-09', '1603117886-1984512.pdf', 1, NULL, '2020-10-19 20:31:26', NULL),
(231, 'ALC#2020/10/19/1603114583/1603114910', 164, 2, '1', '2020-09-10', '2023-09-09', '2023-09-09', '1603114910-80410030.pdf', 1, NULL, '2020-10-19 19:41:50', NULL),
(232, 'ANC#2020/10/19/1603114492/1603114781', 163, 1, '1', '2020-09-10', '2023-09-09', '2023-09-09', '', 1, NULL, '2020-10-19 19:39:41', NULL),
(233, 'ALC#2020/10/19/1603108139/1603108619', 158, 2, '1', '2020-09-24', '2023-09-23', '2023-09-23', '1603108619-35455786.pdf', 1, NULL, '2020-10-19 17:56:59', NULL),
(234, 'ANC#2020/10/19/1603108139/1603108572', 158, 1, '1', '2020-09-24', '2023-09-23', '2023-09-23', '1603108572-24390795.pdf', 1, NULL, '2020-10-19 17:56:12', NULL),
(235, 'AN/C#2020/10/28/1603883434/1604233095', 168, 1, 'All', '2014-07-01', '2014-09-30', '2015-06-30', 'uploads/attachments/1604233095.pdf', 0, 'ALL Annexes', '2020-11-01 17:18:15', '2020-11-01 17:18:15'),
(236, 'AN/C#2020/11/01/1604235740/1604235796', 171, 1, '1', '2018-04-01', '2019-03-31', '2019-03-31', 'uploads/attachments/1604235796.pdf', 0, 'Annex', '2020-11-01 18:03:16', '2020-11-01 18:03:16'),
(237, 'AN/C#2020/11/01/1604232912/1604236064', 170, 1, 'All', '2017-01-01', '2018-07-31', '2018-07-31', 'uploads/attachments/1604236064.pdf', 0, 'ALL Annexes', '2020-11-01 18:07:44', '2020-11-01 18:07:44'),
(238, 'AN/C#2020/11/01/1604237342/1604237459', 172, 1, '1', '2014-10-01', '2015-09-30', '2015-09-30', 'uploads/attachments/1604237459.pdf', 0, 'Annex', '2020-11-01 18:30:59', '2020-11-01 18:30:59'),
(239, 'AN/C#2020/11/01/1604237342/1604239374', 172, 1, '2', '2014-10-01', '2015-09-30', '2015-09-30', 'uploads/attachments/1604239374.pdf', 0, 'Annex', '2020-11-01 19:02:54', '2020-11-01 19:02:54');

-- --------------------------------------------------------

--
-- Table structure for table `contents`
--

CREATE TABLE `contents` (
  `id` int(10) UNSIGNED NOT NULL,
  `content_title` varchar(191) COLLATE utf8mb4_unicode_ci NOT NULL,
  `content_type` varchar(191) COLLATE utf8mb4_unicode_ci NOT NULL,
  `path` text COLLATE utf8mb4_unicode_ci NOT NULL,
  `image_preview` varchar(191) COLLATE utf8mb4_unicode_ci DEFAULT NULL,
  `internal_coding` varchar(191) COLLATE utf8mb4_unicode_ci DEFAULT NULL,
  `provider_id` int(10) UNSIGNED DEFAULT NULL,
  `user_id` int(10) UNSIGNED DEFAULT NULL,
  `occasion_id` int(10) UNSIGNED DEFAULT NULL,
  `created_at` timestamp NULL DEFAULT NULL,
  `updated_at` timestamp NULL DEFAULT NULL,
  `contract_id` int(10) UNSIGNED DEFAULT NULL,
  `start_date` date DEFAULT NULL,
  `expire_date` date DEFAULT NULL
) ENGINE=InnoDB DEFAULT CHARSET=utf8mb4 COLLATE=utf8mb4_unicode_ci;

--
-- Dumping data for table `contents`
--

INSERT INTO `contents` (`id`, `content_title`, `content_type`, `path`, `image_preview`, `internal_coding`, `provider_id`, `user_id`, `occasion_id`, `created_at`, `updated_at`, `contract_id`, `start_date`, `expire_date`) VALUES
(1116, 'test single', 'audio', '/uploads/content/2020-11-08/1604838617320.wav', NULL, 'Co/2020/11/08/1604838617', 204, NULL, 23, '2020-11-08 10:30:17', '2020-11-08 10:30:17', 7, '2020-11-01', '2020-11-30'),
(1117, 'test single', 'audio', '/uploads/content/2020-11-08/1604838735650.wav', NULL, 'Co/2020/11/08/1604838735', 41, NULL, 23, '2020-11-08 10:32:15', '2020-11-08 10:32:15', 153, '2020-11-01', '2020-11-30');

-- --------------------------------------------------------

--
-- Table structure for table `contracts`
--

CREATE TABLE `contracts` (
  `id` bigint(20) UNSIGNED NOT NULL,
  `contract_code` varchar(60) COLLATE utf8mb4_unicode_ci NOT NULL DEFAULT '#CODE',
  `service_type_id` bigint(20) UNSIGNED NOT NULL,
  `contract_label` varchar(250) COLLATE utf8mb4_unicode_ci NOT NULL DEFAULT 'set contract name',
  `first_party_id` bigint(20) UNSIGNED NOT NULL,
  `first_party_select` tinyint(1) NOT NULL DEFAULT 1 COMMENT '0:no | 1:yes',
  `second_party_id` bigint(20) UNSIGNED NOT NULL,
  `first_party` varchar(191) COLLATE utf8mb4_unicode_ci NOT NULL,
  `second_party` varchar(191) COLLATE utf8mb4_unicode_ci NOT NULL,
  `first_party_percentage` tinyint(1) NOT NULL,
  `second_party_percentage` tinyint(1) NOT NULL,
  `contract_date` date NOT NULL DEFAULT '2020-05-28',
  `contract_duration_id` bigint(20) UNSIGNED NOT NULL,
  `renewal_status` tinyint(1) NOT NULL DEFAULT 0 COMMENT '0:no | 1:yes | 2:renewal by another one',
  `contract_status` tinyint(1) NOT NULL DEFAULT 1 COMMENT '0:terminated/1:active',
  `contract_expiry_date` date DEFAULT NULL,
  `country_title` varchar(191) COLLATE utf8mb4_unicode_ci NOT NULL,
  `operator_title` varchar(191) COLLATE utf8mb4_unicode_ci NOT NULL,
  `copies` tinyint(1) DEFAULT 2,
  `pages` tinyint(1) DEFAULT 10,
  `contract_pdf` varchar(191) COLLATE utf8mb4_unicode_ci DEFAULT NULL,
  `contract_notes` text COLLATE utf8mb4_unicode_ci DEFAULT NULL,
  `btn_annex` varchar(191) COLLATE utf8mb4_unicode_ci DEFAULT NULL,
  `btn_auturaisition` varchar(191) COLLATE utf8mb4_unicode_ci DEFAULT NULL,
  `btn_copyrights` varchar(191) COLLATE utf8mb4_unicode_ci DEFAULT NULL,
  `entry_by_details` varchar(191) COLLATE utf8mb4_unicode_ci DEFAULT NULL,
  `entry_by` int(11) NOT NULL,
  `created_at` timestamp NULL DEFAULT NULL,
  `updated_at` timestamp NULL DEFAULT NULL,
  `second_party_type_id` bigint(20) UNSIGNED DEFAULT NULL,
  `contract_type` tinyint(4) NOT NULL DEFAULT 1 COMMENT '1-new 2-draft',
  `full_approves` int(11) NOT NULL DEFAULT 0 COMMENT '1-allApproved 0-notApproved',
  `contract_signed_date` date DEFAULT NULL,
  `ceo_renew` tinyint(4) NOT NULL DEFAULT 0 COMMENT '0- no action | 1- renew | 2- not renew'
) ENGINE=InnoDB DEFAULT CHARSET=utf8mb4 COLLATE=utf8mb4_unicode_ci;

--
-- Dumping data for table `contracts`
--

INSERT INTO `contracts` (`id`, `contract_code`, `service_type_id`, `contract_label`, `first_party_id`, `first_party_select`, `second_party_id`, `first_party`, `second_party`, `first_party_percentage`, `second_party_percentage`, `contract_date`, `contract_duration_id`, `renewal_status`, `contract_status`, `contract_expiry_date`, `country_title`, `operator_title`, `copies`, `pages`, `contract_pdf`, `contract_notes`, `btn_annex`, `btn_auturaisition`, `btn_copyrights`, `entry_by_details`, `entry_by`, `created_at`, `updated_at`, `second_party_type_id`, `contract_type`, `full_approves`, `contract_signed_date`, `ceo_renew`) VALUES
(4, 'C#2020/08/12/1597224538', 1, 'Rebiana', 2, 0, 58, 'Rebiana-Libya', 'DigiZone', 50, 50, '2020-01-30', 1, 2, 1, '2021-01-29', 'libya', 'libyana - libya,libyana - libya', 2, 8, '1597240045-19013892.pdf', NULL, '<a href=\"https://ccms.l-sh.me/annexes?search=contract_id:equal:4\"\' class=\"btn btn-default btn-sm\" role=\"button\" aria-disabled=\"true\"><i class=\"fa fa-paper-plane\"></i></a>', '<a href=\"https://ccms.l-sh.me/authorizations?search=contract_id:equal:4\"\' class=\"btn btn-default btn-sm\" role=\"button\" aria-disabled=\"true\"><i class=\"fa fa-paper-plane\"></i></a>', '<a href=\"https://ccms.l-sh.me/copyrights?search=contract_id:equal:4\"\' class=\"btn btn-default btn-sm\" role=\"button\" aria-disabled=\"true\"><i class=\"fa fa-paper-plane\"></i></a>', 'Sayed Aref', 0, '2020-09-30 15:49:13', '2020-10-22 14:41:58', 1, 2, 0, '2020-01-30', 0),
(6, 'C#2020/08/12/1597231823', 3, 'Rotana - Filters', 2, 0, 59, 'Rotana', 'DigiZone', 60, 40, '2020-01-01', 1, 2, 1, '2020-12-31', 'Egypt,Kuwait,KSA,UAE,Jordan,Iraq', 'ooredoo - Kuwait,Mobinil - Egypt,Vodafone - Egypt,Zain - Kuwait,Zain - Iraq,STC - KSA,Zain - KSA,Mobily - KSA,Viva - Kuwait,korek tele - Iraq,du - UAE,etisalat - UAE,zain - Jordan,Umniah - Jo', 2, 5, '1597231823-12008564.pdf', '25.000$ نسبه الطرف الاول هى 60% في حال تجاوزت ايرادات الخدمه للطرفين مبلغ \r\nو65% للطرف الاول في حال لم تتجاوز هذا المبلغ', '<a href=\"https://ccms.l-sh.me/annexes?search=contract_id:equal:6\"\' class=\"btn btn-default btn-sm\" role=\"button\" aria-disabled=\"true\"><i class=\"fa fa-paper-plane\"></i></a>', '<a href=\"https://ccms.l-sh.me/authorizations?search=contract_id:equal:6\"\' class=\"btn btn-default btn-sm\" role=\"button\" aria-disabled=\"true\"><i class=\"fa fa-paper-plane\"></i></a>', '<a href=\"https://ccms.l-sh.me/copyrights?search=contract_id:equal:6\"\' class=\"btn btn-default btn-sm\" role=\"button\" aria-disabled=\"true\"><i class=\"fa fa-paper-plane\"></i></a>', 'Sayed Aref', 0, '2020-09-28 00:45:06', '2020-10-22 14:41:58', 4, 2, 0, '2020-01-01', 0),
(7, 'C#2020/08/12/1597239849', 9, 'Takween - Web Streaming', 2, 1, 54, 'DigiZone', 'Takween', 70, 30, '2020-01-15', 1, 0, 1, '2021-01-14', 'All countries', 'All - All', 2, 3, '1597239849-93653637.pdf', NULL, '<a href=\"https://ccms.l-sh.me/annexes?search=contract_id:equal:7\"\' class=\"btn btn-default btn-sm\" role=\"button\" aria-disabled=\"true\"><i class=\"fa fa-paper-plane\"></i></a>', '<a href=\"https://ccms.l-sh.me/authorizations?search=contract_id:equal:7\"\' class=\"btn btn-default btn-sm\" role=\"button\" aria-disabled=\"true\"><i class=\"fa fa-paper-plane\"></i></a>', '<a href=\"https://ccms.l-sh.me/copyrights?search=contract_id:equal:7\"\' class=\"btn btn-default btn-sm\" role=\"button\" aria-disabled=\"true\"><i class=\"fa fa-paper-plane\"></i></a>', 'Sayed Aref', 0, '2020-09-09 16:38:06', '2020-10-22 14:41:58', 1, 2, 0, '2020-01-15', 0),
(8, 'C#2020/08/13/1597320105', 3, 'Victory link - Alert Subscription', 1, 1, 43, 'iVAS', 'Victory Link', 50, 50, '2013-06-02', 2, 1, 1, '2015-06-01', 'All countries', 'Mobinil - Egypt', 2, 7, '1597320105-38859228.pdf', NULL, '<a href=\"https://ccms.l-sh.me/annexes?search=contract_id:equal:8\"\' class=\"btn btn-default btn-sm\" role=\"button\" aria-disabled=\"true\"><i class=\"fa fa-paper-plane\"></i></a>', '<a href=\"https://ccms.l-sh.me/authorizations?search=contract_id:equal:8\"\' class=\"btn btn-default btn-sm\" role=\"button\" aria-disabled=\"true\"><i class=\"fa fa-paper-plane\"></i></a>', '<a href=\"https://ccms.l-sh.me/copyrights?search=contract_id:equal:8\"\' class=\"btn btn-default btn-sm\" role=\"button\" aria-disabled=\"true\"><i class=\"fa fa-paper-plane\"></i></a>', 'Sayed Aref', 0, '2020-09-06 16:23:31', '2020-10-22 14:41:58', 1, 2, 0, '2013-06-02', 0),
(9, 'C#2020/08/13/1597323703', 4, 'Victory Link - Bulk Sms', 1, 0, 43, 'Victory Link', 'iVAS', 0, 0, '2017-04-06', 1, 1, 1, '2017-04-05', 'Egypt', 'All - Egypt', 2, 4, '1597323703-56931226.pdf', NULL, '<a href=\"https://ccms.l-sh.me/annexes?search=contract_id:equal:9\"\' class=\"btn btn-default btn-sm\" role=\"button\" aria-disabled=\"true\"><i class=\"fa fa-paper-plane\"></i></a>', '<a href=\"https://ccms.l-sh.me/authorizations?search=contract_id:equal:9\"\' class=\"btn btn-default btn-sm\" role=\"button\" aria-disabled=\"true\"><i class=\"fa fa-paper-plane\"></i></a>', '<a href=\"https://ccms.l-sh.me/copyrights?search=contract_id:equal:9\"\' class=\"btn btn-default btn-sm\" role=\"button\" aria-disabled=\"true\"><i class=\"fa fa-paper-plane\"></i></a>', 'Sayed Aref', 0, '2020-09-06 16:25:48', '2020-10-22 14:41:58', 1, 2, 0, '2017-04-06', 0),
(10, 'C#2020/08/13/1597329881', 1, 'Negoom Fm - Vas - Etisalat Misr', 1, 0, 82, 'Negoom fm', 'iVAS', 70, 30, '2018-07-31', 1, 1, 1, '2019-07-30', 'Egypt', 'etisalat - Egypt', 2, 6, '1597329881-58985174.pdf', NULL, '<a href=\"https://ccms.l-sh.me/annexes?search=contract_id:equal:10\"\' class=\"btn btn-default btn-sm\" role=\"button\" aria-disabled=\"true\"><i class=\"fa fa-paper-plane\"></i></a>', '<a href=\"https://ccms.l-sh.me/authorizations?search=contract_id:equal:10\"\' class=\"btn btn-default btn-sm\" role=\"button\" aria-disabled=\"true\"><i class=\"fa fa-paper-plane\"></i></a>', '<a href=\"https://ccms.l-sh.me/copyrights?search=contract_id:equal:10\"\' class=\"btn btn-default btn-sm\" role=\"button\" aria-disabled=\"true\"><i class=\"fa fa-paper-plane\"></i></a>', 'Sayed Aref', 0, '2020-09-03 14:34:31', '2020-10-22 14:41:58', 8, 2, 0, '2018-07-31', 0),
(11, 'C#2020/08/16/1597564066', 2, 'Negoom Fm - RBT- Vodafone Misr', 1, 0, 82, 'Negoom fm', 'iVAS', 0, 0, '2019-04-01', 1, 2, 0, '2020-03-31', 'Egypt', 'Vodafone - Egypt', 2, 7, '1597564066-92573427.pdf', NULL, '<a href=\"https://ccms.l-sh.me/annexes?search=contract_id:equal:11\"\' class=\"btn btn-default btn-sm\" role=\"button\" aria-disabled=\"true\"><i class=\"fa fa-paper-plane\"></i></a>', '<a href=\"https://ccms.l-sh.me/authorizations?search=contract_id:equal:11\"\' class=\"btn btn-default btn-sm\" role=\"button\" aria-disabled=\"true\"><i class=\"fa fa-paper-plane\"></i></a>', '<a href=\"https://ccms.l-sh.me/copyrights?search=contract_id:equal:11\"\' class=\"btn btn-default btn-sm\" role=\"button\" aria-disabled=\"true\"><i class=\"fa fa-paper-plane\"></i></a>', 'Salma Adel', 0, '2020-09-16 10:08:40', '2020-10-22 14:41:58', 8, 2, 0, '2019-04-01', 0),
(12, 'C#2020/08/16/1597585845', 1, 'Binary Waves - Vas', 1, 0, 85, 'Binary Waves', 'iVAS', 30, 70, '2018-05-16', 8, 1, 1, '2022-05-15', 'Egypt', 'we - Egypt', 2, 8, '1597585845-65421892.pdf', NULL, '<a href=\"https://ccms.l-sh.me/annexes?search=contract_id:equal:12\"\' class=\"btn btn-default btn-sm\" role=\"button\" aria-disabled=\"true\"><i class=\"fa fa-paper-plane\"></i></a>', '<a href=\"https://ccms.l-sh.me/authorizations?search=contract_id:equal:12\"\' class=\"btn btn-default btn-sm\" role=\"button\" aria-disabled=\"true\"><i class=\"fa fa-paper-plane\"></i></a>', '<a href=\"https://ccms.l-sh.me/copyrights?search=contract_id:equal:12\"\' class=\"btn btn-default btn-sm\" role=\"button\" aria-disabled=\"true\"><i class=\"fa fa-paper-plane\"></i></a>', 'Salma Adel', 0, '2020-08-23 16:28:50', '2020-10-22 14:41:58', 1, 2, 0, '2018-05-16', 0),
(13, 'C#2020/08/16/1597587553', 2, 'Binary Waves -RBT', 1, 1, 86, 'iVAS', 'Binary Waves', 30, 70, '2017-05-31', 8, 1, 1, '2021-05-30', 'Egypt', 'Vodafone - Egypt,etisalat - Egypt', 2, 6, '1597587553-62327718.pdf', NULL, '<a href=\"https://ccms.l-sh.me/annexes?search=contract_id:equal:13\"\' class=\"btn btn-default btn-sm\" role=\"button\" aria-disabled=\"true\"><i class=\"fa fa-paper-plane\"></i></a>', '<a href=\"https://ccms.l-sh.me/authorizations?search=contract_id:equal:13\"\' class=\"btn btn-default btn-sm\" role=\"button\" aria-disabled=\"true\"><i class=\"fa fa-paper-plane\"></i></a>', '<a href=\"https://ccms.l-sh.me/copyrights?search=contract_id:equal:13\"\' class=\"btn btn-default btn-sm\" role=\"button\" aria-disabled=\"true\"><i class=\"fa fa-paper-plane\"></i></a>', 'Sayed Aref', 0, '2020-09-06 16:24:01', '2020-10-22 14:41:58', 4, 2, 0, '2017-05-31', 0),
(14, 'C#2020/08/16/1597589682', 1, 'Binary Waves - Sms', 1, 1, 85, 'iVAS', 'Binary Waves', 25, 75, '2018-05-20', 1, 1, 1, '2019-05-19', 'Egypt', 'Mobinil - Egypt', 2, 7, '1597589682-57364637.pdf', NULL, '<a href=\"https://ccms.l-sh.me/annexes?search=contract_id:equal:14\"\' class=\"btn btn-default btn-sm\" role=\"button\" aria-disabled=\"true\"><i class=\"fa fa-paper-plane\"></i></a>', '<a href=\"https://ccms.l-sh.me/authorizations?search=contract_id:equal:14\"\' class=\"btn btn-default btn-sm\" role=\"button\" aria-disabled=\"true\"><i class=\"fa fa-paper-plane\"></i></a>', '<a href=\"https://ccms.l-sh.me/copyrights?search=contract_id:equal:14\"\' class=\"btn btn-default btn-sm\" role=\"button\" aria-disabled=\"true\"><i class=\"fa fa-paper-plane\"></i></a>', 'Salma Adel', 0, '2020-08-23 16:29:11', '2020-10-22 14:41:58', 1, 2, 0, '2018-05-20', 0),
(15, 'C#2020/08/17/1597653244', 10, 'Idex - App Store', 2, 0, 87, 'Idex Telecom', 'DigiZone', 50, 50, '2019-05-01', 1, 1, 1, '2020-04-30', 'Kuwait', 'Viva - Kuwait', 2, 33, '1602671128-23138841.pdf', NULL, '<a href=\"https://ccms.l-sh.me/annexes?search=contract_id:equal:15\"\' class=\"btn btn-default btn-sm\" role=\"button\" aria-disabled=\"true\"><i class=\"fa fa-paper-plane\"></i></a>', '<a href=\"https://ccms.l-sh.me/authorizations?search=contract_id:equal:15\"\' class=\"btn btn-default btn-sm\" role=\"button\" aria-disabled=\"true\"><i class=\"fa fa-paper-plane\"></i></a>', '<a href=\"https://ccms.l-sh.me/copyrights?search=contract_id:equal:15\"\' class=\"btn btn-default btn-sm\" role=\"button\" aria-disabled=\"true\"><i class=\"fa fa-paper-plane\"></i></a>', 'Salma Adel', 0, '2020-10-14 18:25:28', '2020-10-22 14:41:58', 1, 2, 0, '2019-05-01', 0),
(16, 'C#2020/08/17/1597659102', 1, 'Ooredoo - Vas Services', 2, 0, 88, 'Ooredoo', 'DigiZone', 0, 0, '2019-05-01', 1, 1, 1, '2020-04-30', 'Kuwait', 'ooredoo - Kuwait', 2, 15, '1597659102-85713621.pdf', NULL, '<a href=\"https://ccms.l-sh.me/annexes?search=contract_id:equal:16\"\' class=\"btn btn-default btn-sm\" role=\"button\" aria-disabled=\"true\"><i class=\"fa fa-paper-plane\"></i></a>', '<a href=\"https://ccms.l-sh.me/authorizations?search=contract_id:equal:16\"\' class=\"btn btn-default btn-sm\" role=\"button\" aria-disabled=\"true\"><i class=\"fa fa-paper-plane\"></i></a>', '<a href=\"https://ccms.l-sh.me/copyrights?search=contract_id:equal:16\"\' class=\"btn btn-default btn-sm\" role=\"button\" aria-disabled=\"true\"><i class=\"fa fa-paper-plane\"></i></a>', 'Salma Adel', 0, '2020-08-23 16:30:02', '2020-10-22 14:41:58', 3, 2, 0, '2019-05-01', 0),
(17, 'C#2020/08/17/1597662776', 1, 'Zain Kuwait - Vas Service', 2, 0, 89, 'Zain - Kuwait', 'DigiZone', 0, 0, '2019-10-09', 1, 1, 1, '2020-10-08', 'Kuwait', 'Zain - Kuwait', 2, 36, '1597662776-6476504.pdf', 'حصه كلا الطرفين متغيره من خدمه لاخرى سيتم ادراجها فى الملحق الاول', '<a href=\"https://ccms.l-sh.me/annexes?search=contract_id:equal:17\"\' class=\"btn btn-default btn-sm\" role=\"button\" aria-disabled=\"true\"><i class=\"fa fa-paper-plane\"></i></a>', '<a href=\"https://ccms.l-sh.me/authorizations?search=contract_id:equal:17\"\' class=\"btn btn-default btn-sm\" role=\"button\" aria-disabled=\"true\"><i class=\"fa fa-paper-plane\"></i></a>', '<a href=\"https://ccms.l-sh.me/copyrights?search=contract_id:equal:17\"\' class=\"btn btn-default btn-sm\" role=\"button\" aria-disabled=\"true\"><i class=\"fa fa-paper-plane\"></i></a>', 'Salma Adel', 0, '2020-08-23 16:30:21', '2020-10-22 14:41:58', 3, 2, 0, '2019-10-09', 0),
(18, 'C#2020/08/17/1597669797', 1, 'The Widing House - Vas Service', 1, 0, 90, 'The Widing House', 'iVAS', 50, 50, '2017-06-12', 1, 1, 1, '2018-06-11', 'All countries', 'All - All', 3, 5, '1597669797-11018331.pdf', 'لم يحدد مده سريان العقد او شركات الاتصالات', '<a href=\"https://ccms.l-sh.me/annexes?search=contract_id:equal:18\"\' class=\"btn btn-default btn-sm\" role=\"button\" aria-disabled=\"true\"><i class=\"fa fa-paper-plane\"></i></a>', '<a href=\"https://ccms.l-sh.me/authorizations?search=contract_id:equal:18\"\' class=\"btn btn-default btn-sm\" role=\"button\" aria-disabled=\"true\"><i class=\"fa fa-paper-plane\"></i></a>', '<a href=\"https://ccms.l-sh.me/copyrights?search=contract_id:equal:18\"\' class=\"btn btn-default btn-sm\" role=\"button\" aria-disabled=\"true\"><i class=\"fa fa-paper-plane\"></i></a>', 'Salma Adel', 0, '2020-08-23 16:30:59', '2020-10-22 14:41:58', 2, 2, 0, '2017-06-12', 0),
(19, 'C#2020/08/17/1597678682', 1, 'Awakening - Vas Service', 1, 1, 34, 'iVAS', 'Awakening', 50, 50, '2015-06-21', 2, 1, 1, '2017-06-20', 'Qatar', 'Ooredoo - Qatar', 2, 8, '1597678682-41484388.pdf', NULL, '<a href=\"https://ccms.l-sh.me/annexes?search=contract_id:equal:19\"\' class=\"btn btn-default btn-sm\" role=\"button\" aria-disabled=\"true\"><i class=\"fa fa-paper-plane\"></i></a>', '<a href=\"https://ccms.l-sh.me/authorizations?search=contract_id:equal:19\"\' class=\"btn btn-default btn-sm\" role=\"button\" aria-disabled=\"true\"><i class=\"fa fa-paper-plane\"></i></a>', '<a href=\"https://ccms.l-sh.me/copyrights?search=contract_id:equal:19\"\' class=\"btn btn-default btn-sm\" role=\"button\" aria-disabled=\"true\"><i class=\"fa fa-paper-plane\"></i></a>', 'Salma Adel', 0, '2020-08-23 16:31:24', '2020-10-22 14:41:58', 4, 2, 0, '2015-06-21', 0),
(20, 'C#2020/08/18/1597742691', 1, 'تقارب الادرنيه للاتصالات - Vas Service', 1, 1, 95, 'iVAS', 'Taqarob - Jordan', 60, 40, '2018-04-02', 1, 2, 0, '2019-04-01', 'Jordan,Palestine,Oman,Iraq', 'All - Iraq,zain - Jordan,Umniah - Jordan,watanya - Palestine,jawwal - Palestine,renna - Oman,orange - Jordan', 3, 6, '1597742691-64209260.pdf', 'الدعم الدعائى نسبه الطرف الاول 60 بالمائه \r\nوالدعم التقني نسبه الطرف الاول 75 بالماثه', '<a href=\"https://ccms.l-sh.me/annexes?search=contract_id:equal:20\"\' class=\"btn btn-default btn-sm\" role=\"button\" aria-disabled=\"true\"><i class=\"fa fa-paper-plane\"></i></a>', '<a href=\"https://ccms.l-sh.me/authorizations?search=contract_id:equal:20\"\' class=\"btn btn-default btn-sm\" role=\"button\" aria-disabled=\"true\"><i class=\"fa fa-paper-plane\"></i></a>', '<a href=\"https://ccms.l-sh.me/copyrights?search=contract_id:equal:20\"\' class=\"btn btn-default btn-sm\" role=\"button\" aria-disabled=\"true\"><i class=\"fa fa-paper-plane\"></i></a>', 'Salma Adel', 0, '2020-09-16 10:09:48', '2020-10-22 14:41:58', 1, 2, 0, '2018-04-02', 0),
(21, 'C#2020/08/18/1597747284', 11, 'Valux - Design Contract', 1, 0, 96, 'Valux', 'iVAS', 0, 0, '2019-07-14', 1, 2, 0, '2020-07-13', 'Egypt', 'All - Egypt', 2, 6, '1597747284-89137511.pdf', NULL, '<a href=\"https://ccms.l-sh.me/annexes?search=contract_id:equal:21\"\' class=\"btn btn-default btn-sm\" role=\"button\" aria-disabled=\"true\"><i class=\"fa fa-paper-plane\"></i></a>', '<a href=\"https://ccms.l-sh.me/authorizations?search=contract_id:equal:21\"\' class=\"btn btn-default btn-sm\" role=\"button\" aria-disabled=\"true\"><i class=\"fa fa-paper-plane\"></i></a>', '<a href=\"https://ccms.l-sh.me/copyrights?search=contract_id:equal:21\"\' class=\"btn btn-default btn-sm\" role=\"button\" aria-disabled=\"true\"><i class=\"fa fa-paper-plane\"></i></a>', 'Salma Adel', 0, '2020-09-16 10:10:10', '2020-10-22 14:41:58', 5, 2, 0, '2019-07-14', 0),
(22, 'C#2020/08/18/1597748143', 3, 'Victory International  - Rotana - Ivas ( انتاج انشودة اسم النبي)', 1, 1, 97, 'iVAS', 'Victory International', 0, 0, '2017-05-21', 6, 0, 0, '2018-05-20', 'Egypt', 'All - Egypt', 3, 3, '1597748143-65682892.pdf', 'عقد انتاج فيديو كليب لانشودة اسم النبي', '<a href=\"https://ccms.l-sh.me/annexes?search=contract_id:equal:22\"\' class=\"btn btn-default btn-sm\" role=\"button\" aria-disabled=\"true\"><i class=\"fa fa-paper-plane\"></i></a>', '<a href=\"https://ccms.l-sh.me/authorizations?search=contract_id:equal:22\"\' class=\"btn btn-default btn-sm\" role=\"button\" aria-disabled=\"true\"><i class=\"fa fa-paper-plane\"></i></a>', '<a href=\"https://ccms.l-sh.me/copyrights?search=contract_id:equal:22\"\' class=\"btn btn-default btn-sm\" role=\"button\" aria-disabled=\"true\"><i class=\"fa fa-paper-plane\"></i></a>', 'Mohamed Al-Qurashy', 0, '2020-10-05 20:14:55', '2020-10-22 14:41:58', 4, 2, 0, '2017-05-21', 0),
(23, 'C#2020/08/18/1597749705', 3, 'Digital Sound - Alert Service', 1, 1, 24, 'iVAS', 'Smart Technology', 70, 30, '2017-11-22', 1, 2, 0, '2019-11-21', 'All countries', 'All - All', 2, 2, '1597749705-9678350.pdf', NULL, '<a href=\"https://ccms.l-sh.me/annexes?search=contract_id:equal:23\"\' class=\"btn btn-default btn-sm\" role=\"button\" aria-disabled=\"true\"><i class=\"fa fa-paper-plane\"></i></a>', '<a href=\"https://ccms.l-sh.me/authorizations?search=contract_id:equal:23\"\' class=\"btn btn-default btn-sm\" role=\"button\" aria-disabled=\"true\"><i class=\"fa fa-paper-plane\"></i></a>', '<a href=\"https://ccms.l-sh.me/copyrights?search=contract_id:equal:23\"\' class=\"btn btn-default btn-sm\" role=\"button\" aria-disabled=\"true\"><i class=\"fa fa-paper-plane\"></i></a>', 'Salma Adel', 0, '2020-09-16 10:56:59', '2020-10-22 14:41:58', 1, 2, 0, '2017-11-22', 0),
(24, 'C#2020/08/18/1597752252', 3, 'Digital Sound ( Medhat Saleh ) - Alert Service', 1, 1, 98, 'iVAS', 'Digital Sound', 50, 50, '2019-09-01', 1, 0, 1, '2020-12-22', 'All countries', 'All - All', 2, 3, '1597752252-52295039.pdf', NULL, '<a href=\"https://ccms.l-sh.me/annexes?search=contract_id:equal:24\"\' class=\"btn btn-default btn-sm\" role=\"button\" aria-disabled=\"true\"><i class=\"fa fa-paper-plane\"></i></a>', '<a href=\"https://ccms.l-sh.me/authorizations?search=contract_id:equal:24\"\' class=\"btn btn-default btn-sm\" role=\"button\" aria-disabled=\"true\"><i class=\"fa fa-paper-plane\"></i></a>', '<a href=\"https://ccms.l-sh.me/copyrights?search=contract_id:equal:24\"\' class=\"btn btn-default btn-sm\" role=\"button\" aria-disabled=\"true\"><i class=\"fa fa-paper-plane\"></i></a>', 'Mohamed Al-Qurashy', 0, '2020-10-05 20:20:03', '2020-10-22 14:41:58', 1, 2, 0, '2019-09-01', 0),
(25, 'C#2020/08/18/1597762547', 1, 'Mobinil - Vas Service', 1, 0, 44, 'Mobinil', 'iVAS', 0, 0, '2015-12-01', 1, 0, 0, '2016-11-30', 'Egypt', 'Mobinil - Egypt', 2, 6, '1597762547-47601658.pdf', 'اتفاقية عم افصاح لمدة سنة واستمرار اثرها لمدة 5 سنوات', '<a href=\"https://ccms.l-sh.me/annexes?search=contract_id:equal:25\"\' class=\"btn btn-default btn-sm\" role=\"button\" aria-disabled=\"true\"><i class=\"fa fa-paper-plane\"></i></a>', '<a href=\"https://ccms.l-sh.me/authorizations?search=contract_id:equal:25\"\' class=\"btn btn-default btn-sm\" role=\"button\" aria-disabled=\"true\"><i class=\"fa fa-paper-plane\"></i></a>', '<a href=\"https://ccms.l-sh.me/copyrights?search=contract_id:equal:25\"\' class=\"btn btn-default btn-sm\" role=\"button\" aria-disabled=\"true\"><i class=\"fa fa-paper-plane\"></i></a>', 'Mohamed Al-Qurashy', 0, '2020-10-05 20:24:50', '2020-10-22 14:41:58', 3, 2, 0, '2015-12-01', 0),
(26, 'C#2020/08/18/1597763219', 9, 'Ziadat - non-disclosure', 2, 1, 99, 'DigiZone', 'Ziadat LLC', 0, 0, '2020-03-04', 1, 0, 1, '2021-03-03', 'Sudan,Palestine', 'Zain - Sudan,Ooredoo - Palestine', 2, 3, '1597821937-38233242.pdf', 'اتفاقية عدم افصاح وعدم تحايل', '<a href=\"https://ccms.l-sh.me/annexes?search=contract_id:equal:26\"\' class=\"btn btn-default btn-sm\" role=\"button\" aria-disabled=\"true\"><i class=\"fa fa-paper-plane\"></i></a>', '<a href=\"https://ccms.l-sh.me/authorizations?search=contract_id:equal:26\"\' class=\"btn btn-default btn-sm\" role=\"button\" aria-disabled=\"true\"><i class=\"fa fa-paper-plane\"></i></a>', '<a href=\"https://ccms.l-sh.me/copyrights?search=contract_id:equal:26\"\' class=\"btn btn-default btn-sm\" role=\"button\" aria-disabled=\"true\"><i class=\"fa fa-paper-plane\"></i></a>', 'Mohamed Al-Qurashy', 0, '2020-10-05 20:29:53', '2020-10-22 14:41:58', 1, 2, 0, '2020-03-04', 0),
(27, 'C#2020/08/19/1597823567', 1, 'نور الايمان للبرمجيات - Vas Service', 1, 1, 37, 'iVAS', 'Nour Eleman for Software', 60, 40, '2015-09-17', 3, 1, 1, '2018-09-16', 'All countries', 'All - All', 2, 8, '1597823567-75111230.pdf', NULL, '<a href=\"https://ccms.l-sh.me/annexes?search=contract_id:equal:27\"\' class=\"btn btn-default btn-sm\" role=\"button\" aria-disabled=\"true\"><i class=\"fa fa-paper-plane\"></i></a>', '<a href=\"https://ccms.l-sh.me/authorizations?search=contract_id:equal:27\"\' class=\"btn btn-default btn-sm\" role=\"button\" aria-disabled=\"true\"><i class=\"fa fa-paper-plane\"></i></a>', '<a href=\"https://ccms.l-sh.me/copyrights?search=contract_id:equal:27\"\' class=\"btn btn-default btn-sm\" role=\"button\" aria-disabled=\"true\"><i class=\"fa fa-paper-plane\"></i></a>', 'Salma Adel', 0, '2020-08-23 16:36:09', '2020-10-22 14:41:58', 4, 2, 0, '2015-09-17', 0),
(28, 'C#2020/08/19/1597825041', 13, 'Sharqy Production -Streaming', 1, 1, 39, 'iVAS', 'Sharqy Production', 50, 50, '2017-05-11', 5, 1, 1, '2017-09-10', 'All countries', 'All - All', 2, 19, '1597825041-19623283.pdf', NULL, '<a href=\"https://ccms.l-sh.me/annexes?search=contract_id:equal:28\"\' class=\"btn btn-default btn-sm\" role=\"button\" aria-disabled=\"true\"><i class=\"fa fa-paper-plane\"></i></a>', '<a href=\"https://ccms.l-sh.me/authorizations?search=contract_id:equal:28\"\' class=\"btn btn-default btn-sm\" role=\"button\" aria-disabled=\"true\"><i class=\"fa fa-paper-plane\"></i></a>', '<a href=\"https://ccms.l-sh.me/copyrights?search=contract_id:equal:28\"\' class=\"btn btn-default btn-sm\" role=\"button\" aria-disabled=\"true\"><i class=\"fa fa-paper-plane\"></i></a>', 'Sayed Aref', 0, '2020-09-06 14:03:13', '2020-10-22 14:41:58', 4, 2, 0, '2017-05-11', 0),
(29, 'C#2020/08/19/1597826038', 14, 'Sharqy Production -Youtube', 1, 1, 39, 'iVAS', 'Sharqy Production', 50, 50, '2017-05-11', 2, 2, 0, '2019-05-10', 'All countries', 'Youtube - All', 2, 6, '1597826038-4452080.pdf', 'نسبه الطرف الاول 70 % من صافى الايرادات', '<a href=\"https://ccms.l-sh.me/annexes?search=contract_id:equal:29\"\' class=\"btn btn-default btn-sm\" role=\"button\" aria-disabled=\"true\"><i class=\"fa fa-paper-plane\"></i></a>', '<a href=\"https://ccms.l-sh.me/authorizations?search=contract_id:equal:29\"\' class=\"btn btn-default btn-sm\" role=\"button\" aria-disabled=\"true\"><i class=\"fa fa-paper-plane\"></i></a>', '<a href=\"https://ccms.l-sh.me/copyrights?search=contract_id:equal:29\"\' class=\"btn btn-default btn-sm\" role=\"button\" aria-disabled=\"true\"><i class=\"fa fa-paper-plane\"></i></a>', 'Salma Adel', 0, '2020-09-16 10:12:04', '2020-10-22 14:41:58', 4, 2, 0, '2017-05-11', 0),
(30, 'C#2020/08/19/1597828009', 1, 'Sharqy Production -Vas Service', 1, 0, 39, 'Sharqy Production', 'iVAS', 50, 50, '2017-05-11', 2, 1, 1, '2019-05-10', 'All countries', 'All - All', 2, 6, '1597828009-27345876.pdf', NULL, '<a href=\"https://ccms.l-sh.me/annexes?search=contract_id:equal:30\"\' class=\"btn btn-default btn-sm\" role=\"button\" aria-disabled=\"true\"><i class=\"fa fa-paper-plane\"></i></a>', '<a href=\"https://ccms.l-sh.me/authorizations?search=contract_id:equal:30\"\' class=\"btn btn-default btn-sm\" role=\"button\" aria-disabled=\"true\"><i class=\"fa fa-paper-plane\"></i></a>', '<a href=\"https://ccms.l-sh.me/copyrights?search=contract_id:equal:30\"\' class=\"btn btn-default btn-sm\" role=\"button\" aria-disabled=\"true\"><i class=\"fa fa-paper-plane\"></i></a>', 'Salma Adel', 0, '2020-08-23 16:37:42', '2020-10-22 14:41:58', 4, 2, 0, '2017-05-11', 0),
(31, 'C#2020/08/19/1597831434', 2, 'Albtros Engineering - RBT Service', 1, 1, 35, 'iVAS', 'Albtros Engineering Company', 85, 15, '2017-05-25', 5, 2, 0, '2017-11-24', 'Sudan', 'All - Sudan', 2, 6, '1597831434-45738842.pdf', NULL, '<a href=\"https://ccms.l-sh.me/annexes?search=contract_id:equal:31\"\' class=\"btn btn-default btn-sm\" role=\"button\" aria-disabled=\"true\"><i class=\"fa fa-paper-plane\"></i></a>', '<a href=\"https://ccms.l-sh.me/authorizations?search=contract_id:equal:31\"\' class=\"btn btn-default btn-sm\" role=\"button\" aria-disabled=\"true\"><i class=\"fa fa-paper-plane\"></i></a>', '<a href=\"https://ccms.l-sh.me/copyrights?search=contract_id:equal:31\"\' class=\"btn btn-default btn-sm\" role=\"button\" aria-disabled=\"true\"><i class=\"fa fa-paper-plane\"></i></a>', 'Salma Adel', 0, '2020-09-16 10:11:46', '2020-10-22 14:41:58', 1, 2, 0, '2017-05-25', 0),
(33, 'C#2020/08/19/1597839767', 4, 'Optimal Technology Solutions - Bulk Sms', 1, 0, 101, 'Optimal Technology Solutions', 'iVAS', 0, 0, '2016-03-24', 1, 1, 1, '2017-03-23', 'Egypt', 'All - Egypt', 2, 4, '1597839767-83310605.pdf', NULL, '<a href=\"https://ccms.l-sh.me/annexes?search=contract_id:equal:33\"\' class=\"btn btn-default btn-sm\" role=\"button\" aria-disabled=\"true\"><i class=\"fa fa-paper-plane\"></i></a>', '<a href=\"https://ccms.l-sh.me/authorizations?search=contract_id:equal:33\"\' class=\"btn btn-default btn-sm\" role=\"button\" aria-disabled=\"true\"><i class=\"fa fa-paper-plane\"></i></a>', '<a href=\"https://ccms.l-sh.me/copyrights?search=contract_id:equal:33\"\' class=\"btn btn-default btn-sm\" role=\"button\" aria-disabled=\"true\"><i class=\"fa fa-paper-plane\"></i></a>', 'Salma Adel', 0, '2020-08-23 16:40:40', '2020-10-22 14:41:58', 1, 2, 0, '2016-03-24', 0),
(34, 'C#2020/08/19/1597841276', 9, 'Micro Finance (Reefy)- Application', 1, 0, 100, 'Optimal Technology Solutions', 'iVAS', 0, 0, '2016-01-17', 4, 2, 1, '2021-01-16', 'Egypt', 'All - Egypt', 2, 8, '1597841276-18421916.pdf', NULL, '<a href=\"https://ccms.l-sh.me/annexes?search=contract_id:equal:34\"\' class=\"btn btn-default btn-sm\" role=\"button\" aria-disabled=\"true\"><i class=\"fa fa-paper-plane\"></i></a>', '<a href=\"https://ccms.l-sh.me/authorizations?search=contract_id:equal:34\"\' class=\"btn btn-default btn-sm\" role=\"button\" aria-disabled=\"true\"><i class=\"fa fa-paper-plane\"></i></a>', '<a href=\"https://ccms.l-sh.me/copyrights?search=contract_id:equal:34\"\' class=\"btn btn-default btn-sm\" role=\"button\" aria-disabled=\"true\"><i class=\"fa fa-paper-plane\"></i></a>', 'Salma Adel', 0, '2020-08-23 16:41:16', '2020-10-22 14:41:58', 5, 2, 0, '2016-01-17', 0),
(35, 'C#2020/08/19/1597844903', 1, 'Free Music - Vas Service', 1, 0, 102, 'Free Music', 'iVAS', 30, 70, '2019-03-01', 1, 2, 0, '2020-02-29', 'Egypt,Kuwait,UAE', 'Zain - Kuwait,du - UAE,etisalat - Egypt', 2, 7, '1597844903-72940661.pdf', NULL, '<a href=\"https://ccms.l-sh.me/annexes?search=contract_id:equal:35\"\' class=\"btn btn-default btn-sm\" role=\"button\" aria-disabled=\"true\"><i class=\"fa fa-paper-plane\"></i></a>', '<a href=\"https://ccms.l-sh.me/authorizations?search=contract_id:equal:35\"\' class=\"btn btn-default btn-sm\" role=\"button\" aria-disabled=\"true\"><i class=\"fa fa-paper-plane\"></i></a>', '<a href=\"https://ccms.l-sh.me/copyrights?search=contract_id:equal:35\"\' class=\"btn btn-default btn-sm\" role=\"button\" aria-disabled=\"true\"><i class=\"fa fa-paper-plane\"></i></a>', 'Salma Adel', 0, '2020-09-16 10:13:10', '2020-10-22 14:41:58', 4, 2, 0, '2019-03-01', 0),
(36, 'C#2020/08/23/1598183319', 12, 'MBC -  مسابقه الكنز', 2, 1, 53, 'DigiZone', 'MBC', 0, 0, '2020-04-16', 3, 2, 1, '2023-04-15', 'All countries', 'All - All', 2, 8, '1598183319-83823357.pdf', 'نسبه كلا الطرفين متغيره على حسب صافى الايرادات', '<a href=\"https://ccms.l-sh.me/annexes?search=contract_id:equal:36\"\' class=\"btn btn-default btn-sm\" role=\"button\" aria-disabled=\"true\"><i class=\"fa fa-paper-plane\"></i></a>', '<a href=\"https://ccms.l-sh.me/authorizations?search=contract_id:equal:36\"\' class=\"btn btn-default btn-sm\" role=\"button\" aria-disabled=\"true\"><i class=\"fa fa-paper-plane\"></i></a>', '<a href=\"https://ccms.l-sh.me/copyrights?search=contract_id:equal:36\"\' class=\"btn btn-default btn-sm\" role=\"button\" aria-disabled=\"true\"><i class=\"fa fa-paper-plane\"></i></a>', 'Salma Adel', 0, '2020-08-23 13:58:29', '2020-10-22 14:41:58', 7, 2, 0, '2020-04-16', 0),
(37, 'C#2020/08/23/1598183500', 12, 'MBC - مسابقه الكنز', 2, 1, 53, 'DigiZone', 'MBC', 0, 0, '2020-04-16', 3, 2, 1, '2023-04-15', 'All countries', 'All - All', 2, 8, '1598183500-87916035.pdf', NULL, '<a href=\"https://ccms.l-sh.me/annexes?search=contract_id:equal:37\"\' class=\"btn btn-default btn-sm\" role=\"button\" aria-disabled=\"true\"><i class=\"fa fa-paper-plane\"></i></a>', '<a href=\"https://ccms.l-sh.me/authorizations?search=contract_id:equal:37\"\' class=\"btn btn-default btn-sm\" role=\"button\" aria-disabled=\"true\"><i class=\"fa fa-paper-plane\"></i></a>', '<a href=\"https://ccms.l-sh.me/copyrights?search=contract_id:equal:37\"\' class=\"btn btn-default btn-sm\" role=\"button\" aria-disabled=\"true\"><i class=\"fa fa-paper-plane\"></i></a>', 'Salma Adel', 0, '2020-08-23 13:51:40', '2020-10-22 14:41:58', 7, 2, 0, '2020-04-16', 0),
(38, 'C#2020/08/25/1598346171', 3, 'High Quality - Alafasy', 1, 0, 104, 'High Quality', 'iVAS', 0, 0, '2003-06-30', 4, 1, 1, '2008-06-29', 'All countries', 'All - All', 2, 8, '1598346171-32176908.pdf', NULL, '<a href=\"https://ccms.l-sh.me/annexes?search=contract_id:equal:38\"\' class=\"btn btn-default btn-sm\" role=\"button\" aria-disabled=\"true\"><i class=\"fa fa-paper-plane\"></i></a>', '<a href=\"https://ccms.l-sh.me/authorizations?search=contract_id:equal:38\"\' class=\"btn btn-default btn-sm\" role=\"button\" aria-disabled=\"true\"><i class=\"fa fa-paper-plane\"></i></a>', '<a href=\"https://ccms.l-sh.me/copyrights?search=contract_id:equal:38\"\' class=\"btn btn-default btn-sm\" role=\"button\" aria-disabled=\"true\"><i class=\"fa fa-paper-plane\"></i></a>', 'Sayed Aref', 0, '2020-09-06 16:31:14', '2020-10-22 14:41:58', 4, 2, 0, '2003-06-30', 0),
(39, 'C#2020/08/25/1598350913', 1, 'Music House - Youtube - Vas', 1, 0, 105, 'Music House', 'iVAS', 50, 50, '2017-07-19', 4, 1, 1, '2022-07-18', 'All countries', 'All - All', 3, 6, '1598350913-83420121.pdf', NULL, '<a href=\"https://ccms.l-sh.me/annexes?search=contract_id:equal:39\"\' class=\"btn btn-default btn-sm\" role=\"button\" aria-disabled=\"true\"><i class=\"fa fa-paper-plane\"></i></a>', '<a href=\"https://ccms.l-sh.me/authorizations?search=contract_id:equal:39\"\' class=\"btn btn-default btn-sm\" role=\"button\" aria-disabled=\"true\"><i class=\"fa fa-paper-plane\"></i></a>', '<a href=\"https://ccms.l-sh.me/copyrights?search=contract_id:equal:39\"\' class=\"btn btn-default btn-sm\" role=\"button\" aria-disabled=\"true\"><i class=\"fa fa-paper-plane\"></i></a>', 'Mohamed Al-Qurashy', 0, '2020-10-05 20:41:06', '2020-10-22 14:41:58', 4, 2, 0, '2017-07-19', 0),
(40, 'C#2020/08/25/1598352335', 4, 'T-Pay', 1, 0, 106, 'T-Pay', 'iVAS', 0, 0, '2018-02-27', 1, 1, 1, '2019-02-26', 'Egypt', 'Mobinil - Egypt,Vodafone - Egypt,etisalat - Egypt', 2, 8, '1598353802-90088927.pdf', NULL, '<a href=\"https://ccms.l-sh.me/annexes?search=contract_id:equal:40\"\' class=\"btn btn-default btn-sm\" role=\"button\" aria-disabled=\"true\"><i class=\"fa fa-paper-plane\"></i></a>', '<a href=\"https://ccms.l-sh.me/authorizations?search=contract_id:equal:40\"\' class=\"btn btn-default btn-sm\" role=\"button\" aria-disabled=\"true\"><i class=\"fa fa-paper-plane\"></i></a>', '<a href=\"https://ccms.l-sh.me/copyrights?search=contract_id:equal:40\"\' class=\"btn btn-default btn-sm\" role=\"button\" aria-disabled=\"true\"><i class=\"fa fa-paper-plane\"></i></a>', 'Salma Adel', 0, '2020-08-25 13:10:02', '2020-10-22 14:41:58', 5, 2, 0, '2018-02-27', 0),
(41, 'C#2020/08/25/1598356650', 1, 'Vas Mix', 1, 0, 103, 'Vas Mix', 'iVAS', 25, 75, '2014-10-01', 2, 2, 0, '2016-09-30', 'Egypt', 'Mobinil - Egypt', 2, 7, '1598356650-17447532.pdf', 'rbt نسبه محاسبه الطرفين فى خدمه ال \r\nهى الطرف الاول 35% والطرف الثاني 65%ن', '<a href=\"https://ccms.l-sh.me/annexes?search=contract_id:equal:41\"\' class=\"btn btn-default btn-sm\" role=\"button\" aria-disabled=\"true\"><i class=\"fa fa-paper-plane\"></i></a>', '<a href=\"https://ccms.l-sh.me/authorizations?search=contract_id:equal:41\"\' class=\"btn btn-default btn-sm\" role=\"button\" aria-disabled=\"true\"><i class=\"fa fa-paper-plane\"></i></a>', '<a href=\"https://ccms.l-sh.me/copyrights?search=contract_id:equal:41\"\' class=\"btn btn-default btn-sm\" role=\"button\" aria-disabled=\"true\"><i class=\"fa fa-paper-plane\"></i></a>', 'Sayed Aref', 0, '2020-09-24 16:43:30', '2020-10-22 14:41:58', 1, 2, 0, '2014-10-01', 0),
(42, 'C#2020/08/25/1598360433', 4, 'Tim We - Ooredoo - Ivas', 1, 0, 36, 'Tim We Qatar', 'iVAS', 0, 0, '2014-10-01', 2, 2, 0, '2016-09-30', 'Qatar', 'Ooredoo - Qatar', 3, 9, '1598360433-30889940.pdf', NULL, '<a href=\"https://ccms.l-sh.me/annexes?search=contract_id:equal:42\"\' class=\"btn btn-default btn-sm\" role=\"button\" aria-disabled=\"true\"><i class=\"fa fa-paper-plane\"></i></a>', '<a href=\"https://ccms.l-sh.me/authorizations?search=contract_id:equal:42\"\' class=\"btn btn-default btn-sm\" role=\"button\" aria-disabled=\"true\"><i class=\"fa fa-paper-plane\"></i></a>', '<a href=\"https://ccms.l-sh.me/copyrights?search=contract_id:equal:42\"\' class=\"btn btn-default btn-sm\" role=\"button\" aria-disabled=\"true\"><i class=\"fa fa-paper-plane\"></i></a>', 'Salma Adel', 0, '2020-09-16 10:13:35', '2020-10-22 14:41:58', 1, 2, 0, '2014-10-01', 0),
(43, 'C#2020/08/25/1598361526', 1, 'Tim we -Ivas', 1, 1, 36, 'iVAS', 'Tim We Qatar', 50, 50, '2015-06-01', 1, 1, 1, '2016-05-31', 'All countries', 'All - All', 2, 16, '1598361526-53965708.pdf', NULL, '<a href=\"https://ccms.l-sh.me/annexes?search=contract_id:equal:43\"\' class=\"btn btn-default btn-sm\" role=\"button\" aria-disabled=\"true\"><i class=\"fa fa-paper-plane\"></i></a>', '<a href=\"https://ccms.l-sh.me/authorizations?search=contract_id:equal:43\"\' class=\"btn btn-default btn-sm\" role=\"button\" aria-disabled=\"true\"><i class=\"fa fa-paper-plane\"></i></a>', '<a href=\"https://ccms.l-sh.me/copyrights?search=contract_id:equal:43\"\' class=\"btn btn-default btn-sm\" role=\"button\" aria-disabled=\"true\"><i class=\"fa fa-paper-plane\"></i></a>', 'Salma Adel', 0, '2020-08-25 15:18:46', '2020-10-22 14:41:58', 1, 2, 0, '2015-06-01', 0),
(44, 'C#2020/08/25/1598365736', 1, 'Celvas - Vas Service', 1, 0, 42, 'Celvas', 'iVAS', 20, 80, '2014-06-22', 1, 2, 0, '2015-06-21', 'Egypt', 'Mobinil - Egypt', 2, 7, '1598365736-69159416.pdf', NULL, '<a href=\"https://ccms.l-sh.me/annexes?search=contract_id:equal:44\"\' class=\"btn btn-default btn-sm\" role=\"button\" aria-disabled=\"true\"><i class=\"fa fa-paper-plane\"></i></a>', '<a href=\"https://ccms.l-sh.me/authorizations?search=contract_id:equal:44\"\' class=\"btn btn-default btn-sm\" role=\"button\" aria-disabled=\"true\"><i class=\"fa fa-paper-plane\"></i></a>', '<a href=\"https://ccms.l-sh.me/copyrights?search=contract_id:equal:44\"\' class=\"btn btn-default btn-sm\" role=\"button\" aria-disabled=\"true\"><i class=\"fa fa-paper-plane\"></i></a>', 'Salma Adel', 0, '2020-09-16 10:13:39', '2020-10-22 14:41:58', 1, 2, 0, '2014-06-22', 0),
(45, 'C#2020/08/25/1598367188', 2, 'Info2Cast -( Ivr -RBT )', 1, 1, 107, 'iVAS', 'Info2Cast', 50, 50, '2015-10-01', 2, 0, 0, '2017-09-30', 'Yaman', 'All - Yaman', 2, 7, '1598367188-47077780.pdf', NULL, '<a href=\"https://ccms.l-sh.me/annexes?search=contract_id:equal:45\"\' class=\"btn btn-default btn-sm\" role=\"button\" aria-disabled=\"true\"><i class=\"fa fa-paper-plane\"></i></a>', '<a href=\"https://ccms.l-sh.me/authorizations?search=contract_id:equal:45\"\' class=\"btn btn-default btn-sm\" role=\"button\" aria-disabled=\"true\"><i class=\"fa fa-paper-plane\"></i></a>', '<a href=\"https://ccms.l-sh.me/copyrights?search=contract_id:equal:45\"\' class=\"btn btn-default btn-sm\" role=\"button\" aria-disabled=\"true\"><i class=\"fa fa-paper-plane\"></i></a>', 'Salma Adel', 0, '2020-09-16 10:20:40', '2020-10-22 14:41:58', 1, 2, 0, '2015-10-01', 0),
(46, 'C#2020/08/25/1598367843', 3, 'Info2Cast', 1, 1, 107, 'iVAS', 'Info2Cast', 50, 50, '2014-10-01', 1, 0, 0, '2015-09-30', 'Yaman', 'All - Yaman', 2, 6, '1598367843-37996417.pdf', NULL, '<a href=\"https://ccms.l-sh.me/annexes?search=contract_id:equal:46\"\' class=\"btn btn-default btn-sm\" role=\"button\" aria-disabled=\"true\"><i class=\"fa fa-paper-plane\"></i></a>', '<a href=\"https://ccms.l-sh.me/authorizations?search=contract_id:equal:46\"\' class=\"btn btn-default btn-sm\" role=\"button\" aria-disabled=\"true\"><i class=\"fa fa-paper-plane\"></i></a>', '<a href=\"https://ccms.l-sh.me/copyrights?search=contract_id:equal:46\"\' class=\"btn btn-default btn-sm\" role=\"button\" aria-disabled=\"true\"><i class=\"fa fa-paper-plane\"></i></a>', 'Salma Adel', 0, '2020-09-16 10:19:33', '2020-10-22 14:41:58', 1, 2, 0, '2014-10-01', 0),
(47, 'C#2020/08/26/1598431927', 1, 'Egypt Links - Vas Service', 1, 1, 108, 'iVAS', 'Egypt Links', 70, 30, '2013-06-04', 3, 1, 1, '2016-06-04', 'Egypt', 'Vodafone - Egypt', 2, 6, '1598431927-12759814.pdf', NULL, '<a href=\"https://ccms.l-sh.me/annexes?search=contract_id:equal:47\"\' class=\"btn btn-default btn-sm\" role=\"button\" aria-disabled=\"true\"><i class=\"fa fa-paper-plane\"></i></a>', '<a href=\"https://ccms.l-sh.me/authorizations?search=contract_id:equal:47\"\' class=\"btn btn-default btn-sm\" role=\"button\" aria-disabled=\"true\"><i class=\"fa fa-paper-plane\"></i></a>', '<a href=\"https://ccms.l-sh.me/copyrights?search=contract_id:equal:47\"\' class=\"btn btn-default btn-sm\" role=\"button\" aria-disabled=\"true\"><i class=\"fa fa-paper-plane\"></i></a>', 'Salma Adel', 0, '2020-08-26 10:52:07', '2020-10-22 14:41:58', 1, 2, 0, '2013-06-04', 0),
(48, 'C#2020/08/26/1598435014', 1, 'One Global - Vas Service', 1, 0, 109, 'One Global', 'iVAS', 10, 90, '2014-09-05', 1, 2, 0, '2015-09-05', 'Jordan,Bahrain,Oman,Iraq', 'All - Iraq,ALL - Jordan,ALL - Bahrain,ALL - Oman', 2, 5, '1598435014-23978207.pdf', NULL, '<a href=\"https://ccms.l-sh.me/annexes?search=contract_id:equal:48\"\' class=\"btn btn-default btn-sm\" role=\"button\" aria-disabled=\"true\"><i class=\"fa fa-paper-plane\"></i></a>', '<a href=\"https://ccms.l-sh.me/authorizations?search=contract_id:equal:48\"\' class=\"btn btn-default btn-sm\" role=\"button\" aria-disabled=\"true\"><i class=\"fa fa-paper-plane\"></i></a>', '<a href=\"https://ccms.l-sh.me/copyrights?search=contract_id:equal:48\"\' class=\"btn btn-default btn-sm\" role=\"button\" aria-disabled=\"true\"><i class=\"fa fa-paper-plane\"></i></a>', 'Salma Adel', 0, '2020-09-16 10:17:53', '2020-10-22 14:41:58', 1, 2, 0, '2014-09-05', 0),
(49, 'C#2020/08/26/1598436530', 1, 'One Global -  Kuwait', 1, 0, 109, 'One Global', 'iVAS', 10, 90, '2014-09-05', 5, 2, 0, '2015-03-04', 'Kuwait', 'ALL - Kuwait', 2, 5, '1598437387-78239613.pdf', NULL, '<a href=\"https://ccms.l-sh.me/annexes?search=contract_id:equal:49\"\' class=\"btn btn-default btn-sm\" role=\"button\" aria-disabled=\"true\"><i class=\"fa fa-paper-plane\"></i></a>', '<a href=\"https://ccms.l-sh.me/authorizations?search=contract_id:equal:49\"\' class=\"btn btn-default btn-sm\" role=\"button\" aria-disabled=\"true\"><i class=\"fa fa-paper-plane\"></i></a>', '<a href=\"https://ccms.l-sh.me/copyrights?search=contract_id:equal:49\"\' class=\"btn btn-default btn-sm\" role=\"button\" aria-disabled=\"true\"><i class=\"fa fa-paper-plane\"></i></a>', 'Salma Adel', 0, '2020-09-16 10:18:07', '2020-10-22 14:41:58', 1, 2, 0, '2014-09-05', 0),
(50, 'C#2020/08/26/1598441636', 14, 'Negoom Fm - Youtube Service', 1, 1, 82, 'iVAS', 'Negoom fm', 0, 0, '2019-07-01', 1, 2, 0, '2020-06-30', 'All countries', 'All - All', 2, 4, '1598441636-12482404.pdf', NULL, '<a href=\"https://ccms.l-sh.me/annexes?search=contract_id:equal:50\"\' class=\"btn btn-default btn-sm\" role=\"button\" aria-disabled=\"true\"><i class=\"fa fa-paper-plane\"></i></a>', '<a href=\"https://ccms.l-sh.me/authorizations?search=contract_id:equal:50\"\' class=\"btn btn-default btn-sm\" role=\"button\" aria-disabled=\"true\"><i class=\"fa fa-paper-plane\"></i></a>', '<a href=\"https://ccms.l-sh.me/copyrights?search=contract_id:equal:50\"\' class=\"btn btn-default btn-sm\" role=\"button\" aria-disabled=\"true\"><i class=\"fa fa-paper-plane\"></i></a>', 'Salma Adel', 0, '2020-09-16 10:17:26', '2020-10-22 14:41:58', 8, 2, 0, '2019-07-01', 0),
(51, 'C#2020/08/26/1598443774', 3, 'Mondia Media - Alert Service', 1, 1, 110, 'iVAS', 'Mondia Media', 0, 0, '2018-05-01', 1, 1, 1, '2019-04-30', 'Egypt,UAE', 'du - UAE,etisalat - Egypt', 2, 13, '1598443774-87085244.pdf', NULL, '<a href=\"https://ccms.l-sh.me/annexes?search=contract_id:equal:51\"\' class=\"btn btn-default btn-sm\" role=\"button\" aria-disabled=\"true\"><i class=\"fa fa-paper-plane\"></i></a>', '<a href=\"https://ccms.l-sh.me/authorizations?search=contract_id:equal:51\"\' class=\"btn btn-default btn-sm\" role=\"button\" aria-disabled=\"true\"><i class=\"fa fa-paper-plane\"></i></a>', '<a href=\"https://ccms.l-sh.me/copyrights?search=contract_id:equal:51\"\' class=\"btn btn-default btn-sm\" role=\"button\" aria-disabled=\"true\"><i class=\"fa fa-paper-plane\"></i></a>', 'Mohamed Al-Qurashy', 0, '2020-10-05 21:29:09', '2020-10-22 14:41:58', 1, 2, 0, '2018-05-01', 0),
(52, 'C#2020/08/27/1598515862', 1, 'MCC - مشاري العفاسي', 1, 0, 111, 'Mobile Channel Company', 'iVAS', 10, 90, '2014-10-01', 1, 2, 0, '2015-09-30', 'KSA', 'STC - KSA,Zain - KSA,Mobily - KSA', 2, 5, '1598515862-93788993.pdf', NULL, '<a href=\"https://ccms.l-sh.me/annexes?search=contract_id:equal:52\"\' class=\"btn btn-default btn-sm\" role=\"button\" aria-disabled=\"true\"><i class=\"fa fa-paper-plane\"></i></a>', '<a href=\"https://ccms.l-sh.me/authorizations?search=contract_id:equal:52\"\' class=\"btn btn-default btn-sm\" role=\"button\" aria-disabled=\"true\"><i class=\"fa fa-paper-plane\"></i></a>', '<a href=\"https://ccms.l-sh.me/copyrights?search=contract_id:equal:52\"\' class=\"btn btn-default btn-sm\" role=\"button\" aria-disabled=\"true\"><i class=\"fa fa-paper-plane\"></i></a>', 'Sayed Aref', 0, '2020-09-06 16:27:53', '2020-10-22 14:41:58', 1, 2, 0, '2014-10-01', 0),
(53, 'C#2020/08/27/1598516750', 1, 'MCC - حامد زيد', 1, 0, 111, 'Mobile Channel Company', 'iVAS', 10, 90, '2014-10-01', 1, 2, 0, '2015-09-30', 'KSA', 'STC - KSA,Zain - KSA,Mobily - KSA', 2, 4, '1598516750-81893117.pdf', NULL, '<a href=\"https://ccms.l-sh.me/annexes?search=contract_id:equal:53\"\' class=\"btn btn-default btn-sm\" role=\"button\" aria-disabled=\"true\"><i class=\"fa fa-paper-plane\"></i></a>', '<a href=\"https://ccms.l-sh.me/authorizations?search=contract_id:equal:53\"\' class=\"btn btn-default btn-sm\" role=\"button\" aria-disabled=\"true\"><i class=\"fa fa-paper-plane\"></i></a>', '<a href=\"https://ccms.l-sh.me/copyrights?search=contract_id:equal:53\"\' class=\"btn btn-default btn-sm\" role=\"button\" aria-disabled=\"true\"><i class=\"fa fa-paper-plane\"></i></a>', 'Sayed Aref', 0, '2020-09-06 16:31:40', '2020-10-22 14:41:58', 1, 2, 0, '2014-10-01', 0),
(54, 'C#2020/08/27/1598518136', 2, 'MCC -  RBT Service', 1, 0, 111, 'Mobile Channel Company', 'iVAS', 50, 50, '2014-05-18', 2, 1, 1, '2016-05-17', 'KSA', 'STC - KSA,Zain - KSA,Mobily - KSA', 2, 5, '1598518136-23946339.pdf', 'النسخة الموجودةغير موقعة من الطرف الثاني', '<a href=\"https://ccms.l-sh.me/annexes?search=contract_id:equal:54\"\' class=\"btn btn-default btn-sm\" role=\"button\" aria-disabled=\"true\"><i class=\"fa fa-paper-plane\"></i></a>', '<a href=\"https://ccms.l-sh.me/authorizations?search=contract_id:equal:54\"\' class=\"btn btn-default btn-sm\" role=\"button\" aria-disabled=\"true\"><i class=\"fa fa-paper-plane\"></i></a>', '<a href=\"https://ccms.l-sh.me/copyrights?search=contract_id:equal:54\"\' class=\"btn btn-default btn-sm\" role=\"button\" aria-disabled=\"true\"><i class=\"fa fa-paper-plane\"></i></a>', 'Mohamed Al-Qurashy', 0, '2020-10-05 21:35:47', '2020-10-22 14:41:58', 1, 2, 0, '2014-05-18', 0),
(55, 'C#2020/08/27/1598539638', 2, 'Mobi Zone - RBT Service', 1, 1, 112, 'iVAS', 'Mobi Zone', 75, 25, '2018-05-14', 1, 2, 0, '2019-05-13', 'KSA', 'STC - KSA,Zain - KSA,Mobily - KSA', 2, 6, '1598539638-15103779.pdf', NULL, '<a href=\"https://ccms.l-sh.me/annexes?search=contract_id:equal:55\"\' class=\"btn btn-default btn-sm\" role=\"button\" aria-disabled=\"true\"><i class=\"fa fa-paper-plane\"></i></a>', '<a href=\"https://ccms.l-sh.me/authorizations?search=contract_id:equal:55\"\' class=\"btn btn-default btn-sm\" role=\"button\" aria-disabled=\"true\"><i class=\"fa fa-paper-plane\"></i></a>', '<a href=\"https://ccms.l-sh.me/copyrights?search=contract_id:equal:55\"\' class=\"btn btn-default btn-sm\" role=\"button\" aria-disabled=\"true\"><i class=\"fa fa-paper-plane\"></i></a>', 'Salma Adel', 0, '2020-09-16 10:23:33', '2020-10-22 14:41:58', 1, 2, 0, '2018-05-14', 0),
(56, 'C#2020/08/27/1598540364', 4, 'Mobi Zone - Sms ( Instant Win )', 2, 0, 112, 'Mobi Zone', 'DigiZone', 80, 20, '2018-10-17', 1, 1, 1, '2019-10-16', 'Kuwait', 'Zain - Kuwait', 2, 8, '1598540364-86959905.pdf', NULL, '<a href=\"https://ccms.l-sh.me/annexes?search=contract_id:equal:56\"\' class=\"btn btn-default btn-sm\" role=\"button\" aria-disabled=\"true\"><i class=\"fa fa-paper-plane\"></i></a>', '<a href=\"https://ccms.l-sh.me/authorizations?search=contract_id:equal:56\"\' class=\"btn btn-default btn-sm\" role=\"button\" aria-disabled=\"true\"><i class=\"fa fa-paper-plane\"></i></a>', '<a href=\"https://ccms.l-sh.me/copyrights?search=contract_id:equal:56\"\' class=\"btn btn-default btn-sm\" role=\"button\" aria-disabled=\"true\"><i class=\"fa fa-paper-plane\"></i></a>', 'Salma Adel', 0, '2020-08-27 16:59:24', '2020-10-22 14:41:59', 1, 2, 0, '2018-10-17', 0),
(57, 'C#2020/08/30/1598777514', 1, 'Mobi Zone - Vas Service', 1, 1, 112, 'iVAS', 'Mobi Zone', 80, 20, '2018-08-01', 1, 2, 0, '2019-07-31', 'KSA', 'STC - KSA,Zain - KSA,Mobily - KSA', 2, 8, '1598777514-4085935.pdf', 'تم فسخ العقد في 2018-09-03', '<a href=\"https://ccms.l-sh.me/annexes?search=contract_id:equal:57\"\' class=\"btn btn-default btn-sm\" role=\"button\" aria-disabled=\"true\"><i class=\"fa fa-paper-plane\"></i></a>', '<a href=\"https://ccms.l-sh.me/authorizations?search=contract_id:equal:57\"\' class=\"btn btn-default btn-sm\" role=\"button\" aria-disabled=\"true\"><i class=\"fa fa-paper-plane\"></i></a>', '<a href=\"https://ccms.l-sh.me/copyrights?search=contract_id:equal:57\"\' class=\"btn btn-default btn-sm\" role=\"button\" aria-disabled=\"true\"><i class=\"fa fa-paper-plane\"></i></a>', 'Salma Adel', 0, '2020-09-28 20:20:00', '2020-10-22 14:41:59', 1, 2, 0, '2018-08-01', 0),
(58, 'C#2020/08/30/1598782309', 1, 'Mobi Zone - Digizone', 2, 1, 112, 'DigiZone', 'Mobi Zone', 80, 20, '2019-08-01', 1, 2, 0, '2020-07-31', 'KSA', 'STC - KSA,Zain - KSA,Mobily - KSA', 2, 10, '1598782309-97672855.pdf', NULL, '<a href=\"https://ccms.l-sh.me/annexes?search=contract_id:equal:58\"\' class=\"btn btn-default btn-sm\" role=\"button\" aria-disabled=\"true\"><i class=\"fa fa-paper-plane\"></i></a>', '<a href=\"https://ccms.l-sh.me/authorizations?search=contract_id:equal:58\"\' class=\"btn btn-default btn-sm\" role=\"button\" aria-disabled=\"true\"><i class=\"fa fa-paper-plane\"></i></a>', '<a href=\"https://ccms.l-sh.me/copyrights?search=contract_id:equal:58\"\' class=\"btn btn-default btn-sm\" role=\"button\" aria-disabled=\"true\"><i class=\"fa fa-paper-plane\"></i></a>', 'Salma Adel', 0, '2020-09-16 10:22:56', '2020-10-22 14:41:59', 1, 2, 0, '2019-08-01', 0),
(59, 'C#2020/08/30/1598791059', 2, 'Qanwat Dubai - RBT', 1, 1, 26, 'iVAS', 'Qanawat Dubai', 70, 30, '2015-12-01', 3, 2, 0, '2019-03-31', 'KSA,UAE,Tunisia,Moroco,Algeria,Jordan,Qatar,Sudan,Oman,Iraq', 'All - Iraq,Inwi - Morocco,Maroc Telecom - Morocco,Ooredoo - Qatar,MTN - Sudan,Orange - Tunisia,etisalat - UAE,Umniah - Jordan,orange - Jordan,Virgin - KSA,Omantel - Oman,ooredoo - Algeria', 2, 5, '1598791059-72994658.pdf', NULL, '<a href=\"https://ccms.l-sh.me/annexes?search=contract_id:equal:59\"\' class=\"btn btn-default btn-sm\" role=\"button\" aria-disabled=\"true\"><i class=\"fa fa-paper-plane\"></i></a>', '<a href=\"https://ccms.l-sh.me/authorizations?search=contract_id:equal:59\"\' class=\"btn btn-default btn-sm\" role=\"button\" aria-disabled=\"true\"><i class=\"fa fa-paper-plane\"></i></a>', '<a href=\"https://ccms.l-sh.me/copyrights?search=contract_id:equal:59\"\' class=\"btn btn-default btn-sm\" role=\"button\" aria-disabled=\"true\"><i class=\"fa fa-paper-plane\"></i></a>', 'Salma Adel', 0, '2020-09-16 10:22:02', '2020-10-22 14:41:59', 1, 2, 0, '2015-12-01', 0),
(60, 'C#2020/08/30/1598793163', 2, 'Qanwat Dubai - RBT Digizone', 2, 1, 26, 'DigiZone', 'Qanawat Dubai', 70, 30, '2019-04-01', 1, 2, 0, '2020-03-31', 'Kuwait,KSA,UAE,Tunisia,Jordan,Qatar,Oman,Iraq', 'Zain - Iraq,Ooredoo - Qatar,Mobily - KSA,Orange - Tunisia,Viva - Kuwait,etisalat - UAE,orange - Jordan,Virgin - KSA,Omantel - Oman', 2, 6, '1598793163-84549653.pdf', NULL, '<a href=\"https://ccms.l-sh.me/annexes?search=contract_id:equal:60\"\' class=\"btn btn-default btn-sm\" role=\"button\" aria-disabled=\"true\"><i class=\"fa fa-paper-plane\"></i></a>', '<a href=\"https://ccms.l-sh.me/authorizations?search=contract_id:equal:60\"\' class=\"btn btn-default btn-sm\" role=\"button\" aria-disabled=\"true\"><i class=\"fa fa-paper-plane\"></i></a>', '<a href=\"https://ccms.l-sh.me/copyrights?search=contract_id:equal:60\"\' class=\"btn btn-default btn-sm\" role=\"button\" aria-disabled=\"true\"><i class=\"fa fa-paper-plane\"></i></a>', 'Salma Adel', 0, '2020-09-16 10:21:49', '2020-10-22 14:41:59', 1, 2, 0, '2019-04-01', 0);
INSERT INTO `contracts` (`id`, `contract_code`, `service_type_id`, `contract_label`, `first_party_id`, `first_party_select`, `second_party_id`, `first_party`, `second_party`, `first_party_percentage`, `second_party_percentage`, `contract_date`, `contract_duration_id`, `renewal_status`, `contract_status`, `contract_expiry_date`, `country_title`, `operator_title`, `copies`, `pages`, `contract_pdf`, `contract_notes`, `btn_annex`, `btn_auturaisition`, `btn_copyrights`, `entry_by_details`, `entry_by`, `created_at`, `updated_at`, `second_party_type_id`, `contract_type`, `full_approves`, `contract_signed_date`, `ceo_renew`) VALUES
(61, 'C#2020/08/30/1598798744', 1, 'TA Telecome -Vas Service', 1, 1, 118, 'iVAS', 'Mesk Company for islamic production', 50, 50, '2014-07-14', 3, 1, 1, '2017-07-13', 'All countries', 'All - All', 2, 6, '1598798744-33551495.pdf', NULL, '<a href=\"https://ccms.l-sh.me/annexes?search=contract_id:equal:61\"\' class=\"btn btn-default btn-sm\" role=\"button\" aria-disabled=\"true\"><i class=\"fa fa-paper-plane\"></i></a>', '<a href=\"https://ccms.l-sh.me/authorizations?search=contract_id:equal:61\"\' class=\"btn btn-default btn-sm\" role=\"button\" aria-disabled=\"true\"><i class=\"fa fa-paper-plane\"></i></a>', '<a href=\"https://ccms.l-sh.me/copyrights?search=contract_id:equal:61\"\' class=\"btn btn-default btn-sm\" role=\"button\" aria-disabled=\"true\"><i class=\"fa fa-paper-plane\"></i></a>', 'Salma Adel', 0, '2020-08-31 13:55:40', '2020-10-22 14:41:59', 4, 2, 0, '2014-07-14', 0),
(62, 'C#2020/08/31/1598867564', 1, 'TA Telecome - Amina Shelbaya', 1, 1, 114, 'iVAS', 'Amina Shelbaya', 50, 50, '2013-05-21', 3, 1, 1, '2016-05-20', 'Egypt,Kuwait,KSA,Sudan', 'Mobinil - Egypt,Vodafone - Egypt,Zain - Kuwait,Zain - Sudan,Sudani One - Sudan,STC - KSA,Zain - KSA,Mobily - KSA,etisalat - Egypt,Sudatel - Sudan', 2, 11, '1598867564-55348645.pdf', NULL, '<a href=\"https://ccms.l-sh.me/annexes?search=contract_id:equal:62\"\' class=\"btn btn-default btn-sm\" role=\"button\" aria-disabled=\"true\"><i class=\"fa fa-paper-plane\"></i></a>', '<a href=\"https://ccms.l-sh.me/authorizations?search=contract_id:equal:62\"\' class=\"btn btn-default btn-sm\" role=\"button\" aria-disabled=\"true\"><i class=\"fa fa-paper-plane\"></i></a>', '<a href=\"https://ccms.l-sh.me/copyrights?search=contract_id:equal:62\"\' class=\"btn btn-default btn-sm\" role=\"button\" aria-disabled=\"true\"><i class=\"fa fa-paper-plane\"></i></a>', 'Salma Adel', 0, '2020-08-31 11:52:44', '2020-10-22 14:41:59', 2, 2, 0, '2013-05-21', 0),
(63, 'C#2020/08/31/1598868634', 3, 'TA Telecome - Bahaa El Din', 1, 1, 115, 'iVAS', 'Bahaa El Din', 35, 65, '2013-06-02', 2, 1, 1, '2015-06-01', 'Egypt', 'Vodafone - Egypt,etisalat - Egypt', 2, 9, '1598868634-50789122.pdf', NULL, '<a href=\"https://ccms.l-sh.me/annexes?search=contract_id:equal:63\"\' class=\"btn btn-default btn-sm\" role=\"button\" aria-disabled=\"true\"><i class=\"fa fa-paper-plane\"></i></a>', '<a href=\"https://ccms.l-sh.me/authorizations?search=contract_id:equal:63\"\' class=\"btn btn-default btn-sm\" role=\"button\" aria-disabled=\"true\"><i class=\"fa fa-paper-plane\"></i></a>', '<a href=\"https://ccms.l-sh.me/copyrights?search=contract_id:equal:63\"\' class=\"btn btn-default btn-sm\" role=\"button\" aria-disabled=\"true\"><i class=\"fa fa-paper-plane\"></i></a>', 'Salma Adel', 0, '2020-08-31 12:10:34', '2020-10-22 14:41:59', 2, 2, 0, '2013-06-02', 0),
(64, 'C#2020/08/31/1598869998', 1, 'TA Telecome - Lamiaa Abdelziz', 1, 1, 52, 'iVAS', 'Lamiaa Abd Al Aziz', 60, 40, '2014-06-01', 3, 1, 1, '2017-05-31', 'All countries', 'All - All', 2, 7, '1598869998-15946191.pdf', NULL, '<a href=\"https://ccms.l-sh.me/annexes?search=contract_id:equal:64\"\' class=\"btn btn-default btn-sm\" role=\"button\" aria-disabled=\"true\"><i class=\"fa fa-paper-plane\"></i></a>', '<a href=\"https://ccms.l-sh.me/authorizations?search=contract_id:equal:64\"\' class=\"btn btn-default btn-sm\" role=\"button\" aria-disabled=\"true\"><i class=\"fa fa-paper-plane\"></i></a>', '<a href=\"https://ccms.l-sh.me/copyrights?search=contract_id:equal:64\"\' class=\"btn btn-default btn-sm\" role=\"button\" aria-disabled=\"true\"><i class=\"fa fa-paper-plane\"></i></a>', 'Salma Adel', 0, '2020-08-31 12:33:18', '2020-10-22 14:41:59', 2, 2, 0, '2014-06-01', 0),
(65, 'C#2020/08/31/1598874509', 1, 'TA Telecome - Ivas', 1, 0, 117, 'TA Telecome', 'iVAS', 30, 70, '2013-09-26', 3, 1, 1, '2016-09-26', 'Egypt', 'etisalat - Egypt', 2, 12, '1598874509-81121915.pdf', NULL, '<a href=\"https://ccms.l-sh.me/annexes?search=contract_id:equal:65\"\' class=\"btn btn-default btn-sm\" role=\"button\" aria-disabled=\"true\"><i class=\"fa fa-paper-plane\"></i></a>', '<a href=\"https://ccms.l-sh.me/authorizations?search=contract_id:equal:65\"\' class=\"btn btn-default btn-sm\" role=\"button\" aria-disabled=\"true\"><i class=\"fa fa-paper-plane\"></i></a>', '<a href=\"https://ccms.l-sh.me/copyrights?search=contract_id:equal:65\"\' class=\"btn btn-default btn-sm\" role=\"button\" aria-disabled=\"true\"><i class=\"fa fa-paper-plane\"></i></a>', 'Salma Adel', 0, '2020-08-31 13:52:41', '2020-10-22 14:41:59', 1, 2, 0, '2013-09-26', 0),
(66, 'C#2020/08/31/1598877622', 1, 'TA Telecome - Etisalat Afghanistan', 1, 0, 117, 'TA Telecome', 'iVAS', 30, 70, '2015-08-11', 1, 1, 1, '2016-08-10', 'Afghanistan', 'Etisalat - Afghanistan', 2, 14, '1598877622-82759589.pdf', NULL, '<a href=\"https://ccms.l-sh.me/annexes?search=contract_id:equal:66\"\' class=\"btn btn-default btn-sm\" role=\"button\" aria-disabled=\"true\"><i class=\"fa fa-paper-plane\"></i></a>', '<a href=\"https://ccms.l-sh.me/authorizations?search=contract_id:equal:66\"\' class=\"btn btn-default btn-sm\" role=\"button\" aria-disabled=\"true\"><i class=\"fa fa-paper-plane\"></i></a>', '<a href=\"https://ccms.l-sh.me/copyrights?search=contract_id:equal:66\"\' class=\"btn btn-default btn-sm\" role=\"button\" aria-disabled=\"true\"><i class=\"fa fa-paper-plane\"></i></a>', 'Mohamed Al-Qurashy', 0, '2020-10-07 16:56:13', '2020-10-22 14:41:59', 1, 2, 0, '2015-08-11', 0),
(67, 'C#2020/08/31/1598880644', 3, 'TA Telecome - Rwanda', 1, 0, 117, 'TA Telecome', 'iVAS', 30, 70, '2014-01-01', 3, 1, 1, '2016-12-31', 'Rwanda', 'ALL - Rwanda', 2, 13, '1598880644-68466853.pdf', NULL, '<a href=\"https://ccms.l-sh.me/annexes?search=contract_id:equal:67\"\' class=\"btn btn-default btn-sm\" role=\"button\" aria-disabled=\"true\"><i class=\"fa fa-paper-plane\"></i></a>', '<a href=\"https://ccms.l-sh.me/authorizations?search=contract_id:equal:67\"\' class=\"btn btn-default btn-sm\" role=\"button\" aria-disabled=\"true\"><i class=\"fa fa-paper-plane\"></i></a>', '<a href=\"https://ccms.l-sh.me/copyrights?search=contract_id:equal:67\"\' class=\"btn btn-default btn-sm\" role=\"button\" aria-disabled=\"true\"><i class=\"fa fa-paper-plane\"></i></a>', 'Salma Adel', 0, '2020-08-31 15:30:44', '2020-10-22 14:41:59', 1, 2, 0, '2014-01-01', 0),
(68, 'C#2020/08/31/1598882756', 1, 'Elwadi Newspaper - Vas Service', 1, 1, 119, 'iVAS', 'Elwadi Newspaper', 40, 60, '2014-03-09', 3, 1, 1, '2017-03-08', 'All countries', 'All - All', 2, 8, '1598882756-31964890.pdf', NULL, '<a href=\"https://ccms.l-sh.me/annexes?search=contract_id:equal:68\"\' class=\"btn btn-default btn-sm\" role=\"button\" aria-disabled=\"true\"><i class=\"fa fa-paper-plane\"></i></a>', '<a href=\"https://ccms.l-sh.me/authorizations?search=contract_id:equal:68\"\' class=\"btn btn-default btn-sm\" role=\"button\" aria-disabled=\"true\"><i class=\"fa fa-paper-plane\"></i></a>', '<a href=\"https://ccms.l-sh.me/copyrights?search=contract_id:equal:68\"\' class=\"btn btn-default btn-sm\" role=\"button\" aria-disabled=\"true\"><i class=\"fa fa-paper-plane\"></i></a>', 'Salma Adel', 0, '2020-08-31 16:05:56', '2020-10-22 14:41:59', 1, 2, 0, '2014-03-09', 0),
(69, 'C#2020/08/31/1598883263', 2, 'Yasmin Ali - RBT', 1, 0, 120, 'Yasmin Ali', 'iVAS', 50, 50, '2020-08-16', 3, 1, 1, '2023-08-15', 'All countries', 'All - All', 2, 5, '1598883263-20253586.pdf', NULL, '<a href=\"https://ccms.l-sh.me/annexes?search=contract_id:equal:69\"\' class=\"btn btn-default btn-sm\" role=\"button\" aria-disabled=\"true\"><i class=\"fa fa-paper-plane\"></i></a>', '<a href=\"https://ccms.l-sh.me/authorizations?search=contract_id:equal:69\"\' class=\"btn btn-default btn-sm\" role=\"button\" aria-disabled=\"true\"><i class=\"fa fa-paper-plane\"></i></a>', '<a href=\"https://ccms.l-sh.me/copyrights?search=contract_id:equal:69\"\' class=\"btn btn-default btn-sm\" role=\"button\" aria-disabled=\"true\"><i class=\"fa fa-paper-plane\"></i></a>', 'Salma Adel', 0, '2020-08-31 16:14:23', '2020-10-22 14:41:59', 2, 2, 0, '2020-08-16', 0),
(70, 'C#2020/08/31/1598883289', 2, 'Yasmin Ali - RBT', 1, 0, 120, 'Yasmin Ali', 'iVAS', 50, 50, '2020-08-16', 3, 1, 1, '2023-08-15', 'All countries', 'All - All', 2, 5, '1598883289-91491127.pdf', NULL, '<a href=\"https://ccms.l-sh.me/annexes?search=contract_id:equal:70\"\' class=\"btn btn-default btn-sm\" role=\"button\" aria-disabled=\"true\"><i class=\"fa fa-paper-plane\"></i></a>', '<a href=\"https://ccms.l-sh.me/authorizations?search=contract_id:equal:70\"\' class=\"btn btn-default btn-sm\" role=\"button\" aria-disabled=\"true\"><i class=\"fa fa-paper-plane\"></i></a>', '<a href=\"https://ccms.l-sh.me/copyrights?search=contract_id:equal:70\"\' class=\"btn btn-default btn-sm\" role=\"button\" aria-disabled=\"true\"><i class=\"fa fa-paper-plane\"></i></a>', 'Salma Adel', 0, '2020-08-31 16:14:49', '2020-10-22 14:41:59', 2, 2, 0, '2020-08-16', 0),
(71, 'C#2020/09/01/1598960947', 1, 'Smart Technology - Vas', 1, 1, 24, 'iVAS', 'Smart Technology', 50, 50, '2013-11-06', 1, 0, 0, '2014-11-05', 'Tunisia', 'All - Tunisia', 2, 6, '1598960947-28074702.pdf', NULL, '<a href=\"https://ccms.l-sh.me/annexes?search=contract_id:equal:71\"\' class=\"btn btn-default btn-sm\" role=\"button\" aria-disabled=\"true\"><i class=\"fa fa-paper-plane\"></i></a>', '<a href=\"https://ccms.l-sh.me/authorizations?search=contract_id:equal:71\"\' class=\"btn btn-default btn-sm\" role=\"button\" aria-disabled=\"true\"><i class=\"fa fa-paper-plane\"></i></a>', '<a href=\"https://ccms.l-sh.me/copyrights?search=contract_id:equal:71\"\' class=\"btn btn-default btn-sm\" role=\"button\" aria-disabled=\"true\"><i class=\"fa fa-paper-plane\"></i></a>', 'Mohamed Al-Qurashy', 0, '2020-10-07 16:59:10', '2020-10-22 14:41:59', 1, 2, 0, '2013-11-06', 0),
(72, 'C#2020/09/01/1598961126', 1, 'Smart Technology - Vas Service - لطفى بوشناق', 1, 0, 24, 'Smart Technology', 'iVAS', 40, 60, '2014-10-02', 3, 1, 1, '2017-10-01', 'Tunisia', 'All - Tunisia', 2, 8, '1598961126-70658239.pdf', NULL, '<a href=\"https://ccms.l-sh.me/annexes?search=contract_id:equal:72\"\' class=\"btn btn-default btn-sm\" role=\"button\" aria-disabled=\"true\"><i class=\"fa fa-paper-plane\"></i></a>', '<a href=\"https://ccms.l-sh.me/authorizations?search=contract_id:equal:72\"\' class=\"btn btn-default btn-sm\" role=\"button\" aria-disabled=\"true\"><i class=\"fa fa-paper-plane\"></i></a>', '<a href=\"https://ccms.l-sh.me/copyrights?search=contract_id:equal:72\"\' class=\"btn btn-default btn-sm\" role=\"button\" aria-disabled=\"true\"><i class=\"fa fa-paper-plane\"></i></a>', 'Salma Adel', 0, '2020-09-01 15:11:34', '2020-10-22 14:41:59', 1, 2, 0, '2014-10-02', 0),
(73, 'C#2020/09/01/1598961348', 4, 'Smart Technology - Sms , Mms', 1, 0, 24, 'Smart Technology', 'iVAS', 40, 60, '2016-10-01', 1, 2, 0, '2017-05-31', 'Tunisia', 'All - Tunisia', 2, 4, '1598961348-70519871.pdf', NULL, '<a href=\"https://ccms.l-sh.me/annexes?search=contract_id:equal:73\"\' class=\"btn btn-default btn-sm\" role=\"button\" aria-disabled=\"true\"><i class=\"fa fa-paper-plane\"></i></a>', '<a href=\"https://ccms.l-sh.me/authorizations?search=contract_id:equal:73\"\' class=\"btn btn-default btn-sm\" role=\"button\" aria-disabled=\"true\"><i class=\"fa fa-paper-plane\"></i></a>', '<a href=\"https://ccms.l-sh.me/copyrights?search=contract_id:equal:73\"\' class=\"btn btn-default btn-sm\" role=\"button\" aria-disabled=\"true\"><i class=\"fa fa-paper-plane\"></i></a>', 'Salma Adel', 0, '2020-09-16 10:25:40', '2020-10-22 14:41:59', 1, 2, 0, '2016-10-01', 0),
(74, 'C#2020/09/01/1598963429', 1, 'Smart Technology - مشاري راشد', 1, 0, 24, 'Smart Technology', 'iVAS', 40, 60, '2014-10-01', 1, 2, 0, '2015-09-30', 'Tunisia', 'All - Tunisia', 2, 4, '1598963429-63986548.pdf', NULL, '<a href=\"https://ccms.l-sh.me/annexes?search=contract_id:equal:74\"\' class=\"btn btn-default btn-sm\" role=\"button\" aria-disabled=\"true\"><i class=\"fa fa-paper-plane\"></i></a>', '<a href=\"https://ccms.l-sh.me/authorizations?search=contract_id:equal:74\"\' class=\"btn btn-default btn-sm\" role=\"button\" aria-disabled=\"true\"><i class=\"fa fa-paper-plane\"></i></a>', '<a href=\"https://ccms.l-sh.me/copyrights?search=contract_id:equal:74\"\' class=\"btn btn-default btn-sm\" role=\"button\" aria-disabled=\"true\"><i class=\"fa fa-paper-plane\"></i></a>', 'Salma Adel', 0, '2020-09-16 10:25:28', '2020-10-22 14:41:59', 1, 2, 0, '2014-10-01', 0),
(75, 'C#2020/09/01/1598976909', 11, 'Sign Out Media - Uniball', 1, 0, 46, 'Sign Out Media', 'iVAS', 0, 0, '2017-03-27', 1, 0, 0, '2018-03-26', 'Egypt', 'All - Egypt', 2, 2, '1598976909-78060268.pdf', NULL, '<a href=\"https://ccms.l-sh.me/annexes?search=contract_id:equal:75\"\' class=\"btn btn-default btn-sm\" role=\"button\" aria-disabled=\"true\"><i class=\"fa fa-paper-plane\"></i></a>', '<a href=\"https://ccms.l-sh.me/authorizations?search=contract_id:equal:75\"\' class=\"btn btn-default btn-sm\" role=\"button\" aria-disabled=\"true\"><i class=\"fa fa-paper-plane\"></i></a>', '<a href=\"https://ccms.l-sh.me/copyrights?search=contract_id:equal:75\"\' class=\"btn btn-default btn-sm\" role=\"button\" aria-disabled=\"true\"><i class=\"fa fa-paper-plane\"></i></a>', 'Salma Adel', 0, '2020-09-16 10:33:11', '2020-10-22 14:41:59', 5, 2, 0, '2017-03-27', 0),
(76, 'C#2020/09/02/1599042910', 2, 'On Mobile', 2, 1, 121, 'DigiZone', 'On Mobile', 28, 72, '2018-05-15', 1, 1, 1, '2019-05-14', 'UAE', 'du - UAE', 2, 9, '1599042910-14210602.pdf', NULL, '<a href=\"https://ccms.l-sh.me/annexes?search=contract_id:equal:76\"\' class=\"btn btn-default btn-sm\" role=\"button\" aria-disabled=\"true\"><i class=\"fa fa-paper-plane\"></i></a>', '<a href=\"https://ccms.l-sh.me/authorizations?search=contract_id:equal:76\"\' class=\"btn btn-default btn-sm\" role=\"button\" aria-disabled=\"true\"><i class=\"fa fa-paper-plane\"></i></a>', '<a href=\"https://ccms.l-sh.me/copyrights?search=contract_id:equal:76\"\' class=\"btn btn-default btn-sm\" role=\"button\" aria-disabled=\"true\"><i class=\"fa fa-paper-plane\"></i></a>', 'Mohamed Al-Qurashy', 0, '2020-10-07 20:31:36', '2020-10-22 14:41:59', 1, 2, 0, '2018-05-15', 0),
(77, 'C#2020/09/02/1599044747', 4, 'Qanawat - (Sms-Mms) Service', 1, 0, 122, 'Qanawat', 'iVAS', 70, 30, '2019-11-03', 1, 2, 1, '2020-11-02', 'Egypt', 'etisalat - Egypt', 2, 5, '1599044747-82620315.pdf', NULL, '<a href=\"https://ccms.l-sh.me/annexes?search=contract_id:equal:77\"\' class=\"btn btn-default btn-sm\" role=\"button\" aria-disabled=\"true\"><i class=\"fa fa-paper-plane\"></i></a>', '<a href=\"https://ccms.l-sh.me/authorizations?search=contract_id:equal:77\"\' class=\"btn btn-default btn-sm\" role=\"button\" aria-disabled=\"true\"><i class=\"fa fa-paper-plane\"></i></a>', '<a href=\"https://ccms.l-sh.me/copyrights?search=contract_id:equal:77\"\' class=\"btn btn-default btn-sm\" role=\"button\" aria-disabled=\"true\"><i class=\"fa fa-paper-plane\"></i></a>', 'Salma Adel', 0, '2020-09-02 13:05:47', '2020-10-22 14:41:59', 4, 2, 0, '2019-11-03', 0),
(78, 'C#2020/09/02/1599045327', 2, 'Qanawat - RBT Service', 1, 1, 123, 'iVAS', 'Qanawat', 70, 30, '2019-04-01', 1, 2, 0, '2020-03-31', 'Egypt', 'Mobinil - Egypt,Vodafone - Egypt,etisalat - Egypt', 2, 6, '1599045327-40021016.pdf', NULL, '<a href=\"https://ccms.l-sh.me/annexes?search=contract_id:equal:78\"\' class=\"btn btn-default btn-sm\" role=\"button\" aria-disabled=\"true\"><i class=\"fa fa-paper-plane\"></i></a>', '<a href=\"https://ccms.l-sh.me/authorizations?search=contract_id:equal:78\"\' class=\"btn btn-default btn-sm\" role=\"button\" aria-disabled=\"true\"><i class=\"fa fa-paper-plane\"></i></a>', '<a href=\"https://ccms.l-sh.me/copyrights?search=contract_id:equal:78\"\' class=\"btn btn-default btn-sm\" role=\"button\" aria-disabled=\"true\"><i class=\"fa fa-paper-plane\"></i></a>', 'Salma Adel', 0, '2020-09-16 10:32:44', '2020-10-22 14:41:59', 1, 2, 0, '2019-04-01', 0),
(79, 'C#2020/09/02/1599046717', 15, 'Qanawat -Full Track', 1, 0, 122, 'Qanawat', 'iVAS', 70, 30, '2015-12-01', 3, 2, 0, '2018-11-30', 'All countries', 'All - All', 2, 5, '1599046717-23747705.pdf', NULL, '<a href=\"https://ccms.l-sh.me/annexes?search=contract_id:equal:79\"\' class=\"btn btn-default btn-sm\" role=\"button\" aria-disabled=\"true\"><i class=\"fa fa-paper-plane\"></i></a>', '<a href=\"https://ccms.l-sh.me/authorizations?search=contract_id:equal:79\"\' class=\"btn btn-default btn-sm\" role=\"button\" aria-disabled=\"true\"><i class=\"fa fa-paper-plane\"></i></a>', '<a href=\"https://ccms.l-sh.me/copyrights?search=contract_id:equal:79\"\' class=\"btn btn-default btn-sm\" role=\"button\" aria-disabled=\"true\"><i class=\"fa fa-paper-plane\"></i></a>', 'Salma Adel', 0, '2020-09-16 10:31:17', '2020-10-22 14:41:59', 4, 2, 0, '2015-12-01', 0),
(80, 'C#2020/09/02/1599047534', 14, 'Qanawat - Youtube', 1, 1, 123, 'iVAS', 'Qanawat', 70, 30, '2015-12-01', 3, 2, 0, '2018-11-30', 'All countries', 'YouTube Channel - All countries', 2, 5, '1599047534-83917556.pdf', NULL, '<a href=\"https://ccms.l-sh.me/annexes?search=contract_id:equal:80\"\' class=\"btn btn-default btn-sm\" role=\"button\" aria-disabled=\"true\"><i class=\"fa fa-paper-plane\"></i></a>', '<a href=\"https://ccms.l-sh.me/authorizations?search=contract_id:equal:80\"\' class=\"btn btn-default btn-sm\" role=\"button\" aria-disabled=\"true\"><i class=\"fa fa-paper-plane\"></i></a>', '<a href=\"https://ccms.l-sh.me/copyrights?search=contract_id:equal:80\"\' class=\"btn btn-default btn-sm\" role=\"button\" aria-disabled=\"true\"><i class=\"fa fa-paper-plane\"></i></a>', 'Salma Adel', 0, '2020-09-16 10:30:46', '2020-10-22 14:41:59', 1, 2, 0, '2015-12-01', 0),
(81, 'C#2020/09/02/1599050127', 2, 'Qanawat - RBT', 1, 1, 123, 'iVAS', 'Qanawat', 50, 50, '2014-04-01', 1, 2, 0, '2015-03-31', 'Egypt,UAE,Tunisia,Moroco,Algeria,Jordan,Qatar,Sudan,Oman,Iraq', 'Mobinil - Egypt,Vodafone - Egypt,All - Iraq,Inwi - Morocco,Maroc Telecom - Morocco,Ooredoo - Qatar,MTN - Sudan,Orange - Tunisia,etisalat - UAE,Umniah - Jordan,etisalat - Egypt,orange - Jordan', 2, 5, '1599050127-14941980.pdf', NULL, '<a href=\"https://ccms.l-sh.me/annexes?search=contract_id:equal:81\"\' class=\"btn btn-default btn-sm\" role=\"button\" aria-disabled=\"true\"><i class=\"fa fa-paper-plane\"></i></a>', '<a href=\"https://ccms.l-sh.me/authorizations?search=contract_id:equal:81\"\' class=\"btn btn-default btn-sm\" role=\"button\" aria-disabled=\"true\"><i class=\"fa fa-paper-plane\"></i></a>', '<a href=\"https://ccms.l-sh.me/copyrights?search=contract_id:equal:81\"\' class=\"btn btn-default btn-sm\" role=\"button\" aria-disabled=\"true\"><i class=\"fa fa-paper-plane\"></i></a>', 'Salma Adel', 0, '2020-09-16 10:31:55', '2020-10-22 14:41:59', 1, 2, 0, '2014-04-01', 0),
(82, 'C#2020/09/03/1599125920', 2, 'Etisalat - RBT Service', 1, 0, 41, 'Etisalat Misr', 'iVAS', 70, 30, '2017-02-01', 2, 1, 1, '2019-01-31', 'Egypt', 'etisalat - Egypt', 2, 14, '1599126639-72482586.pdf', NULL, '<a href=\"https://ccms.l-sh.me/annexes?search=contract_id:equal:82\"\' class=\"btn btn-default btn-sm\" role=\"button\" aria-disabled=\"true\"><i class=\"fa fa-paper-plane\"></i></a>', '<a href=\"https://ccms.l-sh.me/authorizations?search=contract_id:equal:82\"\' class=\"btn btn-default btn-sm\" role=\"button\" aria-disabled=\"true\"><i class=\"fa fa-paper-plane\"></i></a>', '<a href=\"https://ccms.l-sh.me/copyrights?search=contract_id:equal:82\"\' class=\"btn btn-default btn-sm\" role=\"button\" aria-disabled=\"true\"><i class=\"fa fa-paper-plane\"></i></a>', 'Salma Adel', 0, '2020-09-03 11:50:39', '2020-10-22 14:41:59', 3, 2, 0, '2017-02-01', 0),
(83, 'C#2020/09/03/1599127785', 1, 'Etisalat - Vas Service', 1, 0, 41, 'Etisalat Misr', 'iVAS', 0, 0, '2016-09-01', 1, 2, 0, '2017-08-31', 'Egypt', 'etisalat - Egypt', 2, 22, '1599127785-69821611.pdf', NULL, '<a href=\"https://ccms.l-sh.me/annexes?search=contract_id:equal:83\"\' class=\"btn btn-default btn-sm\" role=\"button\" aria-disabled=\"true\"><i class=\"fa fa-paper-plane\"></i></a>', '<a href=\"https://ccms.l-sh.me/authorizations?search=contract_id:equal:83\"\' class=\"btn btn-default btn-sm\" role=\"button\" aria-disabled=\"true\"><i class=\"fa fa-paper-plane\"></i></a>', '<a href=\"https://ccms.l-sh.me/copyrights?search=contract_id:equal:83\"\' class=\"btn btn-default btn-sm\" role=\"button\" aria-disabled=\"true\"><i class=\"fa fa-paper-plane\"></i></a>', 'Salma Adel', 0, '2020-09-16 10:30:23', '2020-10-22 14:41:59', 3, 2, 0, '2016-09-01', 0),
(84, 'C#2020/09/03/1599133802', 1, 'Etisalat - Vas', 1, 0, 41, 'Etisalat Misr', 'iVAS', 50, 50, '2017-05-29', 1, 1, 1, '2018-05-28', 'Egypt', 'etisalat - Egypt', 2, 13, '1599133802-56961943.pdf', NULL, '<a href=\"https://ccms.l-sh.me/annexes?search=contract_id:equal:84\"\' class=\"btn btn-default btn-sm\" role=\"button\" aria-disabled=\"true\"><i class=\"fa fa-paper-plane\"></i></a>', '<a href=\"https://ccms.l-sh.me/authorizations?search=contract_id:equal:84\"\' class=\"btn btn-default btn-sm\" role=\"button\" aria-disabled=\"true\"><i class=\"fa fa-paper-plane\"></i></a>', '<a href=\"https://ccms.l-sh.me/copyrights?search=contract_id:equal:84\"\' class=\"btn btn-default btn-sm\" role=\"button\" aria-disabled=\"true\"><i class=\"fa fa-paper-plane\"></i></a>', 'Salma Adel', 0, '2020-09-03 13:50:02', '2020-10-22 14:41:59', 3, 2, 0, '2017-05-29', 0),
(85, 'C#2020/09/03/1599134612', 4, 'Soft Kinetics - Sms', 1, 0, 45, 'Soft Kinetics', 'iVAS', 0, 0, '2017-05-25', 6, 0, 0, '2017-06-24', 'Egypt', 'etisalat - Egypt', 2, 3, '1599136193-18047586.pdf', NULL, '<a href=\"https://ccms.l-sh.me/annexes?search=contract_id:equal:85\"\' class=\"btn btn-default btn-sm\" role=\"button\" aria-disabled=\"true\"><i class=\"fa fa-paper-plane\"></i></a>', '<a href=\"https://ccms.l-sh.me/authorizations?search=contract_id:equal:85\"\' class=\"btn btn-default btn-sm\" role=\"button\" aria-disabled=\"true\"><i class=\"fa fa-paper-plane\"></i></a>', '<a href=\"https://ccms.l-sh.me/copyrights?search=contract_id:equal:85\"\' class=\"btn btn-default btn-sm\" role=\"button\" aria-disabled=\"true\"><i class=\"fa fa-paper-plane\"></i></a>', 'Salma Adel', 0, '2020-09-16 10:29:51', '2020-10-22 14:41:59', 5, 2, 0, '2017-05-25', 0),
(86, 'C#2020/09/03/1599136933', 3, 'Music For All -  Subscription - Vas', 1, 0, 124, 'Music For All', 'iVAS', 70, 30, '2017-12-27', 4, 1, 1, '2022-12-26', 'Egypt', 'etisalat - Egypt', 3, 6, '1599136933-90950277.pdf', NULL, '<a href=\"https://ccms.l-sh.me/annexes?search=contract_id:equal:86\"\' class=\"btn btn-default btn-sm\" role=\"button\" aria-disabled=\"true\"><i class=\"fa fa-paper-plane\"></i></a>', '<a href=\"https://ccms.l-sh.me/authorizations?search=contract_id:equal:86\"\' class=\"btn btn-default btn-sm\" role=\"button\" aria-disabled=\"true\"><i class=\"fa fa-paper-plane\"></i></a>', '<a href=\"https://ccms.l-sh.me/copyrights?search=contract_id:equal:86\"\' class=\"btn btn-default btn-sm\" role=\"button\" aria-disabled=\"true\"><i class=\"fa fa-paper-plane\"></i></a>', 'Salma Adel', 0, '2020-09-03 14:43:40', '2020-10-22 14:41:59', 4, 2, 0, '2017-12-27', 0),
(87, 'C#2020/09/03/1599138216', 1, 'حزب الدستور -Vas - Subscription', 1, 1, 125, 'iVAS', 'El Dostor', 0, 0, '2013-11-09', 1, 1, 1, '2014-11-08', 'All countries', 'All - All', 2, 14, '1599138216-51238052.pdf', NULL, '<a href=\"https://ccms.l-sh.me/annexes?search=contract_id:equal:87\"\' class=\"btn btn-default btn-sm\" role=\"button\" aria-disabled=\"true\"><i class=\"fa fa-paper-plane\"></i></a>', '<a href=\"https://ccms.l-sh.me/authorizations?search=contract_id:equal:87\"\' class=\"btn btn-default btn-sm\" role=\"button\" aria-disabled=\"true\"><i class=\"fa fa-paper-plane\"></i></a>', '<a href=\"https://ccms.l-sh.me/copyrights?search=contract_id:equal:87\"\' class=\"btn btn-default btn-sm\" role=\"button\" aria-disabled=\"true\"><i class=\"fa fa-paper-plane\"></i></a>', 'Sayed Aref', 0, '2020-09-03 16:43:01', '2020-10-22 14:41:59', 4, 2, 0, '2013-11-09', 0),
(88, 'C#2020/09/03/1599139447', 3, 'Advances - Subscription', 1, 0, 126, 'Advances', 'iVAS', 70, 30, '2019-10-01', 1, 1, 1, '2020-09-30', 'Egypt', 'etisalat - Egypt', 2, 6, '1599139447-42408270.pdf', NULL, '<a href=\"https://ccms.l-sh.me/annexes?search=contract_id:equal:88\"\' class=\"btn btn-default btn-sm\" role=\"button\" aria-disabled=\"true\"><i class=\"fa fa-paper-plane\"></i></a>', '<a href=\"https://ccms.l-sh.me/authorizations?search=contract_id:equal:88\"\' class=\"btn btn-default btn-sm\" role=\"button\" aria-disabled=\"true\"><i class=\"fa fa-paper-plane\"></i></a>', '<a href=\"https://ccms.l-sh.me/copyrights?search=contract_id:equal:88\"\' class=\"btn btn-default btn-sm\" role=\"button\" aria-disabled=\"true\"><i class=\"fa fa-paper-plane\"></i></a>', 'Salma Adel', 0, '2020-09-03 15:24:07', '2020-10-22 14:41:59', 4, 2, 0, '2019-10-01', 0),
(89, 'C#2020/09/07/1599466792', 1, 'Adel Abdel Aal', 1, 0, 129, 'Adel Abdel Aal', 'iVAS', 40, 60, '2017-01-10', 4, 1, 1, '2022-01-09', 'All countries', 'All - All', 2, 6, '1599466792-90037248.pdf', NULL, '<a href=\"https://ccms.l-sh.me/annexes?search=contract_id:equal:89\"\' class=\"btn btn-default btn-sm\" role=\"button\" aria-disabled=\"true\"><i class=\"fa fa-paper-plane\"></i></a>', '<a href=\"https://ccms.l-sh.me/authorizations?search=contract_id:equal:89\"\' class=\"btn btn-default btn-sm\" role=\"button\" aria-disabled=\"true\"><i class=\"fa fa-paper-plane\"></i></a>', '<a href=\"https://ccms.l-sh.me/copyrights?search=contract_id:equal:89\"\' class=\"btn btn-default btn-sm\" role=\"button\" aria-disabled=\"true\"><i class=\"fa fa-paper-plane\"></i></a>', 'Salma Adel', 0, '2020-09-07 10:19:52', '2020-10-22 14:41:59', 2, 2, 0, '2017-01-10', 0),
(90, 'C#2020/09/07/1599467833', 1, 'Haitham Mazen - Social Media - Vas', 1, 1, 128, 'iVAS', 'Haitham Mazen', 60, 40, '2014-12-08', 4, 1, 1, '2019-12-07', 'All countries', 'All - All', 2, 4, '1599467833-6547562.pdf', NULL, '<a href=\"https://ccms.l-sh.me/annexes?search=contract_id:equal:90\"\' class=\"btn btn-default btn-sm\" role=\"button\" aria-disabled=\"true\"><i class=\"fa fa-paper-plane\"></i></a>', '<a href=\"https://ccms.l-sh.me/authorizations?search=contract_id:equal:90\"\' class=\"btn btn-default btn-sm\" role=\"button\" aria-disabled=\"true\"><i class=\"fa fa-paper-plane\"></i></a>', '<a href=\"https://ccms.l-sh.me/copyrights?search=contract_id:equal:90\"\' class=\"btn btn-default btn-sm\" role=\"button\" aria-disabled=\"true\"><i class=\"fa fa-paper-plane\"></i></a>', 'Salma Adel', 0, '2020-09-07 10:39:50', '2020-10-22 14:41:59', 2, 2, 0, '2014-12-08', 0),
(91, 'C#2020/09/07/1599468265', 8, 'Ahmed El Gafaly - Website - Mobile App', 1, 1, 131, 'iVAS', 'Ahmed El Gafaly', 0, 0, '2016-05-11', 6, 0, 0, '2016-06-10', 'All countries', 'All - All', 2, 6, '1599468265-58748526.pdf', NULL, '<a href=\"https://ccms.l-sh.me/annexes?search=contract_id:equal:91\"\' class=\"btn btn-default btn-sm\" role=\"button\" aria-disabled=\"true\"><i class=\"fa fa-paper-plane\"></i></a>', '<a href=\"https://ccms.l-sh.me/authorizations?search=contract_id:equal:91\"\' class=\"btn btn-default btn-sm\" role=\"button\" aria-disabled=\"true\"><i class=\"fa fa-paper-plane\"></i></a>', '<a href=\"https://ccms.l-sh.me/copyrights?search=contract_id:equal:91\"\' class=\"btn btn-default btn-sm\" role=\"button\" aria-disabled=\"true\"><i class=\"fa fa-paper-plane\"></i></a>', 'Salma Adel', 0, '2020-09-07 10:44:25', '2020-10-22 14:41:59', 6, 2, 0, '2016-05-11', 0),
(92, 'C#2020/09/07/1599468439', 9, 'Khaled Abdel Allah - Website - Mobile App', 1, 1, 130, 'iVAS', 'Khaled Abdel Allah', 0, 0, '2016-03-06', 6, 0, 0, '2016-04-05', 'All countries', 'All - All', 2, 4, '1599468439-63718214.pdf', NULL, '<a href=\"https://ccms.l-sh.me/annexes?search=contract_id:equal:92\"\' class=\"btn btn-default btn-sm\" role=\"button\" aria-disabled=\"true\"><i class=\"fa fa-paper-plane\"></i></a>', '<a href=\"https://ccms.l-sh.me/authorizations?search=contract_id:equal:92\"\' class=\"btn btn-default btn-sm\" role=\"button\" aria-disabled=\"true\"><i class=\"fa fa-paper-plane\"></i></a>', '<a href=\"https://ccms.l-sh.me/copyrights?search=contract_id:equal:92\"\' class=\"btn btn-default btn-sm\" role=\"button\" aria-disabled=\"true\"><i class=\"fa fa-paper-plane\"></i></a>', 'Salma Adel', 0, '2020-09-07 10:47:19', '2020-10-22 14:41:59', 6, 2, 0, '2016-03-06', 0),
(93, 'C#2020/09/07/1599469630', 7, 'Mosatafa Qamar - Social Media', 1, 1, 48, 'iVAS', 'Mostafa Qamar', 0, 0, '2017-05-02', 4, 1, 0, '2019-02-10', 'All countries', 'All - All', 2, 5, '1599469630-22494407.pdf', NULL, '<a href=\"https://ccms.l-sh.me/annexes?search=contract_id:equal:93\"\' class=\"btn btn-default btn-sm\" role=\"button\" aria-disabled=\"true\"><i class=\"fa fa-paper-plane\"></i></a>', '<a href=\"https://ccms.l-sh.me/authorizations?search=contract_id:equal:93\"\' class=\"btn btn-default btn-sm\" role=\"button\" aria-disabled=\"true\"><i class=\"fa fa-paper-plane\"></i></a>', '<a href=\"https://ccms.l-sh.me/copyrights?search=contract_id:equal:93\"\' class=\"btn btn-default btn-sm\" role=\"button\" aria-disabled=\"true\"><i class=\"fa fa-paper-plane\"></i></a>', 'Salma Adel', 0, '2020-09-07 11:16:21', '2020-10-22 14:41:59', 2, 2, 0, '2017-05-02', 0),
(94, 'C#2020/09/07/1599470158', 1, 'Mosatafa Qamar - Vas', 1, 0, 48, 'Mostafa Qamar', 'iVAS', 50, 50, '2017-05-02', 4, 1, 0, '2016-02-10', 'All countries', 'All - All', 2, 6, '1599470158-24191683.pdf', NULL, '<a href=\"https://ccms.l-sh.me/annexes?search=contract_id:equal:94\"\' class=\"btn btn-default btn-sm\" role=\"button\" aria-disabled=\"true\"><i class=\"fa fa-paper-plane\"></i></a>', '<a href=\"https://ccms.l-sh.me/authorizations?search=contract_id:equal:94\"\' class=\"btn btn-default btn-sm\" role=\"button\" aria-disabled=\"true\"><i class=\"fa fa-paper-plane\"></i></a>', '<a href=\"https://ccms.l-sh.me/copyrights?search=contract_id:equal:94\"\' class=\"btn btn-default btn-sm\" role=\"button\" aria-disabled=\"true\"><i class=\"fa fa-paper-plane\"></i></a>', 'Salma Adel', 0, '2020-09-07 11:15:58', '2020-10-22 14:41:59', 2, 2, 0, '2017-05-02', 0),
(95, 'C#2020/09/07/1599471280', 8, 'Mosatafa Qamar - Website - Mobile App', 1, 1, 48, 'iVAS', 'Mostafa Qamar', 0, 0, '2017-05-02', 6, 0, 0, '2019-02-10', 'All countries', 'All - All', 2, 6, '1599471280-15684008.pdf', NULL, '<a href=\"https://ccms.l-sh.me/annexes?search=contract_id:equal:95\"\' class=\"btn btn-default btn-sm\" role=\"button\" aria-disabled=\"true\"><i class=\"fa fa-paper-plane\"></i></a>', '<a href=\"https://ccms.l-sh.me/authorizations?search=contract_id:equal:95\"\' class=\"btn btn-default btn-sm\" role=\"button\" aria-disabled=\"true\"><i class=\"fa fa-paper-plane\"></i></a>', '<a href=\"https://ccms.l-sh.me/copyrights?search=contract_id:equal:95\"\' class=\"btn btn-default btn-sm\" role=\"button\" aria-disabled=\"true\"><i class=\"fa fa-paper-plane\"></i></a>', 'Mohamed Al-Qurashy', 0, '2020-10-07 20:41:22', '2020-10-22 14:41:59', 2, 2, 0, '2017-05-02', 0),
(96, 'C#2020/09/07/1599472057', 1, 'Life Connection', 1, 0, 27, 'Life Connection', 'iVAS', 50, 50, '2014-05-20', 3, 1, 1, '2017-05-19', 'Sudan', 'All - Sudan', 2, 6, '1599472057-52102901.pdf', NULL, '<a href=\"https://ccms.l-sh.me/annexes?search=contract_id:equal:96\"\' class=\"btn btn-default btn-sm\" role=\"button\" aria-disabled=\"true\"><i class=\"fa fa-paper-plane\"></i></a>', '<a href=\"https://ccms.l-sh.me/authorizations?search=contract_id:equal:96\"\' class=\"btn btn-default btn-sm\" role=\"button\" aria-disabled=\"true\"><i class=\"fa fa-paper-plane\"></i></a>', '<a href=\"https://ccms.l-sh.me/copyrights?search=contract_id:equal:96\"\' class=\"btn btn-default btn-sm\" role=\"button\" aria-disabled=\"true\"><i class=\"fa fa-paper-plane\"></i></a>', 'Salma Adel', 0, '2020-09-07 11:47:37', '2020-10-22 14:41:59', 1, 2, 0, '2014-05-20', 0),
(97, 'C#2020/09/07/1599472321', 1, 'Re Media', 1, 0, 127, 'Re Media', 'iVAS', 70, 30, '2018-02-20', 2, 2, 0, '2020-02-19', 'Egypt', 'etisalat - Egypt', 3, 6, '1599472321-87098510.pdf', NULL, '<a href=\"https://ccms.l-sh.me/annexes?search=contract_id:equal:97\"\' class=\"btn btn-default btn-sm\" role=\"button\" aria-disabled=\"true\"><i class=\"fa fa-paper-plane\"></i></a>', '<a href=\"https://ccms.l-sh.me/authorizations?search=contract_id:equal:97\"\' class=\"btn btn-default btn-sm\" role=\"button\" aria-disabled=\"true\"><i class=\"fa fa-paper-plane\"></i></a>', '<a href=\"https://ccms.l-sh.me/copyrights?search=contract_id:equal:97\"\' class=\"btn btn-default btn-sm\" role=\"button\" aria-disabled=\"true\"><i class=\"fa fa-paper-plane\"></i></a>', 'Salma Adel', 0, '2020-09-07 11:52:01', '2020-10-22 14:41:59', 4, 2, 0, '2018-02-20', 0),
(98, 'C#2020/09/07/1599472780', 1, 'Melody - Vas', 1, 1, 29, 'iVAS', 'Melody Company', 0, 0, '2015-12-01', 3, 1, 1, '2018-11-30', 'All countries', 'All - All', 2, 6, '1599472780-32979554.pdf', NULL, '<a href=\"https://ccms.l-sh.me/annexes?search=contract_id:equal:98\"\' class=\"btn btn-default btn-sm\" role=\"button\" aria-disabled=\"true\"><i class=\"fa fa-paper-plane\"></i></a>', '<a href=\"https://ccms.l-sh.me/authorizations?search=contract_id:equal:98\"\' class=\"btn btn-default btn-sm\" role=\"button\" aria-disabled=\"true\"><i class=\"fa fa-paper-plane\"></i></a>', '<a href=\"https://ccms.l-sh.me/copyrights?search=contract_id:equal:98\"\' class=\"btn btn-default btn-sm\" role=\"button\" aria-disabled=\"true\"><i class=\"fa fa-paper-plane\"></i></a>', 'Salma Adel', 0, '2020-09-07 11:59:40', '2020-10-22 14:41:59', 4, 2, 0, '2015-12-01', 0),
(99, 'C#2020/09/07/1599473874', 3, 'Lamp  Studios - Alert', 1, 0, 134, 'Lamp Studios', 'iVAS', 50, 50, '2017-02-15', 3, 1, 1, '2020-02-14', 'All countries', 'All - All', 3, 6, '1599473874-47689077.pdf', NULL, '<a href=\"https://ccms.l-sh.me/annexes?search=contract_id:equal:99\"\' class=\"btn btn-default btn-sm\" role=\"button\" aria-disabled=\"true\"><i class=\"fa fa-paper-plane\"></i></a>', '<a href=\"https://ccms.l-sh.me/authorizations?search=contract_id:equal:99\"\' class=\"btn btn-default btn-sm\" role=\"button\" aria-disabled=\"true\"><i class=\"fa fa-paper-plane\"></i></a>', '<a href=\"https://ccms.l-sh.me/copyrights?search=contract_id:equal:99\"\' class=\"btn btn-default btn-sm\" role=\"button\" aria-disabled=\"true\"><i class=\"fa fa-paper-plane\"></i></a>', 'Salma Adel', 0, '2020-09-07 12:17:54', '2020-10-22 14:41:59', 4, 2, 0, '2017-02-15', 0),
(100, 'C#2020/09/07/1599474655', 1, 'Lamp  Studios - Vas', 1, 1, 133, 'iVAS', 'Abla Fadila', 50, 50, '2017-02-13', 3, 1, 1, '2020-02-13', 'All countries', 'All - All', 2, 5, '1599474655-96651990.pdf', NULL, '<a href=\"https://ccms.l-sh.me/annexes?search=contract_id:equal:100\"\' class=\"btn btn-default btn-sm\" role=\"button\" aria-disabled=\"true\"><i class=\"fa fa-paper-plane\"></i></a>', '<a href=\"https://ccms.l-sh.me/authorizations?search=contract_id:equal:100\"\' class=\"btn btn-default btn-sm\" role=\"button\" aria-disabled=\"true\"><i class=\"fa fa-paper-plane\"></i></a>', '<a href=\"https://ccms.l-sh.me/copyrights?search=contract_id:equal:100\"\' class=\"btn btn-default btn-sm\" role=\"button\" aria-disabled=\"true\"><i class=\"fa fa-paper-plane\"></i></a>', 'Salma Adel', 0, '2020-09-07 12:30:55', '2020-10-22 14:41:59', 2, 2, 0, '2017-02-13', 0),
(101, 'C#2020/09/07/1599474657', 1, 'Lamp  Studios - Vas', 1, 1, 133, 'iVAS', 'Abla Fadila', 50, 50, '2017-02-13', 3, 1, 1, '2020-02-12', 'All countries', 'All - All', 2, 5, '1599474656-63163188.pdf', NULL, '<a href=\"https://ccms.l-sh.me/annexes?search=contract_id:equal:101\"\' class=\"btn btn-default btn-sm\" role=\"button\" aria-disabled=\"true\"><i class=\"fa fa-paper-plane\"></i></a>', '<a href=\"https://ccms.l-sh.me/authorizations?search=contract_id:equal:101\"\' class=\"btn btn-default btn-sm\" role=\"button\" aria-disabled=\"true\"><i class=\"fa fa-paper-plane\"></i></a>', '<a href=\"https://ccms.l-sh.me/copyrights?search=contract_id:equal:101\"\' class=\"btn btn-default btn-sm\" role=\"button\" aria-disabled=\"true\"><i class=\"fa fa-paper-plane\"></i></a>', 'Salma Adel', 0, '2020-09-07 12:30:57', '2020-10-22 14:41:59', 2, 2, 0, '2017-02-13', 0),
(102, 'C#2020/09/07/1599475245', 3, 'One Thousand Miles - Radio', 1, 1, 135, 'iVAS', 'One Thousand Miles', 0, 0, '2017-02-13', 6, 0, 0, '2017-03-12', 'Egypt', 'Radio - Egypt', 3, 4, '1599475245-56440972.pdf', NULL, '<a href=\"https://ccms.l-sh.me/annexes?search=contract_id:equal:102\"\' class=\"btn btn-default btn-sm\" role=\"button\" aria-disabled=\"true\"><i class=\"fa fa-paper-plane\"></i></a>', '<a href=\"https://ccms.l-sh.me/authorizations?search=contract_id:equal:102\"\' class=\"btn btn-default btn-sm\" role=\"button\" aria-disabled=\"true\"><i class=\"fa fa-paper-plane\"></i></a>', '<a href=\"https://ccms.l-sh.me/copyrights?search=contract_id:equal:102\"\' class=\"btn btn-default btn-sm\" role=\"button\" aria-disabled=\"true\"><i class=\"fa fa-paper-plane\"></i></a>', 'Salma Adel', 0, '2020-09-07 12:42:13', '2020-10-22 14:41:59', 8, 2, 0, '2017-02-13', 0),
(103, 'C#2020/09/07/1599477748', 3, 'Medhat Saleh - Audio', 1, 1, 98, 'iVAS', 'Digital Sound', 0, 0, '2019-09-01', 1, 2, 0, '2020-08-31', 'All countries', 'All - All', 2, 4, '1599477748-57880157.pdf', NULL, '<a href=\"https://ccms.l-sh.me/annexes?search=contract_id:equal:103\"\' class=\"btn btn-default btn-sm\" role=\"button\" aria-disabled=\"true\"><i class=\"fa fa-paper-plane\"></i></a>', '<a href=\"https://ccms.l-sh.me/authorizations?search=contract_id:equal:103\"\' class=\"btn btn-default btn-sm\" role=\"button\" aria-disabled=\"true\"><i class=\"fa fa-paper-plane\"></i></a>', '<a href=\"https://ccms.l-sh.me/copyrights?search=contract_id:equal:103\"\' class=\"btn btn-default btn-sm\" role=\"button\" aria-disabled=\"true\"><i class=\"fa fa-paper-plane\"></i></a>', 'Salma Adel', 0, '2020-09-16 10:34:13', '2020-10-22 14:41:59', 1, 2, 0, '2019-09-01', 0),
(104, 'C#2020/09/08/1599556637', 1, 'Carmen Soliman', 1, 0, 136, 'Carmen Soliman', 'iVAS', 50, 50, '2017-04-12', 4, 1, 1, '2022-04-11', 'All countries', 'All - All', 3, 5, '1599556637-15785098.pdf', NULL, '<a href=\"https://ccms.l-sh.me/annexes?search=contract_id:equal:104\"\' class=\"btn btn-default btn-sm\" role=\"button\" aria-disabled=\"true\"><i class=\"fa fa-paper-plane\"></i></a>', '<a href=\"https://ccms.l-sh.me/authorizations?search=contract_id:equal:104\"\' class=\"btn btn-default btn-sm\" role=\"button\" aria-disabled=\"true\"><i class=\"fa fa-paper-plane\"></i></a>', '<a href=\"https://ccms.l-sh.me/copyrights?search=contract_id:equal:104\"\' class=\"btn btn-default btn-sm\" role=\"button\" aria-disabled=\"true\"><i class=\"fa fa-paper-plane\"></i></a>', 'Salma Adel', 0, '2020-09-08 11:17:17', '2020-10-22 14:41:59', 2, 2, 0, '2017-04-12', 0),
(105, 'C#2020/09/08/1599556932', 1, 'Mahmoud Mohey', 1, 1, 138, 'iVAS', 'Mahmoud Mohey', 50, 50, '2014-07-15', 3, 1, 1, '2017-07-14', 'All countries', 'All - All', 2, 6, '1599556932-68668113.pdf', NULL, '<a href=\"https://ccms.l-sh.me/annexes?search=contract_id:equal:105\"\' class=\"btn btn-default btn-sm\" role=\"button\" aria-disabled=\"true\"><i class=\"fa fa-paper-plane\"></i></a>', '<a href=\"https://ccms.l-sh.me/authorizations?search=contract_id:equal:105\"\' class=\"btn btn-default btn-sm\" role=\"button\" aria-disabled=\"true\"><i class=\"fa fa-paper-plane\"></i></a>', '<a href=\"https://ccms.l-sh.me/copyrights?search=contract_id:equal:105\"\' class=\"btn btn-default btn-sm\" role=\"button\" aria-disabled=\"true\"><i class=\"fa fa-paper-plane\"></i></a>', 'Salma Adel', 0, '2020-09-08 11:22:12', '2020-10-22 14:41:59', 2, 2, 0, '2014-07-15', 0),
(106, 'C#2020/09/08/1599557201', 1, 'Lamiaa Abdel Aziz', 1, 1, 52, 'iVAS', 'Lamiaa Abd Al Aziz', 0, 0, '2016-06-01', 3, 1, 1, '2019-05-31', 'All countries', 'All - All', 2, 10, '1599557201-19666637.pdf', NULL, '<a href=\"https://ccms.l-sh.me/annexes?search=contract_id:equal:106\"\' class=\"btn btn-default btn-sm\" role=\"button\" aria-disabled=\"true\"><i class=\"fa fa-paper-plane\"></i></a>', '<a href=\"https://ccms.l-sh.me/authorizations?search=contract_id:equal:106\"\' class=\"btn btn-default btn-sm\" role=\"button\" aria-disabled=\"true\"><i class=\"fa fa-paper-plane\"></i></a>', '<a href=\"https://ccms.l-sh.me/copyrights?search=contract_id:equal:106\"\' class=\"btn btn-default btn-sm\" role=\"button\" aria-disabled=\"true\"><i class=\"fa fa-paper-plane\"></i></a>', 'Salma Adel', 0, '2020-09-08 11:26:41', '2020-10-22 14:41:59', 2, 2, 0, '2016-06-01', 0),
(107, 'C#2020/09/08/1599557463', 1, 'Mohamed Galal', 1, 1, 139, 'iVAS', 'Mohamed Galal', 0, 0, '2014-07-18', 4, 1, 1, '2019-07-17', 'All countries', 'All - All', 2, 6, '1599557463-9511803.pdf', NULL, '<a href=\"https://ccms.l-sh.me/annexes?search=contract_id:equal:107\"\' class=\"btn btn-default btn-sm\" role=\"button\" aria-disabled=\"true\"><i class=\"fa fa-paper-plane\"></i></a>', '<a href=\"https://ccms.l-sh.me/authorizations?search=contract_id:equal:107\"\' class=\"btn btn-default btn-sm\" role=\"button\" aria-disabled=\"true\"><i class=\"fa fa-paper-plane\"></i></a>', '<a href=\"https://ccms.l-sh.me/copyrights?search=contract_id:equal:107\"\' class=\"btn btn-default btn-sm\" role=\"button\" aria-disabled=\"true\"><i class=\"fa fa-paper-plane\"></i></a>', 'Salma Adel', 0, '2020-09-08 11:31:03', '2020-10-22 14:41:59', 2, 2, 0, '2014-07-18', 0),
(108, 'C#2020/09/08/1599557645', 1, 'Loay', 1, 1, 137, 'iVAS', 'Loay', 40, 60, '2014-10-01', 4, 2, 0, '2019-09-30', 'All countries', 'All - All', 2, 6, '1599557645-74861102.pdf', NULL, '<a href=\"https://ccms.l-sh.me/annexes?search=contract_id:equal:108\"\' class=\"btn btn-default btn-sm\" role=\"button\" aria-disabled=\"true\"><i class=\"fa fa-paper-plane\"></i></a>', '<a href=\"https://ccms.l-sh.me/authorizations?search=contract_id:equal:108\"\' class=\"btn btn-default btn-sm\" role=\"button\" aria-disabled=\"true\"><i class=\"fa fa-paper-plane\"></i></a>', '<a href=\"https://ccms.l-sh.me/copyrights?search=contract_id:equal:108\"\' class=\"btn btn-default btn-sm\" role=\"button\" aria-disabled=\"true\"><i class=\"fa fa-paper-plane\"></i></a>', 'Salma Adel', 0, '2020-09-16 10:36:24', '2020-10-22 14:41:59', 2, 2, 0, '2014-10-01', 0),
(109, 'C#2020/09/08/1599557998', 1, 'Mostafa Gad', 1, 0, 140, 'Mosatafa Gad', 'iVAS', 50, 50, '2017-04-12', 4, 1, 1, '2022-04-11', 'All countries', 'All - All', 3, 6, '1599557998-23548186.pdf', NULL, '<a href=\"https://ccms.l-sh.me/annexes?search=contract_id:equal:109\"\' class=\"btn btn-default btn-sm\" role=\"button\" aria-disabled=\"true\"><i class=\"fa fa-paper-plane\"></i></a>', '<a href=\"https://ccms.l-sh.me/authorizations?search=contract_id:equal:109\"\' class=\"btn btn-default btn-sm\" role=\"button\" aria-disabled=\"true\"><i class=\"fa fa-paper-plane\"></i></a>', '<a href=\"https://ccms.l-sh.me/copyrights?search=contract_id:equal:109\"\' class=\"btn btn-default btn-sm\" role=\"button\" aria-disabled=\"true\"><i class=\"fa fa-paper-plane\"></i></a>', 'Salma Adel', 0, '2020-09-08 11:39:58', '2020-10-22 14:41:59', 2, 2, 0, '2017-04-12', 0),
(110, 'C#2020/09/08/1599558513', 1, 'Ramzy Bshara', 1, 0, 141, 'Ramzy Bshara', 'iVAS', 60, 40, '2017-03-07', 3, 1, 1, '2020-03-06', 'All countries', 'All - All', 3, 6, '1599558513-60711845.pdf', NULL, '<a href=\"https://ccms.l-sh.me/annexes?search=contract_id:equal:110\"\' class=\"btn btn-default btn-sm\" role=\"button\" aria-disabled=\"true\"><i class=\"fa fa-paper-plane\"></i></a>', '<a href=\"https://ccms.l-sh.me/authorizations?search=contract_id:equal:110\"\' class=\"btn btn-default btn-sm\" role=\"button\" aria-disabled=\"true\"><i class=\"fa fa-paper-plane\"></i></a>', '<a href=\"https://ccms.l-sh.me/copyrights?search=contract_id:equal:110\"\' class=\"btn btn-default btn-sm\" role=\"button\" aria-disabled=\"true\"><i class=\"fa fa-paper-plane\"></i></a>', 'Salma Adel', 0, '2020-09-08 11:48:33', '2020-10-22 14:41:59', 2, 2, 0, '2017-03-07', 0),
(111, 'C#2020/09/08/1599558741', 1, 'Reda Mourad', 1, 1, 50, 'iVAS', 'Reda Murad Teama', 50, 50, '2015-09-06', 4, 1, 1, '2019-09-06', 'All countries', 'All - All', 2, 6, '1599558741-67581810.pdf', NULL, '<a href=\"https://ccms.l-sh.me/annexes?search=contract_id:equal:111\"\' class=\"btn btn-default btn-sm\" role=\"button\" aria-disabled=\"true\"><i class=\"fa fa-paper-plane\"></i></a>', '<a href=\"https://ccms.l-sh.me/authorizations?search=contract_id:equal:111\"\' class=\"btn btn-default btn-sm\" role=\"button\" aria-disabled=\"true\"><i class=\"fa fa-paper-plane\"></i></a>', '<a href=\"https://ccms.l-sh.me/copyrights?search=contract_id:equal:111\"\' class=\"btn btn-default btn-sm\" role=\"button\" aria-disabled=\"true\"><i class=\"fa fa-paper-plane\"></i></a>', 'Salma Adel', 0, '2020-09-08 11:52:21', '2020-10-22 14:41:59', 2, 2, 0, '2015-09-06', 0),
(112, 'C#2020/09/08/1599558943', 14, 'Reham Abdel Hakeem - Youtube - RBT', 1, 1, 143, 'iVAS', 'Reham Abdel Hakeem', 60, 40, '2019-12-01', 3, 1, 1, '2022-11-30', 'All countries', 'Youtube - All', 2, 5, '1599558943-8921316.pdf', NULL, '<a href=\"https://ccms.l-sh.me/annexes?search=contract_id:equal:112\"\' class=\"btn btn-default btn-sm\" role=\"button\" aria-disabled=\"true\"><i class=\"fa fa-paper-plane\"></i></a>', '<a href=\"https://ccms.l-sh.me/authorizations?search=contract_id:equal:112\"\' class=\"btn btn-default btn-sm\" role=\"button\" aria-disabled=\"true\"><i class=\"fa fa-paper-plane\"></i></a>', '<a href=\"https://ccms.l-sh.me/copyrights?search=contract_id:equal:112\"\' class=\"btn btn-default btn-sm\" role=\"button\" aria-disabled=\"true\"><i class=\"fa fa-paper-plane\"></i></a>', 'Salma Adel', 0, '2020-09-08 11:55:43', '2020-10-22 14:41:59', 2, 2, 0, '2019-12-01', 0),
(113, 'C#2020/09/08/1599559379', 14, 'Negoom Fm - Youtube', 1, 1, 82, 'iVAS', 'Negoom fm', 60, 40, '2019-07-01', 1, 2, 0, '2020-06-30', 'All countries', 'Youtube - All', 2, 4, '1599559379-58317480.pdf', NULL, '<a href=\"https://ccms.l-sh.me/annexes?search=contract_id:equal:113\"\' class=\"btn btn-default btn-sm\" role=\"button\" aria-disabled=\"true\"><i class=\"fa fa-paper-plane\"></i></a>', '<a href=\"https://ccms.l-sh.me/authorizations?search=contract_id:equal:113\"\' class=\"btn btn-default btn-sm\" role=\"button\" aria-disabled=\"true\"><i class=\"fa fa-paper-plane\"></i></a>', '<a href=\"https://ccms.l-sh.me/copyrights?search=contract_id:equal:113\"\' class=\"btn btn-default btn-sm\" role=\"button\" aria-disabled=\"true\"><i class=\"fa fa-paper-plane\"></i></a>', 'Salma Adel', 0, '2020-09-16 10:36:18', '2020-10-22 14:41:59', 8, 2, 0, '2019-07-01', 0),
(114, 'C#2020/09/09/1599648142', 1, 'Ahmed Mohamed Attia -Vas', 1, 1, 144, 'iVAS', 'Ahmed Mohamed Attia', 50, 50, '2014-12-11', 4, 1, 1, '2019-12-10', 'All countries', 'All - All', 2, 5, '1599648142-76340691.pdf', NULL, '<a href=\"https://ccms.l-sh.me/annexes?search=contract_id:equal:114\"\' class=\"btn btn-default btn-sm\" role=\"button\" aria-disabled=\"true\"><i class=\"fa fa-paper-plane\"></i></a>', '<a href=\"https://ccms.l-sh.me/authorizations?search=contract_id:equal:114\"\' class=\"btn btn-default btn-sm\" role=\"button\" aria-disabled=\"true\"><i class=\"fa fa-paper-plane\"></i></a>', '<a href=\"https://ccms.l-sh.me/copyrights?search=contract_id:equal:114\"\' class=\"btn btn-default btn-sm\" role=\"button\" aria-disabled=\"true\"><i class=\"fa fa-paper-plane\"></i></a>', 'Salma Adel', 0, '2020-09-09 12:42:22', '2020-10-22 14:41:59', 2, 2, 0, '2014-12-11', 0),
(115, 'C#2020/09/09/1599648392', 14, 'Amina Shelbaya - Youtube', 1, 1, 114, 'iVAS', 'Amina Shelbaya', 0, 0, '2013-05-21', 3, 1, 1, '2016-05-20', 'All countries', 'Youtube - All', 2, 6, '1599648392-80346375.pdf', NULL, '<a href=\"https://ccms.l-sh.me/annexes?search=contract_id:equal:115\"\' class=\"btn btn-default btn-sm\" role=\"button\" aria-disabled=\"true\"><i class=\"fa fa-paper-plane\"></i></a>', '<a href=\"https://ccms.l-sh.me/authorizations?search=contract_id:equal:115\"\' class=\"btn btn-default btn-sm\" role=\"button\" aria-disabled=\"true\"><i class=\"fa fa-paper-plane\"></i></a>', '<a href=\"https://ccms.l-sh.me/copyrights?search=contract_id:equal:115\"\' class=\"btn btn-default btn-sm\" role=\"button\" aria-disabled=\"true\"><i class=\"fa fa-paper-plane\"></i></a>', 'Salma Adel', 0, '2020-09-09 12:46:32', '2020-10-22 14:41:59', 2, 2, 0, '2013-05-21', 0),
(116, 'C#2020/09/09/1599648566', 1, 'Amina Shelbaya - Vas', 1, 1, 114, 'iVAS', 'Amina Shelbaya', 50, 50, '2014-07-07', 3, 1, 1, '2017-07-07', 'All countries', 'All - All', 2, 8, '1599648566-93373118.pdf', NULL, '<a href=\"https://ccms.l-sh.me/annexes?search=contract_id:equal:116\"\' class=\"btn btn-default btn-sm\" role=\"button\" aria-disabled=\"true\"><i class=\"fa fa-paper-plane\"></i></a>', '<a href=\"https://ccms.l-sh.me/authorizations?search=contract_id:equal:116\"\' class=\"btn btn-default btn-sm\" role=\"button\" aria-disabled=\"true\"><i class=\"fa fa-paper-plane\"></i></a>', '<a href=\"https://ccms.l-sh.me/copyrights?search=contract_id:equal:116\"\' class=\"btn btn-default btn-sm\" role=\"button\" aria-disabled=\"true\"><i class=\"fa fa-paper-plane\"></i></a>', 'Salma Adel', 0, '2020-09-09 12:49:26', '2020-10-22 14:41:59', 2, 2, 0, '2014-07-07', 0);
INSERT INTO `contracts` (`id`, `contract_code`, `service_type_id`, `contract_label`, `first_party_id`, `first_party_select`, `second_party_id`, `first_party`, `second_party`, `first_party_percentage`, `second_party_percentage`, `contract_date`, `contract_duration_id`, `renewal_status`, `contract_status`, `contract_expiry_date`, `country_title`, `operator_title`, `copies`, `pages`, `contract_pdf`, `contract_notes`, `btn_annex`, `btn_auturaisition`, `btn_copyrights`, `entry_by_details`, `entry_by`, `created_at`, `updated_at`, `second_party_type_id`, `contract_type`, `full_approves`, `contract_signed_date`, `ceo_renew`) VALUES
(117, 'C#2020/09/09/1599648795', 1, 'Ahmed El Moghazi - Vas', 1, 0, 145, 'Ahmed El Moghazi', 'iVAS', 60, 40, '2020-01-01', 3, 1, 1, '2022-12-31', 'All countries', 'All - All', 2, 5, '1599648795-73820894.pdf', NULL, '<a href=\"https://ccms.l-sh.me/annexes?search=contract_id:equal:117\"\' class=\"btn btn-default btn-sm\" role=\"button\" aria-disabled=\"true\"><i class=\"fa fa-paper-plane\"></i></a>', '<a href=\"https://ccms.l-sh.me/authorizations?search=contract_id:equal:117\"\' class=\"btn btn-default btn-sm\" role=\"button\" aria-disabled=\"true\"><i class=\"fa fa-paper-plane\"></i></a>', '<a href=\"https://ccms.l-sh.me/copyrights?search=contract_id:equal:117\"\' class=\"btn btn-default btn-sm\" role=\"button\" aria-disabled=\"true\"><i class=\"fa fa-paper-plane\"></i></a>', 'Salma Adel', 0, '2020-09-09 12:53:15', '2020-10-22 14:41:59', 2, 2, 0, '2020-01-01', 0),
(118, 'C#2020/09/09/1599648987', 1, 'Hamed Zaid', 1, 1, 142, 'iVAS', 'Hamed Zaid', 50, 50, '2014-09-09', 4, 1, 0, '2019-09-08', 'All countries', 'All - All', 2, 5, '1599648987-58677618.pdf', NULL, '<a href=\"https://ccms.l-sh.me/annexes?search=contract_id:equal:118\"\' class=\"btn btn-default btn-sm\" role=\"button\" aria-disabled=\"true\"><i class=\"fa fa-paper-plane\"></i></a>', '<a href=\"https://ccms.l-sh.me/authorizations?search=contract_id:equal:118\"\' class=\"btn btn-default btn-sm\" role=\"button\" aria-disabled=\"true\"><i class=\"fa fa-paper-plane\"></i></a>', '<a href=\"https://ccms.l-sh.me/copyrights?search=contract_id:equal:118\"\' class=\"btn btn-default btn-sm\" role=\"button\" aria-disabled=\"true\"><i class=\"fa fa-paper-plane\"></i></a>', 'Salma Adel', 0, '2020-09-09 13:01:13', '2020-10-22 14:41:59', 2, 2, 0, '2014-09-09', 0),
(119, 'C#2020/09/09/1599649523', 1, 'mesk For Islamic Production', 1, 1, 118, 'iVAS', 'Mesk Company for islamic production', 50, 50, '2014-07-14', 3, 1, 1, '2017-07-13', 'All countries', 'All - All', 2, 6, '1599649523-18617276.pdf', NULL, '<a href=\"https://ccms.l-sh.me/annexes?search=contract_id:equal:119\"\' class=\"btn btn-default btn-sm\" role=\"button\" aria-disabled=\"true\"><i class=\"fa fa-paper-plane\"></i></a>', '<a href=\"https://ccms.l-sh.me/authorizations?search=contract_id:equal:119\"\' class=\"btn btn-default btn-sm\" role=\"button\" aria-disabled=\"true\"><i class=\"fa fa-paper-plane\"></i></a>', '<a href=\"https://ccms.l-sh.me/copyrights?search=contract_id:equal:119\"\' class=\"btn btn-default btn-sm\" role=\"button\" aria-disabled=\"true\"><i class=\"fa fa-paper-plane\"></i></a>', 'Salma Adel', 0, '2020-09-09 13:05:23', '2020-10-22 14:41:59', 4, 2, 0, '2014-07-14', 0),
(120, 'C#2020/09/09/1599650675', 8, 'Kareem El Shazely - Website', 1, 1, 146, 'iVAS', 'Kareem El Shazely', 0, 0, '2016-12-22', 6, 1, 1, '2017-01-21', 'All countries', 'All - All', 2, 6, '1599650675-35152555.pdf', NULL, '<a href=\"https://ccms.l-sh.me/annexes?search=contract_id:equal:120\"\' class=\"btn btn-default btn-sm\" role=\"button\" aria-disabled=\"true\"><i class=\"fa fa-paper-plane\"></i></a>', '<a href=\"https://ccms.l-sh.me/authorizations?search=contract_id:equal:120\"\' class=\"btn btn-default btn-sm\" role=\"button\" aria-disabled=\"true\"><i class=\"fa fa-paper-plane\"></i></a>', '<a href=\"https://ccms.l-sh.me/copyrights?search=contract_id:equal:120\"\' class=\"btn btn-default btn-sm\" role=\"button\" aria-disabled=\"true\"><i class=\"fa fa-paper-plane\"></i></a>', 'Salma Adel', 0, '2020-09-09 13:24:35', '2020-10-22 14:41:59', 2, 2, 0, '2016-12-22', 0),
(121, 'C#2020/09/09/1599651113', 7, 'Kareem El Shazely - Social Media', 1, 1, 146, 'iVAS', 'Kareem El Shazely', 0, 0, '2016-12-22', 4, 1, 1, '2020-09-09', 'All countries', 'All - All', 3, 5, '1599651236-2370849.pdf', NULL, '<a href=\"https://ccms.l-sh.me/annexes?search=contract_id:equal:121\"\' class=\"btn btn-default btn-sm\" role=\"button\" aria-disabled=\"true\"><i class=\"fa fa-paper-plane\"></i></a>', '<a href=\"https://ccms.l-sh.me/authorizations?search=contract_id:equal:121\"\' class=\"btn btn-default btn-sm\" role=\"button\" aria-disabled=\"true\"><i class=\"fa fa-paper-plane\"></i></a>', '<a href=\"https://ccms.l-sh.me/copyrights?search=contract_id:equal:121\"\' class=\"btn btn-default btn-sm\" role=\"button\" aria-disabled=\"true\"><i class=\"fa fa-paper-plane\"></i></a>', 'Salma Adel', 0, '2020-09-09 13:33:56', '2020-10-22 14:41:59', 2, 2, 0, '2016-12-22', 0),
(122, 'C#2020/09/09/1599651474', 1, 'Kareem El Shazely - Vas', 1, 0, 146, 'Kareem El Shazely', 'iVAS', 50, 50, '2016-12-22', 4, 1, 1, '2021-12-21', 'All countries', 'All - All', 3, 6, '1599651473-10206276.pdf', NULL, '<a href=\"https://ccms.l-sh.me/annexes?search=contract_id:equal:122\"\' class=\"btn btn-default btn-sm\" role=\"button\" aria-disabled=\"true\"><i class=\"fa fa-paper-plane\"></i></a>', '<a href=\"https://ccms.l-sh.me/authorizations?search=contract_id:equal:122\"\' class=\"btn btn-default btn-sm\" role=\"button\" aria-disabled=\"true\"><i class=\"fa fa-paper-plane\"></i></a>', '<a href=\"https://ccms.l-sh.me/copyrights?search=contract_id:equal:122\"\' class=\"btn btn-default btn-sm\" role=\"button\" aria-disabled=\"true\"><i class=\"fa fa-paper-plane\"></i></a>', 'Salma Adel', 0, '2020-09-09 13:37:54', '2020-10-22 14:41:59', 2, 2, 0, '2016-12-22', 0),
(123, 'C#2020/09/09/1599651696', 1, 'Khaled Agag -Vas', 1, 0, 147, 'Khaled Agag', 'iVAS', 0, 0, '2019-07-29', 3, 2, 1, '2022-07-28', 'All countries', 'All - All', 2, 6, '1599651696-75808994.pdf', NULL, '<a href=\"https://ccms.l-sh.me/annexes?search=contract_id:equal:123\"\' class=\"btn btn-default btn-sm\" role=\"button\" aria-disabled=\"true\"><i class=\"fa fa-paper-plane\"></i></a>', '<a href=\"https://ccms.l-sh.me/authorizations?search=contract_id:equal:123\"\' class=\"btn btn-default btn-sm\" role=\"button\" aria-disabled=\"true\"><i class=\"fa fa-paper-plane\"></i></a>', '<a href=\"https://ccms.l-sh.me/copyrights?search=contract_id:equal:123\"\' class=\"btn btn-default btn-sm\" role=\"button\" aria-disabled=\"true\"><i class=\"fa fa-paper-plane\"></i></a>', 'Salma Adel', 0, '2020-09-09 13:41:36', '2020-10-22 14:41:59', 2, 2, 0, '2019-07-29', 0),
(124, 'C#2020/09/09/1599652679', 7, 'Medhat Saleh - Social', 1, 1, 132, 'iVAS', 'Medhat Saleh', 0, 0, '2016-01-27', 4, 1, 1, '2021-01-26', 'All countries', 'All - All', 2, 6, '1599652679-50696590.pdf', NULL, '<a href=\"https://ccms.l-sh.me/annexes?search=contract_id:equal:124\"\' class=\"btn btn-default btn-sm\" role=\"button\" aria-disabled=\"true\"><i class=\"fa fa-paper-plane\"></i></a>', '<a href=\"https://ccms.l-sh.me/authorizations?search=contract_id:equal:124\"\' class=\"btn btn-default btn-sm\" role=\"button\" aria-disabled=\"true\"><i class=\"fa fa-paper-plane\"></i></a>', '<a href=\"https://ccms.l-sh.me/copyrights?search=contract_id:equal:124\"\' class=\"btn btn-default btn-sm\" role=\"button\" aria-disabled=\"true\"><i class=\"fa fa-paper-plane\"></i></a>', 'Salma Adel', 0, '2020-09-09 13:57:59', '2020-10-22 14:41:59', 2, 2, 0, '2016-01-27', 0),
(125, 'C#2020/09/09/1599652843', 1, 'Medhat Saleh - Vas', 1, 1, 132, 'iVAS', 'Medhat Saleh', 50, 50, '2016-01-27', 4, 1, 1, '2021-01-26', 'All countries', 'All - All', 2, 5, '1599652843-44880390.pdf', NULL, '<a href=\"https://ccms.l-sh.me/annexes?search=contract_id:equal:125\"\' class=\"btn btn-default btn-sm\" role=\"button\" aria-disabled=\"true\"><i class=\"fa fa-paper-plane\"></i></a>', '<a href=\"https://ccms.l-sh.me/authorizations?search=contract_id:equal:125\"\' class=\"btn btn-default btn-sm\" role=\"button\" aria-disabled=\"true\"><i class=\"fa fa-paper-plane\"></i></a>', '<a href=\"https://ccms.l-sh.me/copyrights?search=contract_id:equal:125\"\' class=\"btn btn-default btn-sm\" role=\"button\" aria-disabled=\"true\"><i class=\"fa fa-paper-plane\"></i></a>', 'Salma Adel', 0, '2020-09-09 14:00:43', '2020-10-22 14:41:59', 2, 2, 0, '2016-01-27', 0),
(126, 'C#2020/09/09/1599653017', 3, 'Medhat Saleh - Alert', 1, 1, 132, 'iVAS', 'Medhat Saleh', 0, 0, '2016-01-27', 3, 1, 1, '2019-01-26', 'All countries', 'All - All', 2, 10, '1599653017-98401045.pdf', NULL, '<a href=\"https://ccms.l-sh.me/annexes?search=contract_id:equal:126\"\' class=\"btn btn-default btn-sm\" role=\"button\" aria-disabled=\"true\"><i class=\"fa fa-paper-plane\"></i></a>', '<a href=\"https://ccms.l-sh.me/authorizations?search=contract_id:equal:126\"\' class=\"btn btn-default btn-sm\" role=\"button\" aria-disabled=\"true\"><i class=\"fa fa-paper-plane\"></i></a>', '<a href=\"https://ccms.l-sh.me/copyrights?search=contract_id:equal:126\"\' class=\"btn btn-default btn-sm\" role=\"button\" aria-disabled=\"true\"><i class=\"fa fa-paper-plane\"></i></a>', 'Salma Adel', 0, '2020-09-09 14:03:37', '2020-10-22 14:41:59', 2, 2, 0, '2016-01-27', 0),
(127, 'C#2020/09/09/1599653740', 1, 'Mona Aamer', 1, 1, 148, 'iVAS', 'Mona Aamer', 50, 50, '2015-06-08', 1, 2, 0, '2016-06-07', 'All countries', 'All - All', 2, 11, '1599653740-54227106.pdf', NULL, '<a href=\"https://ccms.l-sh.me/annexes?search=contract_id:equal:127\"\' class=\"btn btn-default btn-sm\" role=\"button\" aria-disabled=\"true\"><i class=\"fa fa-paper-plane\"></i></a>', '<a href=\"https://ccms.l-sh.me/authorizations?search=contract_id:equal:127\"\' class=\"btn btn-default btn-sm\" role=\"button\" aria-disabled=\"true\"><i class=\"fa fa-paper-plane\"></i></a>', '<a href=\"https://ccms.l-sh.me/copyrights?search=contract_id:equal:127\"\' class=\"btn btn-default btn-sm\" role=\"button\" aria-disabled=\"true\"><i class=\"fa fa-paper-plane\"></i></a>', 'Salma Adel', 0, '2020-09-09 14:15:40', '2020-10-22 14:41:59', 2, 2, 0, '2015-06-08', 0),
(128, 'C#2020/09/09/1599653965', 1, 'Mona Abdel Ghany', 1, 1, 149, 'iVAS', 'Mona Abdel Ghany', 30, 70, '2014-12-11', 4, 1, 1, '2019-12-10', 'All countries', 'All - All', 2, 5, '1599653965-69088028.pdf', NULL, '<a href=\"https://ccms.l-sh.me/annexes?search=contract_id:equal:128\"\' class=\"btn btn-default btn-sm\" role=\"button\" aria-disabled=\"true\"><i class=\"fa fa-paper-plane\"></i></a>', '<a href=\"https://ccms.l-sh.me/authorizations?search=contract_id:equal:128\"\' class=\"btn btn-default btn-sm\" role=\"button\" aria-disabled=\"true\"><i class=\"fa fa-paper-plane\"></i></a>', '<a href=\"https://ccms.l-sh.me/copyrights?search=contract_id:equal:128\"\' class=\"btn btn-default btn-sm\" role=\"button\" aria-disabled=\"true\"><i class=\"fa fa-paper-plane\"></i></a>', 'Salma Adel', 0, '2020-09-09 14:19:25', '2020-10-22 14:41:59', 2, 2, 0, '2014-12-11', 0),
(129, 'C#2020/09/09/1599655454', 1, 'Mohamed Hedaya', 1, 1, 151, 'iVAS', 'Mohamed Hedaya', 50, 50, '2014-04-01', 3, 1, 1, '2017-03-31', 'All countries', 'All - All', 2, 6, '1599655454-86803361.pdf', NULL, '<a href=\"https://ccms.l-sh.me/annexes?search=contract_id:equal:129\"\' class=\"btn btn-default btn-sm\" role=\"button\" aria-disabled=\"true\"><i class=\"fa fa-paper-plane\"></i></a>', '<a href=\"https://ccms.l-sh.me/authorizations?search=contract_id:equal:129\"\' class=\"btn btn-default btn-sm\" role=\"button\" aria-disabled=\"true\"><i class=\"fa fa-paper-plane\"></i></a>', '<a href=\"https://ccms.l-sh.me/copyrights?search=contract_id:equal:129\"\' class=\"btn btn-default btn-sm\" role=\"button\" aria-disabled=\"true\"><i class=\"fa fa-paper-plane\"></i></a>', 'Salma Adel', 0, '2020-09-09 14:44:14', '2020-10-22 14:41:59', 2, 2, 0, '2014-04-01', 0),
(130, 'C#2020/09/09/1599655517', 1, 'Telal Fakher', 1, 1, 150, 'iVAS', 'Telal Fakher', 50, 50, '2014-04-27', 4, 1, 1, '2019-11-26', 'All countries', 'All - All', 2, 4, '1599655517-84365717.pdf', NULL, '<a href=\"https://ccms.l-sh.me/annexes?search=contract_id:equal:130\"\' class=\"btn btn-default btn-sm\" role=\"button\" aria-disabled=\"true\"><i class=\"fa fa-paper-plane\"></i></a>', '<a href=\"https://ccms.l-sh.me/authorizations?search=contract_id:equal:130\"\' class=\"btn btn-default btn-sm\" role=\"button\" aria-disabled=\"true\"><i class=\"fa fa-paper-plane\"></i></a>', '<a href=\"https://ccms.l-sh.me/copyrights?search=contract_id:equal:130\"\' class=\"btn btn-default btn-sm\" role=\"button\" aria-disabled=\"true\"><i class=\"fa fa-paper-plane\"></i></a>', 'Salma Adel', 0, '2020-09-09 14:45:17', '2020-10-22 14:41:59', 2, 2, 0, '2014-04-27', 0),
(131, 'C#2020/09/10/1599725350', 3, 'Bahaa El Din', 1, 1, 47, 'iVAS', 'Bahaa El Deen Mohammed', 0, 0, '2016-01-27', 4, 1, 1, '2021-01-26', 'All countries', 'All - All', 3, 6, '1599725350-59924780.pdf', 'الالبوم من انتاج اي فاز والاستغلال مدي الحياه', '<a href=\"https://ccms.l-sh.me/annexes?search=contract_id:equal:131\"\' class=\"btn btn-default btn-sm\" role=\"button\" aria-disabled=\"true\"><i class=\"fa fa-paper-plane\"></i></a>', '<a href=\"https://ccms.l-sh.me/authorizations?search=contract_id:equal:131\"\' class=\"btn btn-default btn-sm\" role=\"button\" aria-disabled=\"true\"><i class=\"fa fa-paper-plane\"></i></a>', '<a href=\"https://ccms.l-sh.me/copyrights?search=contract_id:equal:131\"\' class=\"btn btn-default btn-sm\" role=\"button\" aria-disabled=\"true\"><i class=\"fa fa-paper-plane\"></i></a>', 'Salma Adel', 0, '2020-09-10 10:09:10', '2020-10-22 14:41:59', 2, 2, 0, '2016-01-27', 0),
(132, 'C#2020/09/10/1599726470', 1, 'Bahaa El Din - Vas', 1, 1, 47, 'iVAS', 'Bahaa El Deen Mohammed', 35, 65, '2013-06-02', 2, 1, 1, '2015-06-01', 'Kuwait,KSA,Tunisia,Qatar,Sudan', 'All - Tunisia,All - Sudan,Vodafone - Qatar,Zain - Qatar,STC - KSA,Zain - KSA,Mobily - KSA,Qtel - Qatar,ALL - Kuwait', 2, 9, '1599726470-78325126.pdf', NULL, '<a href=\"https://ccms.l-sh.me/annexes?search=contract_id:equal:132\"\' class=\"btn btn-default btn-sm\" role=\"button\" aria-disabled=\"true\"><i class=\"fa fa-paper-plane\"></i></a>', '<a href=\"https://ccms.l-sh.me/authorizations?search=contract_id:equal:132\"\' class=\"btn btn-default btn-sm\" role=\"button\" aria-disabled=\"true\"><i class=\"fa fa-paper-plane\"></i></a>', '<a href=\"https://ccms.l-sh.me/copyrights?search=contract_id:equal:132\"\' class=\"btn btn-default btn-sm\" role=\"button\" aria-disabled=\"true\"><i class=\"fa fa-paper-plane\"></i></a>', 'Salma Adel', 0, '2020-09-10 10:46:28', '2020-10-22 14:41:59', 2, 2, 0, '2013-06-02', 0),
(133, 'C#2020/09/10/1599728298', 8, 'Ahmed El Talhey -Website', 1, 1, 152, 'iVAS', 'Ahmed El Talhey', 0, 0, '2017-02-06', 6, 1, 1, '2017-03-05', 'All countries', 'All - All', 3, 7, '1599728298-19809302.pdf', NULL, '<a href=\"https://ccms.l-sh.me/annexes?search=contract_id:equal:133\"\' class=\"btn btn-default btn-sm\" role=\"button\" aria-disabled=\"true\"><i class=\"fa fa-paper-plane\"></i></a>', '<a href=\"https://ccms.l-sh.me/authorizations?search=contract_id:equal:133\"\' class=\"btn btn-default btn-sm\" role=\"button\" aria-disabled=\"true\"><i class=\"fa fa-paper-plane\"></i></a>', '<a href=\"https://ccms.l-sh.me/copyrights?search=contract_id:equal:133\"\' class=\"btn btn-default btn-sm\" role=\"button\" aria-disabled=\"true\"><i class=\"fa fa-paper-plane\"></i></a>', 'Salma Adel', 0, '2020-09-10 10:58:18', '2020-10-22 14:41:59', 2, 2, 0, '2017-02-06', 0),
(134, 'C#2020/09/10/1599730336', 3, 'Mashary Rashed & High Quality ( Audio ) 1', 1, 1, 28, 'iVAS', 'Mashary Rashed Al Afasy', 0, 0, '2002-09-24', 4, 1, 1, '2027-09-23', 'Egypt', 'All - Egypt', 2, 6, '1599730336-726817.pdf', 'مده هذا العقد 25 سنه', '<a href=\"https://ccms.l-sh.me/annexes?search=contract_id:equal:134\"\' class=\"btn btn-default btn-sm\" role=\"button\" aria-disabled=\"true\"><i class=\"fa fa-paper-plane\"></i></a>', '<a href=\"https://ccms.l-sh.me/authorizations?search=contract_id:equal:134\"\' class=\"btn btn-default btn-sm\" role=\"button\" aria-disabled=\"true\"><i class=\"fa fa-paper-plane\"></i></a>', '<a href=\"https://ccms.l-sh.me/copyrights?search=contract_id:equal:134\"\' class=\"btn btn-default btn-sm\" role=\"button\" aria-disabled=\"true\"><i class=\"fa fa-paper-plane\"></i></a>', 'Salma Adel', 0, '2020-09-10 11:45:41', '2020-10-22 14:41:59', 2, 2, 0, '2002-09-24', 0),
(135, 'C#2020/09/10/1599731110', 3, 'Mashary Rashed & High Quality ( Audio ) 2', 1, 1, 28, 'iVAS', 'Mashary Rashed Al Afasy', 0, 0, '2003-07-01', 4, 1, 1, '2028-06-30', 'All countries', 'All - All', 2, 8, '1599731110-95339794.pdf', 'كل الدول ماعدا الكويت', '<a href=\"https://ccms.l-sh.me/annexes?search=contract_id:equal:135\"\' class=\"btn btn-default btn-sm\" role=\"button\" aria-disabled=\"true\"><i class=\"fa fa-paper-plane\"></i></a>', '<a href=\"https://ccms.l-sh.me/authorizations?search=contract_id:equal:135\"\' class=\"btn btn-default btn-sm\" role=\"button\" aria-disabled=\"true\"><i class=\"fa fa-paper-plane\"></i></a>', '<a href=\"https://ccms.l-sh.me/copyrights?search=contract_id:equal:135\"\' class=\"btn btn-default btn-sm\" role=\"button\" aria-disabled=\"true\"><i class=\"fa fa-paper-plane\"></i></a>', 'Salma Adel', 0, '2020-09-10 11:45:10', '2020-10-22 14:41:59', 2, 2, 0, '2003-07-01', 0),
(136, 'C#2020/09/10/1599733742', 1, 'Mashary Rashed & High Quality - Vas', 1, 1, 28, 'iVAS', 'Mashary Rashed Al Afasy', 50, 50, '2014-09-05', 4, 1, 1, '2019-09-04', 'All countries', 'All - All', 2, 8, '1599733742-82467649.pdf', NULL, '<a href=\"https://ccms.l-sh.me/annexes?search=contract_id:equal:136\"\' class=\"btn btn-default btn-sm\" role=\"button\" aria-disabled=\"true\"><i class=\"fa fa-paper-plane\"></i></a>', '<a href=\"https://ccms.l-sh.me/authorizations?search=contract_id:equal:136\"\' class=\"btn btn-default btn-sm\" role=\"button\" aria-disabled=\"true\"><i class=\"fa fa-paper-plane\"></i></a>', '<a href=\"https://ccms.l-sh.me/copyrights?search=contract_id:equal:136\"\' class=\"btn btn-default btn-sm\" role=\"button\" aria-disabled=\"true\"><i class=\"fa fa-paper-plane\"></i></a>', 'Salma Adel', 0, '2020-09-10 12:29:02', '2020-10-22 14:41:59', 2, 2, 0, '2014-09-05', 0),
(137, 'C#2020/09/10/1599736917', 3, 'Aiwa Gulf - Mashary Rashed', 1, 1, 28, 'iVAS', 'Mashary Rashed Al Afasy', 0, 0, '2006-07-18', 3, 1, 1, '2009-07-18', 'All countries', 'All - All', 2, 6, '1599736917-77066175.pdf', NULL, '<a href=\"https://ccms.l-sh.me/annexes?search=contract_id:equal:137\"\' class=\"btn btn-default btn-sm\" role=\"button\" aria-disabled=\"true\"><i class=\"fa fa-paper-plane\"></i></a>', '<a href=\"https://ccms.l-sh.me/authorizations?search=contract_id:equal:137\"\' class=\"btn btn-default btn-sm\" role=\"button\" aria-disabled=\"true\"><i class=\"fa fa-paper-plane\"></i></a>', '<a href=\"https://ccms.l-sh.me/copyrights?search=contract_id:equal:137\"\' class=\"btn btn-default btn-sm\" role=\"button\" aria-disabled=\"true\"><i class=\"fa fa-paper-plane\"></i></a>', 'Salma Adel', 0, '2020-09-10 13:21:57', '2020-10-22 14:41:59', 2, 2, 0, '2006-07-18', 0),
(138, 'C#2020/09/10/1599749784', 7, 'ابو شعر الاخوه -  Ivas -Social Media', 1, 1, 153, 'iVAS', 'Abou Sha3r`s Brothers', 0, 0, '2017-02-07', 4, 1, 1, '2022-02-06', 'All countries', 'All - All', 3, 7, '1599749784-56554161.pdf', NULL, '<a href=\"https://ccms.l-sh.me/annexes?search=contract_id:equal:138\"\' class=\"btn btn-default btn-sm\" role=\"button\" aria-disabled=\"true\"><i class=\"fa fa-paper-plane\"></i></a>', '<a href=\"https://ccms.l-sh.me/authorizations?search=contract_id:equal:138\"\' class=\"btn btn-default btn-sm\" role=\"button\" aria-disabled=\"true\"><i class=\"fa fa-paper-plane\"></i></a>', '<a href=\"https://ccms.l-sh.me/copyrights?search=contract_id:equal:138\"\' class=\"btn btn-default btn-sm\" role=\"button\" aria-disabled=\"true\"><i class=\"fa fa-paper-plane\"></i></a>', 'Salma Adel', 0, '2020-09-10 16:56:24', '2020-10-22 14:41:59', 2, 2, 0, '2017-02-07', 0),
(139, 'C#2020/09/10/1599749943', 8, 'عبد الرحمن ابو شعر - Ivas - Website&Mobile App', 1, 1, 153, 'iVAS', 'Abou Sha3r`s Brothers', 0, 0, '2017-02-06', 6, 1, 1, '2017-03-05', 'All countries', 'All - All', 3, 7, '1599749943-99469030.pdf', NULL, '<a href=\"https://ccms.l-sh.me/annexes?search=contract_id:equal:139\"\' class=\"btn btn-default btn-sm\" role=\"button\" aria-disabled=\"true\"><i class=\"fa fa-paper-plane\"></i></a>', '<a href=\"https://ccms.l-sh.me/authorizations?search=contract_id:equal:139\"\' class=\"btn btn-default btn-sm\" role=\"button\" aria-disabled=\"true\"><i class=\"fa fa-paper-plane\"></i></a>', '<a href=\"https://ccms.l-sh.me/copyrights?search=contract_id:equal:139\"\' class=\"btn btn-default btn-sm\" role=\"button\" aria-disabled=\"true\"><i class=\"fa fa-paper-plane\"></i></a>', 'Salma Adel', 0, '2020-09-10 16:59:03', '2020-10-22 14:41:59', 2, 2, 0, '2017-02-06', 0),
(140, 'C#2020/09/10/1599750157', 1, 'ابو شعر الاخوه -  Ivas - Vas', 1, 0, 153, 'Abou Sha3r`s Brothers', 'iVAS', 50, 50, '2017-02-07', 4, 1, 1, '2022-02-06', 'All countries', 'All - All', 3, 6, '1599750157-81110028.pdf', NULL, '<a href=\"https://ccms.l-sh.me/annexes?search=contract_id:equal:140\"\' class=\"btn btn-default btn-sm\" role=\"button\" aria-disabled=\"true\"><i class=\"fa fa-paper-plane\"></i></a>', '<a href=\"https://ccms.l-sh.me/authorizations?search=contract_id:equal:140\"\' class=\"btn btn-default btn-sm\" role=\"button\" aria-disabled=\"true\"><i class=\"fa fa-paper-plane\"></i></a>', '<a href=\"https://ccms.l-sh.me/copyrights?search=contract_id:equal:140\"\' class=\"btn btn-default btn-sm\" role=\"button\" aria-disabled=\"true\"><i class=\"fa fa-paper-plane\"></i></a>', 'Salma Adel', 0, '2020-09-10 17:02:37', '2020-10-22 14:41:59', 2, 2, 0, '2017-02-07', 0),
(141, 'C#2020/09/10/1599750399', 8, 'ابو شعر الاخوه -  Ivas - Website', 1, 1, 153, 'iVAS', 'Abou Sha3r`s Brothers', 0, 0, '2017-02-07', 6, 1, 1, '2017-03-06', 'All countries', 'All - All', 2, 6, '1599750399-25746676.pdf', NULL, '<a href=\"https://ccms.l-sh.me/annexes?search=contract_id:equal:141\"\' class=\"btn btn-default btn-sm\" role=\"button\" aria-disabled=\"true\"><i class=\"fa fa-paper-plane\"></i></a>', '<a href=\"https://ccms.l-sh.me/authorizations?search=contract_id:equal:141\"\' class=\"btn btn-default btn-sm\" role=\"button\" aria-disabled=\"true\"><i class=\"fa fa-paper-plane\"></i></a>', '<a href=\"https://ccms.l-sh.me/copyrights?search=contract_id:equal:141\"\' class=\"btn btn-default btn-sm\" role=\"button\" aria-disabled=\"true\"><i class=\"fa fa-paper-plane\"></i></a>', 'Salma Adel', 0, '2020-09-10 17:06:39', '2020-10-22 14:41:59', 2, 2, 0, '2017-02-07', 0),
(142, 'C#2020/09/10/1599750822', 1, 'بهاء الدين ابو شعر  -  Ivas - Vas', 1, 1, 153, 'iVAS', 'Abou Sha3r`s Brothers', 50, 50, '2015-01-26', 4, 1, 1, '2025-01-25', 'All countries', 'All - All', 2, 6, '1599750822-21431195.pdf', 'مده العقد 10 سنوات ويجدد تلقائيا', '<a href=\"https://ccms.l-sh.me/annexes?search=contract_id:equal:142\"\' class=\"btn btn-default btn-sm\" role=\"button\" aria-disabled=\"true\"><i class=\"fa fa-paper-plane\"></i></a>', '<a href=\"https://ccms.l-sh.me/authorizations?search=contract_id:equal:142\"\' class=\"btn btn-default btn-sm\" role=\"button\" aria-disabled=\"true\"><i class=\"fa fa-paper-plane\"></i></a>', '<a href=\"https://ccms.l-sh.me/copyrights?search=contract_id:equal:142\"\' class=\"btn btn-default btn-sm\" role=\"button\" aria-disabled=\"true\"><i class=\"fa fa-paper-plane\"></i></a>', 'Salma Adel', 0, '2020-09-10 17:13:42', '2020-10-22 14:41:59', 2, 2, 0, '2015-01-26', 0),
(143, 'C#2020/09/15/1600179900', 2, 'Media World - RBT', 2, 0, 154, 'Media World', 'DigiZone', 20, 80, '2019-04-01', 1, 1, 1, '2020-03-31', 'Iraq', 'Zain - Iraq', 2, 11, '1600179900-902767.pdf', NULL, '<a href=\"https://ccms.l-sh.me/annexes?search=contract_id:equal:143\"\' class=\"btn btn-default btn-sm\" role=\"button\" aria-disabled=\"true\"><i class=\"fa fa-paper-plane\"></i></a>', '<a href=\"https://ccms.l-sh.me/authorizations?search=contract_id:equal:143\"\' class=\"btn btn-default btn-sm\" role=\"button\" aria-disabled=\"true\"><i class=\"fa fa-paper-plane\"></i></a>', '<a href=\"https://ccms.l-sh.me/copyrights?search=contract_id:equal:143\"\' class=\"btn btn-default btn-sm\" role=\"button\" aria-disabled=\"true\"><i class=\"fa fa-paper-plane\"></i></a>', 'Salma Adel', 0, '2020-09-15 16:27:06', '2020-10-22 14:41:59', 4, 2, 0, '2019-04-01', 0),
(144, 'C#2020/09/15/1600182066', 1, 'ARPU - Ivas', 1, 1, 32, 'iVAS', 'ARPU', 70, 30, '2017-01-01', 1, 2, 0, '2019-12-31', 'Egypt,Moroco,Algeria,Qatar', 'Mobinil - Egypt,Vodafone - Egypt,Meditel - Morocco,Inwi - Morocco,Djezzy - Algeria,Vodafone - Qatar,Etisalat - Moroco,Mobilis - Algeria', 2, 15, '1600182066-61286791.pdf', NULL, '<a href=\"https://ccms.l-sh.me/annexes?search=contract_id:equal:144\"\' class=\"btn btn-default btn-sm\" role=\"button\" aria-disabled=\"true\"><i class=\"fa fa-paper-plane\"></i></a>', '<a href=\"https://ccms.l-sh.me/authorizations?search=contract_id:equal:144\"\' class=\"btn btn-default btn-sm\" role=\"button\" aria-disabled=\"true\"><i class=\"fa fa-paper-plane\"></i></a>', '<a href=\"https://ccms.l-sh.me/copyrights?search=contract_id:equal:144\"\' class=\"btn btn-default btn-sm\" role=\"button\" aria-disabled=\"true\"><i class=\"fa fa-paper-plane\"></i></a>', 'Salma Adel', 0, '2020-09-16 10:44:19', '2020-10-22 14:41:59', 1, 2, 0, '2017-01-01', 0),
(145, 'C#2020/09/15/1600182570', 1, 'ARPU - Ivas - Etisalat', 1, 0, 155, 'ARPU', 'iVAS', 70, 30, '2017-07-01', 1, 2, 0, '2018-06-30', 'Egypt', 'etisalat - Egypt', 2, 19, '1600182570-9993020.pdf', NULL, '<a href=\"https://ccms.l-sh.me/annexes?search=contract_id:equal:145\"\' class=\"btn btn-default btn-sm\" role=\"button\" aria-disabled=\"true\"><i class=\"fa fa-paper-plane\"></i></a>', '<a href=\"https://ccms.l-sh.me/authorizations?search=contract_id:equal:145\"\' class=\"btn btn-default btn-sm\" role=\"button\" aria-disabled=\"true\"><i class=\"fa fa-paper-plane\"></i></a>', '<a href=\"https://ccms.l-sh.me/copyrights?search=contract_id:equal:145\"\' class=\"btn btn-default btn-sm\" role=\"button\" aria-disabled=\"true\"><i class=\"fa fa-paper-plane\"></i></a>', 'Salma Adel', 0, '2020-09-15 17:09:30', '2020-10-22 14:41:59', 4, 2, 0, '2017-07-01', 0),
(146, 'C#2020/09/15/1600183136', 4, 'ARPU - Ivas -Sms', 1, 1, 32, 'iVAS', 'ARPU', 70, 30, '2018-11-01', 1, 2, 0, '2019-10-31', 'Egypt', 'Mobinil - Egypt', 2, 4, '1600183136-48566267.pdf', NULL, '<a href=\"https://ccms.l-sh.me/annexes?search=contract_id:equal:146\"\' class=\"btn btn-default btn-sm\" role=\"button\" aria-disabled=\"true\"><i class=\"fa fa-paper-plane\"></i></a>', '<a href=\"https://ccms.l-sh.me/authorizations?search=contract_id:equal:146\"\' class=\"btn btn-default btn-sm\" role=\"button\" aria-disabled=\"true\"><i class=\"fa fa-paper-plane\"></i></a>', '<a href=\"https://ccms.l-sh.me/copyrights?search=contract_id:equal:146\"\' class=\"btn btn-default btn-sm\" role=\"button\" aria-disabled=\"true\"><i class=\"fa fa-paper-plane\"></i></a>', 'Salma Adel', 0, '2020-09-15 17:18:56', '2020-10-22 14:41:59', 1, 2, 0, '2018-11-01', 0),
(147, 'C#2020/09/15/1600183565', 4, 'ARPU - Ivas -Sms 2', 1, 1, 32, 'iVAS', 'ARPU', 70, 30, '2018-04-01', 1, 2, 0, '2019-03-31', 'Egypt', 'Mobinil - Egypt', 2, 5, '1600183565-21354936.pdf', NULL, '<a href=\"https://ccms.l-sh.me/annexes?search=contract_id:equal:147\"\' class=\"btn btn-default btn-sm\" role=\"button\" aria-disabled=\"true\"><i class=\"fa fa-paper-plane\"></i></a>', '<a href=\"https://ccms.l-sh.me/authorizations?search=contract_id:equal:147\"\' class=\"btn btn-default btn-sm\" role=\"button\" aria-disabled=\"true\"><i class=\"fa fa-paper-plane\"></i></a>', '<a href=\"https://ccms.l-sh.me/copyrights?search=contract_id:equal:147\"\' class=\"btn btn-default btn-sm\" role=\"button\" aria-disabled=\"true\"><i class=\"fa fa-paper-plane\"></i></a>', 'Salma Adel', 0, '2020-09-15 17:26:05', '2020-10-22 14:41:59', 1, 2, 0, '2018-04-01', 0),
(148, 'C#2020/09/23/1600851351', 1, 'Aamer El Mohalhal', 1, 1, 156, 'iVAS', 'Aamer El Mohalhal', 50, 50, '2015-06-01', 3, 0, 0, '2018-05-31', 'All countries', 'All - All', 2, 11, '1600851351-16469813.pdf', 'All countries except Saudi Arabia', '<a href=\"https://ccms.l-sh.me/annexes?search=contract_id:equal:148\"\' class=\"btn btn-default btn-sm\" role=\"button\" aria-disabled=\"true\"><i class=\"fa fa-paper-plane\"></i></a>', '<a href=\"https://ccms.l-sh.me/authorizations?search=contract_id:equal:148\"\' class=\"btn btn-default btn-sm\" role=\"button\" aria-disabled=\"true\"><i class=\"fa fa-paper-plane\"></i></a>', '<a href=\"https://ccms.l-sh.me/copyrights?search=contract_id:equal:148\"\' class=\"btn btn-default btn-sm\" role=\"button\" aria-disabled=\"true\"><i class=\"fa fa-paper-plane\"></i></a>', 'Salma Adel', 0, '2020-09-23 10:55:51', '2020-10-22 14:41:59', 2, 2, 0, '2015-06-01', 0),
(149, 'C#2020/09/23/1600851482', 1, 'Ahmed El Talhey - Vas Service', 1, 0, 152, 'Ahmed El Talhey', 'iVAS', 50, 50, '2017-02-06', 4, 1, 1, '2022-02-05', 'All countries', 'All - All', 3, 6, '1600851482-48967167.pdf', NULL, '<a href=\"https://ccms.l-sh.me/annexes?search=contract_id:equal:149\"\' class=\"btn btn-default btn-sm\" role=\"button\" aria-disabled=\"true\"><i class=\"fa fa-paper-plane\"></i></a>', '<a href=\"https://ccms.l-sh.me/authorizations?search=contract_id:equal:149\"\' class=\"btn btn-default btn-sm\" role=\"button\" aria-disabled=\"true\"><i class=\"fa fa-paper-plane\"></i></a>', '<a href=\"https://ccms.l-sh.me/copyrights?search=contract_id:equal:149\"\' class=\"btn btn-default btn-sm\" role=\"button\" aria-disabled=\"true\"><i class=\"fa fa-paper-plane\"></i></a>', 'Salma Adel', 0, '2020-09-23 10:58:02', '2020-10-22 14:41:59', 2, 2, 0, '2017-02-06', 0),
(150, 'C#2020/09/23/1600851577', 7, 'Ahmed El Talhey - Social Media', 1, 1, 152, 'iVAS', 'Ahmed El Talhey', 0, 0, '2017-02-06', 4, 1, 1, '2022-02-05', 'All countries', 'All - All', 3, 6, '1600851577-79018427.pdf', NULL, '<a href=\"https://ccms.l-sh.me/annexes?search=contract_id:equal:150\"\' class=\"btn btn-default btn-sm\" role=\"button\" aria-disabled=\"true\"><i class=\"fa fa-paper-plane\"></i></a>', '<a href=\"https://ccms.l-sh.me/authorizations?search=contract_id:equal:150\"\' class=\"btn btn-default btn-sm\" role=\"button\" aria-disabled=\"true\"><i class=\"fa fa-paper-plane\"></i></a>', '<a href=\"https://ccms.l-sh.me/copyrights?search=contract_id:equal:150\"\' class=\"btn btn-default btn-sm\" role=\"button\" aria-disabled=\"true\"><i class=\"fa fa-paper-plane\"></i></a>', 'Salma Adel', 0, '2020-09-23 10:59:37', '2020-10-22 14:41:59', 2, 2, 0, '2017-02-06', 0),
(151, 'C#2020/09/27/1601215116', 1, 'Hany Shaker - Waleed Mounir', 1, 0, 157, 'Hany Shaker', 'iVAS', 0, 0, '2020-01-01', 3, 1, 1, '2022-12-31', 'All countries', 'All - All', 3, 6, '1601215116-73312791.pdf', 'العقد بين 3 اطراف هما (هانى شاكر- وليد منير - اي فاز)ونسبه كلا الطرفين 30% واي فاز 40% ا', '<a href=\"https://ccms.l-sh.me/annexes?search=contract_id:equal:151\"\' class=\"btn btn-default btn-sm\" role=\"button\" aria-disabled=\"true\"><i class=\"fa fa-paper-plane\"></i></a>', '<a href=\"https://ccms.l-sh.me/authorizations?search=contract_id:equal:151\"\' class=\"btn btn-default btn-sm\" role=\"button\" aria-disabled=\"true\"><i class=\"fa fa-paper-plane\"></i></a>', '<a href=\"https://ccms.l-sh.me/copyrights?search=contract_id:equal:151\"\' class=\"btn btn-default btn-sm\" role=\"button\" aria-disabled=\"true\"><i class=\"fa fa-paper-plane\"></i></a>', 'Salma Adel', 0, '2020-09-27 21:58:36', '2020-10-22 14:41:59', 2, 2, 0, '2020-01-01', 0),
(152, 'C#2020/09/28/1601295016', 1, 'Silat solution', 2, 1, 158, 'DigiZone', 'Silat solution', 80, 20, '2020-04-01', 1, 1, 1, '2021-03-31', 'Jordan', 'Umniah - Jordan', 2, 9, '1601295016-50754005.pdf', NULL, '<a href=\"https://ccms.l-sh.me/annexes?search=contract_id:equal:152\"\' class=\"btn btn-default btn-sm\" role=\"button\" aria-disabled=\"true\"><i class=\"fa fa-paper-plane\"></i></a>', '<a href=\"https://ccms.l-sh.me/authorizations?search=contract_id:equal:152\"\' class=\"btn btn-default btn-sm\" role=\"button\" aria-disabled=\"true\"><i class=\"fa fa-paper-plane\"></i></a>', '<a href=\"https://ccms.l-sh.me/copyrights?search=contract_id:equal:152\"\' class=\"btn btn-default btn-sm\" role=\"button\" aria-disabled=\"true\"><i class=\"fa fa-paper-plane\"></i></a>', 'Mohamed Al-Qurashy', 0, '2020-09-28 20:54:37', '2020-10-22 14:41:59', 1, 2, 0, '2020-04-01', 0),
(153, 'C#2020/09/28/1601299418', 4, 'Timwe', 2, 0, 36, 'Tim We Qatar', 'DigiZone', 15, 85, '2020-09-16', 2, 1, 1, '2022-09-15', 'UAE', 'Ooredoo - Qatar', 2, 25, '1601299418-41253251.pdf', NULL, '<a href=\"https://ccms.l-sh.me/annexes?search=contract_id:equal:153\"\' class=\"btn btn-default btn-sm\" role=\"button\" aria-disabled=\"true\"><i class=\"fa fa-paper-plane\"></i></a>', '<a href=\"https://ccms.l-sh.me/authorizations?search=contract_id:equal:153\"\' class=\"btn btn-default btn-sm\" role=\"button\" aria-disabled=\"true\"><i class=\"fa fa-paper-plane\"></i></a>', '<a href=\"https://ccms.l-sh.me/copyrights?search=contract_id:equal:153\"\' class=\"btn btn-default btn-sm\" role=\"button\" aria-disabled=\"true\"><i class=\"fa fa-paper-plane\"></i></a>', 'Mohamed Al-Qurashy', 0, '2020-09-28 21:23:38', '2020-10-22 14:41:59', 1, 2, 0, '2020-09-16', 0),
(154, 'C#2020/10/06/1601981479', 2, 'Zed Malaysia - RBT', 1, 0, 159, 'ZED', 'iVAS', 70, 30, '2015-01-18', 1, 2, 0, '2016-01-17', 'Algeria,Singapore,Malaysia', 'Digi - Malaysia,Celcom - Malaysia,Maxis - Malaysia,U Mobile - Malaysia', 2, 11, '1601981479-26406323.pdf', NULL, '<a href=\"https://ccms.l-sh.me/annexes?search=contract_id:equal:154\"\' class=\"btn btn-default btn-sm\" role=\"button\" aria-disabled=\"true\"><i class=\"fa fa-paper-plane\"></i></a>', '<a href=\"https://ccms.l-sh.me/authorizations?search=contract_id:equal:154\"\' class=\"btn btn-default btn-sm\" role=\"button\" aria-disabled=\"true\"><i class=\"fa fa-paper-plane\"></i></a>', '<a href=\"https://ccms.l-sh.me/copyrights?search=contract_id:equal:154\"\' class=\"btn btn-default btn-sm\" role=\"button\" aria-disabled=\"true\"><i class=\"fa fa-paper-plane\"></i></a>', 'Salma Adel', 0, '2020-10-06 18:51:19', '2020-10-22 14:41:59', 1, 2, 0, '2015-01-18', 0),
(155, 'C#2020/10/06/1601982862', 1, 'First Imaginarium Nigeria - Vas', 1, 0, 160, 'First Imaginarium', 'iVAS', 0, 0, '2014-05-28', 3, 1, 1, '2017-05-27', 'Nigeria', 'ALL - Nigeria', 2, 8, '1601982862-65055588.pdf', NULL, '<a href=\"https://ccms.l-sh.me/annexes?search=contract_id:equal:155\"\' class=\"btn btn-default btn-sm\" role=\"button\" aria-disabled=\"true\"><i class=\"fa fa-paper-plane\"></i></a>', '<a href=\"https://ccms.l-sh.me/authorizations?search=contract_id:equal:155\"\' class=\"btn btn-default btn-sm\" role=\"button\" aria-disabled=\"true\"><i class=\"fa fa-paper-plane\"></i></a>', '<a href=\"https://ccms.l-sh.me/copyrights?search=contract_id:equal:155\"\' class=\"btn btn-default btn-sm\" role=\"button\" aria-disabled=\"true\"><i class=\"fa fa-paper-plane\"></i></a>', 'Salma Adel', 0, '2020-10-06 19:15:23', '2020-10-22 14:41:59', 1, 2, 0, '2014-05-28', 0),
(156, 'C#2020/10/06/1601989496', 1, 'Al Jareed Jordan - Vas', 1, 0, 161, 'Al Jareed', 'iVAS', 0, 0, '2014-10-01', 1, 1, 1, '2015-09-30', 'Jordan,Iraq', 'All - Iraq,ALL - Jordan', 2, 11, '1601989496-79201562.pdf', NULL, '<a href=\"https://ccms.l-sh.me/annexes?search=contract_id:equal:156\"\' class=\"btn btn-default btn-sm\" role=\"button\" aria-disabled=\"true\"><i class=\"fa fa-paper-plane\"></i></a>', '<a href=\"https://ccms.l-sh.me/authorizations?search=contract_id:equal:156\"\' class=\"btn btn-default btn-sm\" role=\"button\" aria-disabled=\"true\"><i class=\"fa fa-paper-plane\"></i></a>', '<a href=\"https://ccms.l-sh.me/copyrights?search=contract_id:equal:156\"\' class=\"btn btn-default btn-sm\" role=\"button\" aria-disabled=\"true\"><i class=\"fa fa-paper-plane\"></i></a>', 'Salma Adel', 0, '2020-10-06 21:04:56', '2020-10-22 14:41:59', 1, 2, 0, '2014-10-01', 0),
(157, 'C#2020/10/06/1601994195', 4, 'Omani Qatar Tele', 1, 0, 162, 'Omani Qatari Tele', 'iVAS', 0, 0, '2014-10-01', 3, 1, 1, '2017-09-30', 'Oman', 'Omai Qatari Tele - Oman', 2, 14, '1601994195-92248350.pdf', NULL, '<a href=\"https://ccms.l-sh.me/annexes?search=contract_id:equal:157\"\' class=\"btn btn-default btn-sm\" role=\"button\" aria-disabled=\"true\"><i class=\"fa fa-paper-plane\"></i></a>', '<a href=\"https://ccms.l-sh.me/authorizations?search=contract_id:equal:157\"\' class=\"btn btn-default btn-sm\" role=\"button\" aria-disabled=\"true\"><i class=\"fa fa-paper-plane\"></i></a>', '<a href=\"https://ccms.l-sh.me/copyrights?search=contract_id:equal:157\"\' class=\"btn btn-default btn-sm\" role=\"button\" aria-disabled=\"true\"><i class=\"fa fa-paper-plane\"></i></a>', 'Salma Adel', 0, '2020-10-06 22:23:15', '2020-10-22 14:41:59', 3, 2, 0, '2014-10-01', 0),
(158, 'C#2020/10/19/1603108139', 2, 'Sameh Abdel Megeed - RBT', 1, 0, 163, 'Sameh Abdel Megeed', 'iVAS', 0, 0, '2020-09-24', 3, 1, 1, '2023-09-23', 'All countries', 'All - All', 2, 5, '1603108139-10574412.pdf', NULL, '<a href=\"https://ccms.l-sh.me/annexes?search=contract_id:equal:158\"\' class=\"btn btn-default btn-sm\" role=\"button\" aria-disabled=\"true\"><i class=\"fa fa-paper-plane\"></i></a>', '<a href=\"https://ccms.l-sh.me/authorizations?search=contract_id:equal:158\"\' class=\"btn btn-default btn-sm\" role=\"button\" aria-disabled=\"true\"><i class=\"fa fa-paper-plane\"></i></a>', '<a href=\"https://ccms.l-sh.me/copyrights?search=contract_id:equal:158\"\' class=\"btn btn-default btn-sm\" role=\"button\" aria-disabled=\"true\"><i class=\"fa fa-paper-plane\"></i></a>', 'Salma Adel', 0, '2020-10-19 17:48:59', '2020-10-19 17:48:59', 4, 2, 0, '2020-09-24', 0),
(159, 'C#2020/10/19/1603110291', 2, 'Mohamed Ali Ibrahim - RBT', 1, 0, 164, 'Mohamed Ali Ibrahim', 'iVAS', 50, 50, '2020-09-13', 3, 1, 1, '2023-09-12', 'All countries', 'All - All', 2, 5, '1603110291-71705354.pdf', NULL, '<a href=\"https://ccms.l-sh.me/annexes?search=contract_id:equal:159\"\' class=\"btn btn-default btn-sm\" role=\"button\" aria-disabled=\"true\"><i class=\"fa fa-paper-plane\"></i></a>', '<a href=\"https://ccms.l-sh.me/authorizations?search=contract_id:equal:159\"\' class=\"btn btn-default btn-sm\" role=\"button\" aria-disabled=\"true\"><i class=\"fa fa-paper-plane\"></i></a>', '<a href=\"https://ccms.l-sh.me/copyrights?search=contract_id:equal:159\"\' class=\"btn btn-default btn-sm\" role=\"button\" aria-disabled=\"true\"><i class=\"fa fa-paper-plane\"></i></a>', 'Salma Adel', 0, '2020-10-19 18:24:51', '2020-10-19 18:24:51', 4, 2, 0, '2020-09-13', 0),
(160, 'C#2020/10/19/1603110603', 4, 'Mohamed Ali Ibrahim - Portal', 1, 0, 164, 'Mohamed Ali Ibrahim', 'iVAS', 50, 50, '2020-09-13', 3, 1, 1, '2023-09-12', 'All countries', 'All - All', 2, 6, '1603110603-79935719.pdf', 'sms -portal-mobile app-subscription', '<a href=\"https://ccms.l-sh.me/annexes?search=contract_id:equal:160\"\' class=\"btn btn-default btn-sm\" role=\"button\" aria-disabled=\"true\"><i class=\"fa fa-paper-plane\"></i></a>', '<a href=\"https://ccms.l-sh.me/authorizations?search=contract_id:equal:160\"\' class=\"btn btn-default btn-sm\" role=\"button\" aria-disabled=\"true\"><i class=\"fa fa-paper-plane\"></i></a>', '<a href=\"https://ccms.l-sh.me/copyrights?search=contract_id:equal:160\"\' class=\"btn btn-default btn-sm\" role=\"button\" aria-disabled=\"true\"><i class=\"fa fa-paper-plane\"></i></a>', 'Salma Adel', 0, '2020-10-19 18:30:03', '2020-10-19 18:30:03', 4, 2, 0, '2020-09-13', 0),
(161, 'C#2020/10/19/1603110820', 15, 'Mohamed Ali Ibrahim - Digital Platform', 1, 0, 164, 'Mohamed Ali Ibrahim', 'iVAS', 50, 50, '2020-09-13', 3, 1, 1, '2023-09-12', 'All countries', 'All - All,Digital Media Platforms - All countries', 2, 6, '1603110863-15544289.pdf', NULL, '<a href=\"https://ccms.l-sh.me/annexes?search=contract_id:equal:161\"\' class=\"btn btn-default btn-sm\" role=\"button\" aria-disabled=\"true\"><i class=\"fa fa-paper-plane\"></i></a>', '<a href=\"https://ccms.l-sh.me/authorizations?search=contract_id:equal:161\"\' class=\"btn btn-default btn-sm\" role=\"button\" aria-disabled=\"true\"><i class=\"fa fa-paper-plane\"></i></a>', '<a href=\"https://ccms.l-sh.me/copyrights?search=contract_id:equal:161\"\' class=\"btn btn-default btn-sm\" role=\"button\" aria-disabled=\"true\"><i class=\"fa fa-paper-plane\"></i></a>', 'Salma Adel', 0, '2020-10-19 18:34:23', '2020-10-19 18:33:40', 4, 2, 0, '2020-09-13', 0),
(162, 'C#2020/10/19/1603110990', 14, 'Mohamed Ali Ibrahim - Youtube', 2, 1, 164, 'DigiZone', 'Mohamed Ali Ibrahim', 50, 50, '2020-09-13', 3, 1, 1, '2023-09-12', 'All countries', 'Youtube - All', 2, 3, '1603110990-70757243.pdf', NULL, '<a href=\"https://ccms.l-sh.me/annexes?search=contract_id:equal:162\"\' class=\"btn btn-default btn-sm\" role=\"button\" aria-disabled=\"true\"><i class=\"fa fa-paper-plane\"></i></a>', '<a href=\"https://ccms.l-sh.me/authorizations?search=contract_id:equal:162\"\' class=\"btn btn-default btn-sm\" role=\"button\" aria-disabled=\"true\"><i class=\"fa fa-paper-plane\"></i></a>', '<a href=\"https://ccms.l-sh.me/copyrights?search=contract_id:equal:162\"\' class=\"btn btn-default btn-sm\" role=\"button\" aria-disabled=\"true\"><i class=\"fa fa-paper-plane\"></i></a>', 'Salma Adel', 0, '2020-10-19 18:36:30', '2020-10-19 18:36:30', 4, 2, 0, '2020-09-13', 0),
(163, 'C#2020/10/19/1603114492', 2, 'Marawan El Dokany- RBT', 1, 0, 165, 'Marawan El Dokany', 'iVAS', 50, 50, '2020-09-10', 3, 1, 1, '2023-09-09', 'All countries', 'All - All', 2, 5, '1603114492-86701806.pdf', NULL, '<a href=\"https://ccms.l-sh.me/annexes?search=contract_id:equal:163\"\' class=\"btn btn-default btn-sm\" role=\"button\" aria-disabled=\"true\"><i class=\"fa fa-paper-plane\"></i></a>', '<a href=\"https://ccms.l-sh.me/authorizations?search=contract_id:equal:163\"\' class=\"btn btn-default btn-sm\" role=\"button\" aria-disabled=\"true\"><i class=\"fa fa-paper-plane\"></i></a>', '<a href=\"https://ccms.l-sh.me/copyrights?search=contract_id:equal:163\"\' class=\"btn btn-default btn-sm\" role=\"button\" aria-disabled=\"true\"><i class=\"fa fa-paper-plane\"></i></a>', 'Salma Adel', 0, '2020-10-19 19:34:52', '2020-10-19 19:34:52', 2, 2, 0, '2020-09-10', 0),
(164, 'C#2020/10/19/1603114583', 1, 'Marawan El Dokany- All Service', 1, 0, 165, 'Marawan El Dokany', 'iVAS', 0, 0, '2020-09-10', 3, 1, 1, '2023-09-09', 'All countries', 'All - All', 2, 5, '1603114583-70253386.pdf', NULL, '<a href=\"https://ccms.l-sh.me/annexes?search=contract_id:equal:164\"\' class=\"btn btn-default btn-sm\" role=\"button\" aria-disabled=\"true\"><i class=\"fa fa-paper-plane\"></i></a>', '<a href=\"https://ccms.l-sh.me/authorizations?search=contract_id:equal:164\"\' class=\"btn btn-default btn-sm\" role=\"button\" aria-disabled=\"true\"><i class=\"fa fa-paper-plane\"></i></a>', '<a href=\"https://ccms.l-sh.me/copyrights?search=contract_id:equal:164\"\' class=\"btn btn-default btn-sm\" role=\"button\" aria-disabled=\"true\"><i class=\"fa fa-paper-plane\"></i></a>', 'Salma Adel', 0, '2020-10-19 19:36:23', '2020-10-19 19:36:23', 2, 2, 0, '2020-09-10', 0),
(168, 'C#2020/10/28/1603883434', 1, 'ARPU - Ivr - Sms Service', 1, 0, 32, '', '', 50, 50, '2014-07-01', 1, 2, 0, '2015-06-30', 'Egypt', 'All - Egypt', 2, 5, '1603883434.pdf', NULL, NULL, NULL, NULL, 'Salma', 0, '2020-10-28 15:10:34', '2020-10-28 15:10:34', 1, 1, 0, '2014-07-01', 0),
(170, 'C#2020/11/01/1604232912', 1, 'ARPU - Vas', 1, 1, 155, '', '', 70, 30, '2017-01-01', 1, 2, 0, '2018-07-31', 'Egypt,Moroco,Algeria,Qatar', 'Mobinil - Egypt,Vodafone - Egypt,Meditel - Morocco,Inwi - Morocco,Djezzy - Algeria,Vodafone - Qatar,Etisalat - Moroco,Mobilis - Algeria', 2, 6, '1604232912.pdf', NULL, NULL, NULL, NULL, 'Salma', 0, '2020-11-01 17:15:12', '2020-11-01 17:15:12', 4, 1, 0, '2017-01-01', 0),
(171, 'C#2020/11/01/1604235740', 4, 'ARPU - Sms', 1, 1, 32, '', '', 0, 100, '2018-04-01', 1, 0, 0, '2019-03-31', 'Egypt', 'Mobinil - Egypt', 2, 5, '1604235740.pdf', NULL, NULL, NULL, NULL, 'Salma', 0, '2020-11-01 18:02:20', '2020-11-01 18:02:20', 1, 1, 0, '2018-04-01', 0),
(172, 'C#2020/11/01/1604237342', 1, 'ARPU - Vas', 1, 1, 32, '', '', 50, 50, '2014-10-01', 1, 2, 0, '2015-09-30', 'Egypt,Moroco,Algeria,Qatar', 'Mobinil - Egypt,Vodafone - Egypt,Meditel - Morocco,Inwi - Morocco,Djezzy - Algeria,Vodafone - Qatar,Etisalat - Moroco', 2, 6, '1604237342.pdf', NULL, NULL, NULL, NULL, 'Salma', 0, '2020-11-01 18:29:02', '2020-11-01 18:29:02', 1, 1, 0, '2014-10-01', 0);

-- --------------------------------------------------------

--
-- Table structure for table `contract_duration`
--

CREATE TABLE `contract_duration` (
  `contract_duration_id` bigint(20) UNSIGNED NOT NULL,
  `contract_duration_title` varchar(100) COLLATE utf8mb4_unicode_ci NOT NULL DEFAULT 'add a duration',
  `created_at` timestamp NULL DEFAULT NULL,
  `updated_at` timestamp NULL DEFAULT NULL
) ENGINE=InnoDB DEFAULT CHARSET=utf8mb4 COLLATE=utf8mb4_unicode_ci;

--
-- Dumping data for table `contract_duration`
--

INSERT INTO `contract_duration` (`contract_duration_id`, `contract_duration_title`, `created_at`, `updated_at`) VALUES
(1, '1 Year', NULL, NULL),
(2, '2 Years', NULL, NULL),
(3, '3 Years', NULL, NULL),
(4, '5 Years', NULL, NULL),
(8, '3 monthes', NULL, NULL),
(9, '6 monthes', NULL, NULL),
(10, '25 years', NULL, NULL);

-- --------------------------------------------------------

--
-- Table structure for table `contract_items`
--

CREATE TABLE `contract_items` (
  `id` int(10) UNSIGNED NOT NULL,
  `item` text COLLATE utf8mb4_unicode_ci NOT NULL,
  `department_ids` varchar(191) COLLATE utf8mb4_unicode_ci NOT NULL,
  `contract_id` bigint(20) UNSIGNED NOT NULL,
  `created_at` timestamp NULL DEFAULT NULL,
  `updated_at` timestamp NULL DEFAULT NULL,
  `fullapproves` int(11) NOT NULL DEFAULT 0 COMMENT '1-allApproved 0-notApproved'
) ENGINE=InnoDB DEFAULT CHARSET=utf8mb4 COLLATE=utf8mb4_unicode_ci;

--
-- Dumping data for table `contract_items`
--

INSERT INTO `contract_items` (`id`, `item`, `department_ids`, `contract_id`, `created_at`, `updated_at`, `fullapproves`) VALUES
(1, '<p class=\"MsoNormal\" dir=\"RTL\" style=\"text-align: right; break-after: avoid;\"><b><span lang=\"AR-SA\" style=\"font-size:\r\n            14.0pt\"> أنه فى يوم <span id=\"signed_date\">٢٠٢٠/١٠/٢٥</span> الموافق </span></b><b><span lang=\"AR-SA\" style=\"font-size:14.0pt;mso-bidi-language:AR-SA;mso-no-proof:no\"> <span id=\"day_name\">الأحد</span> تحرر هذا\r\n                    العقد بين كل من:<o:p></o:p></span></b></p>\r\n        <p class=\"MsoNormal\" dir=\"RTL\" style=\"mso-pagination:none;page-break-after:avoid;\r\n            tab-stops:60.7pt\"><b><span lang=\"AR-SA\" style=\"font-size:14.0pt;\">\r\n                    <o:p> </o:p>\r\n                </span></b></p>\r\n        <p class=\"MsoNormal\" dir=\"RTL\" style=\"text-align: right; margin-right: 40.2pt; text-indent: -20.1pt; line-height: 115%; break-after: avoid;\"><span lang=\"AR-SA\" style=\"font-size:14.0pt;line-height:115%;\"> أولا: السادة / شركة <span id=\"first_part_name\">DigiZone\r\n                                        </span>\r\n                .<o:p></o:p></span></p>\r\n        <p class=\"MsoNormal\" dir=\"RTL\" style=\"text-align: right; margin-right: 40.2pt; text-indent: -20.1pt; line-height: 115%; break-after: avoid;\"><span lang=\"AR-SA\" style=\"font-size:14.0pt;line-height:115%;\"> الكائن مقرها في <span id=\"first_part_address\">mohandssen-dokki</span>\r\n                و لها سجل تجارى رقم <span id=\"first_commercial_register_no\">454554</span> و\r\n                بطاقة ضريبية رقم <span id=\"first_tax_card_no\">45454</span>، و يمثلها فى هذا العقد السيد\r\n                <span id=\"first_part_person\">haytham</span> بصفته <span id=\"first_part_character\">ceo</span>.</span><span dir=\"LTR\"></span><span dir=\"LTR\"></span><span lang=\"AR-SA\" dir=\"LTR\" style=\"font-size:14.0pt;line-height:\r\n            115%;mso-no-proof:no\"><span dir=\"LTR\"></span><span dir=\"LTR\"></span> </span><span lang=\"AR-EG\" style=\"font-size:14.0pt;line-height:115%;mso-no-proof:no\">\r\n                <o:p></o:p>\r\n            </span></p>\r\n        <p class=\"MsoNormal\" dir=\"RTL\" style=\"margin-right:40.2pt;text-indent:-20.1pt;\r\n            line-height:115%;mso-pagination:none;page-break-after:avoid;tab-stops:60.7pt\"><span lang=\"AR-EG\" style=\"font-size:14.0pt;line-height:115%;\"></span><span lang=\"AR-SA\" style=\"font-size:14.0pt;line-height:115%;\">\r\n                (ويشار إليه بالطرف\r\n                الأول)<o:p></o:p></span></p>\r\n        <p class=\"MsoNormal\" align=\"right\" dir=\"RTL\" style=\"margin-right: 20.1pt; text-indent: -20.1pt; line-height: 115%; break-after: avoid;\"><span lang=\"AR-SA\" style=\"font-size:14.0pt;line-height:\r\n            115%;\">\r\n                <o:p> </o:p>\r\n            </span></p>\r\n        <p class=\"MsoNormal\" dir=\"RTL\" style=\"text-align: right; margin-right: 40.2pt; text-indent: -20.1pt; line-height: 115%; break-after: avoid;\"><span lang=\"AR-SA\" style=\"font-size:14.0pt;\r\n            line-height:115%;\">ثانيا: </span><span lang=\"AR-SA\" style=\"font-size:14.0pt;line-height:115%;mso-bidi-language:AR-SA;\"> السادة / شركة <span id=\"second_part_name\">Melody Company</span> .</span></p>\r\n        <p class=\"MsoNormal\" dir=\"RTL\" style=\"text-align: right; margin-right: 40.2pt; text-indent: -20.1pt; line-height: 115%; break-after: avoid;\"><span lang=\"AR-SA\" style=\"font-size:14.0pt;line-height:115%;\"> الكائن مقرها في <span id=\"second_part_address\">kuwait</span> و لها سجل تجارى رقم <span id=\"second_commercial_register_no\">777</span> و\r\n                بطاقة ضريبية رقم <span id=\"second_tax_card_no\">888</span>و يمثلها فى هذا العقد السيد\r\n                <span id=\"second_part_person\">مشاري</span> بصفته <span id=\"second_part_character\">contnet owner</span>.</span><span dir=\"LTR\"></span><span dir=\"LTR\"></span><span lang=\"AR-SA\" dir=\"LTR\" style=\"font-size:14.0pt;line-height:\r\n            115%;mso-no-proof:no\"><span dir=\"LTR\"></span><span dir=\"LTR\"></span> </span><span lang=\"AR-EG\" style=\"font-size:14.0pt;line-height:115%;\"></span></p>\r\n        <p class=\"MsoNormal\" dir=\"RTL\" style=\"margin-right:40.2pt;text-indent:-20.1pt;\r\n            line-height:115%;mso-pagination:none;page-break-after:avoid;tab-stops:60.7pt\"><span lang=\"AR-EG\" style=\"font-size:14.0pt;line-height:115%;mso-no-proof:no\"></span><span lang=\"AR-SA\" style=\"font-size:14.0pt;line-height:115%;mso-bidi-language:AR-SA;\"> (ويشار إليه بالطرف الثاني)<o:p></o:p></span>\r\n        </p>', '1,2', 8, '2020-10-18 14:21:25', '2020-10-18 14:29:14', 1),
(2, '<div style=\"margin-right:-1.15pt;text-align: right;\">\r\n<p class=\"MsoNormal\" align=\"center\" dir=\"RTL\" style=\"text-align:center;line-height:\r\n150%\">\r\n<b><u><span lang=\"AR-EG\" style=\"font-size:14.0pt;line-height:150%\">\r\nتمهيـــــد</span></u></b>\r\n</p>\r\n<p class=\"MsoNormal\" align=\"right\" dir=\"RTL\" style=\"text-align: right; line-height: 150%;font-size:14.0pt;\">\r\nالطرف الأول قدم نفسه على أنه هو حاصل على حقوق استغلال مجموعة من المصنفات الفنية والمدرج بيانها في ملاحق او تفويضات هذا العقد ، بما يمكنه من التعاقد عليها و منح الطرف الثانى حق إتاحتها عبر خدمة الـ <span id=\"services\"></span> بشكل حصرى على شبكة  <span id=\"operators\"></span>\r\n</p>\r\n<p class=\"MsoNormal\" align=\"right\" dir=\"RTL\" style=\"text-align: right; line-height: 150%;font-size:14.0pt;\">\r\nوحيث أن الطرف الثاني يعمل فى مجال تقديم خدمات القيمة المضافة للهاتف المحمول .</p>\r\n<p class=\"MsoNormal\" align=\"right\" dir=\"RTL\" style=\"text-align: right; line-height: 150%;font-size:14.0pt;\">\r\nولما رغب الطرفان فى التعاون فيما بينهما فقد إتفق وتراضى الطرفان بعد أن أقر كل منهما بأهليته القانونية للتعاقد وخلو إرادته من كافة عيوب الرضا على ما يلى:</p>\r\n<div></div></div>', '', 8, '2020-10-18 14:21:27', '2020-10-18 14:21:27', 1),
(3, '<p class=\"MsoNormal\" align=\"center\" dir=\"RTL\" style=\"text-align:center;line-height:\r\n150%\"><b><u><span lang=\"AR-EG\" style=\"font-size:14.0pt;line-height:150%\">البند\r\nالأول<o:p></o:p></span></u></b></p>\r\n\r\n<p class=\"MsoNormal\" dir=\"RTL\" style=\"margin-right:.25in;text-align:justify;\r\nline-height:115%;mso-pagination:none;page-break-after:avoid;tab-stops:60.7pt\"><span lang=\"AR-SA\" style=\"font-size:14.0pt;line-height:115%;mso-bidi-language:AR-SA;\r\nmso-no-proof:no\">يعتبر التمهيد السابق جزء لا يتجزأ من هذا العقد ومتمما له\r\nولأحكامة ولا يفسر بدونه.<o:p></o:p></span></p>', '', 8, '2020-10-18 14:21:27', '2020-10-18 14:21:27', 1),
(4, '<p class=\"MsoNormal\" align=\"center\" dir=\"RTL\" style=\"text-align:center;line-height:\r\n150%\"><b><u><span lang=\"AR-EG\" style=\"font-size:14.0pt;line-height:150%\">البند\r\nالثانى<o:p></o:p></span></u></b></p>\r\n\r\n<p class=\"MsoNormal\" dir=\"RTL\" style=\"font-size:14.0pt;text-align: right; margin-right: 0.25in; line-height: 115%; break-after: avoid;\"><br></p><p class=\"MsoNormal\" dir=\"RTL\" style=\"text-align: right; margin-right: 0.25in; line-height: 115%; break-after: avoid;font-size:14.0pt;\">منح الطرف الأول الطرف الثانى بموجب هذا العقد الحق الحصرى في إستغلال والتراخيص باستغلال الأغاني والمصنفات الفنية المتضمنه فى ملاحق هذا العقد وكذا المقاطع الغنائية الخاصة بها وصور المطرب المؤدي لها للاستغلال عبر شبكة <span id=\"operators\"></span>             ، بحيث يقوم الطرف الثانى بإستغلالها بشكل حصرى على شبكة <span id=\"operators\"></span>                               بإستخدام خدمات التفاعل الصوتى عبر الهاتف ( خدمة رنين المتصل RBT ) لمستخدمى تلك الخدمات وبحيث يتمكن مستخدم الخدمة من إستغلال المصنفات الفنية بكافة أشكالها للاستماع  عبر الـ RBT  خدمة الكول تون .</p><div style=\"text-align: right;\"><br></div>', '', 8, '2020-10-18 14:21:27', '2020-10-18 14:21:27', 1),
(5, '<p class=\"MsoNormal\" align=\"center\" dir=\"RTL\" style=\"text-align:center;line-height:\r\n150%\"><b><u><span lang=\"AR-EG\" style=\"font-size:14.0pt;line-height:150%\">البند\r\nالثالث</span></u></b><span lang=\"AR-SA\" style=\"font-size:14.0pt;line-height:150%;\r\nmso-bidi-language:AR-SA;mso-no-proof:no\"><o:p></o:p></span></p>\r\n\r\n<p class=\"MsoNormal\" dir=\"RTL\" style=\"margin-right:.25in;text-align:justify;\r\nline-height:115%;tab-stops:60.7pt\"><span lang=\"AR-SA\" style=\"font-size:14.0pt;\r\nline-height:115%;mso-bidi-language:AR-SA;mso-no-proof:no\">مقابل الحقوق الممنوحة\r\nمن الطرف الأول للطرف الثانى فى البند الثانى أعلاه يقوم الطرف الثاني بإعطاء\r\nالطرف الأول نسبة تعادل        % (          بالمائة) من صافى الدخل ويعتبر صافى\r\nالدخل هو العائدات النقدية المحصلة والمحققة من تقديم الخدمات محل العقد بعد خصم\r\nحصة شركات الاتصالات وأى مصاريف حكومية خاصة بنشاط خدمات القيمة المضافة على أن\r\nتتم المحاسبة بصفة شهريه ، هذا ويتم إحتساب حصة الطرف الأول بناء على التقارير\r\nالتى تصدر عن شركات الاتصالات والتى تعتبر نهائية وملزمة للطرفين والتى يحق للطرف\r\nالاول الاطلاع عليها ومراجعتها ، مع التزام الطرف الثانى بإرسال تقارير شهرية من\r\nواقع التقارير المالية الصادره عن شركات الاتصالات خلال 10 ايام من تاريخ استلامها\r\nحتى يتسنى للطرف الاول تقديم فاتورة مطالبة لإستلام حصته من صافى الايرادات .<o:p></o:p></span></p>', '', 8, '2020-10-18 14:21:27', '2020-10-18 14:21:27', 1),
(6, '<p class=\"MsoNormal\" align=\"center\" dir=\"RTL\" style=\"text-align:center;line-height:\r\n150%\"><b><u><span lang=\"AR-EG\" style=\"font-size:14.0pt;line-height:150%\">البند\r\nالرابع</span></u></b><span lang=\"AR-SA\" style=\"font-size:14.0pt;line-height:150%;\r\nmso-bidi-language:AR-SA;mso-no-proof:no\"><o:p></o:p></span></p><p class=\"MsoNormal\" align=\"center\" dir=\"RTL\" style=\"text-align:center;line-height:\r\n150%\">\r\n\r\n</p><p class=\"MsoNormal\" dir=\"RTL\" style=\"margin-right:.25in;text-align:justify;\r\nline-height:115%;mso-pagination:none;page-break-after:avoid;tab-stops:60.7pt\"><span lang=\"AR-SA\" style=\"font-size:14.0pt;line-height:115%;mso-bidi-language:AR-SA;\r\nmso-no-proof:no\">يتعهد الطرف الأول بأنه يمتلك كافة حقوق استغلال المصنفات\r\nالمذكورة فى تمهيد هذا العقد بما فيها تحويلها وبثها واستخدامها للتليفون المحمول\r\nوبأنه يمتلك الحق بترخيص تلك الحقوق للطرف الثانى ويتعهد بمسئوليته الكاملة أمام\r\nأى طرف ثالث قد يدعى أى حقوق له على تلك المصنفات بما فيهم المؤلفين والملحنين\r\nبحيث لا يكون الطرف الثاني مسؤولا عن أية قضايا أو منازعات تقام علي الطرف الأول\r\nلأسباب  تتعلق بمنحه للطرف الثانى الحقوق\r\nالواردة بهذا العقد، وبحيث يتحمل الطرف الأول المسئولية كاملة في كل قضايا أو\r\nمنازعات تقام علي الطرف الثاني لأسباب تتعلق بمضمون أو محتوى أو ملكية تلك\r\nالمصنفات.</span><span dir=\"LTR\" style=\"font-size:14.0pt;line-height:115%;\r\nmso-bidi-language:AR-SA;mso-no-proof:no\"><o:p></o:p></span></p>', '', 8, '2020-10-18 14:21:27', '2020-10-18 14:21:27', 1),
(7, '<p class=\"MsoNormal\" align=\"center\" dir=\"RTL\" style=\"text-align:center;line-height:\r\n150%\"><b><u><span lang=\"AR-EG\" style=\"font-size:14.0pt;line-height:150%\">البند\r\nالخامس</span></u></b><span lang=\"AR-EG\" style=\"font-size:14.0pt;line-height:150%;\r\nmso-no-proof:no\"><o:p></o:p></span></p>\r\n\r\n<p class=\"MsoNormal\" dir=\"RTL\" style=\"margin-right:.25in;text-align:justify;\r\nline-height:115%;mso-pagination:none;page-break-after:avoid;tab-stops:60.7pt\"><span lang=\"AR-SA\" style=\"font-size:14.0pt;line-height:115%;mso-bidi-language:AR-SA;\r\nmso-no-proof:no\">مدة هذا العقد   <span id=\"peroid\"></span> سنه ميلادية وتتجدد تلقائيا ما لم يخطر أحد الطرفين الآخر\r\nبرغبته فى عدم التجديد قبل نهايتها بشهر على الأقل.<o:p></o:p></span></p>', '', 8, '2020-10-18 14:21:27', '2020-10-18 14:21:27', 1),
(8, '<p class=\"MsoNormal\" align=\"center\" dir=\"RTL\" style=\"text-align:center;line-height:150%\"><b><u><span style=\"font-size:14.0pt;line-height:150%\">البند\r\nالسادس</span></u></b><span lang=\"AR-SA\" style=\"font-size:14.0pt;line-height:150%;\"></span></p>\r\n\r\n<p class=\"MsoNormal\" align=\"center\" dir=\"RTL\" style=\"text-align:center;line-height:\r\n150%\"><b><u></u></b><b><u><span style=\"font-size:14.0pt;line-height:150%\">سرية المعلومات</span></u></b></p>\r\n\r\n<p class=\"MsoNormal\" dir=\"RTL\" style=\"margin-right:.25in;text-align:justify;\r\nline-height:115%;tab-stops:60.7pt\"><span lang=\"AR-SA\" style=\"font-size:14.0pt;line-height:115%;\">يلتزم كل طرف ويتعهد للطرف الآخر بالمحافظة على سرية جميع\r\nالمعلومات التى تصل إليه بصفته طرفاً فى هذا العقد ويتعهد بأن يبذل قصارى جهده لكي\r\nيحافظ هو وموظفيه والأشخاص التابعين له على سرية هذه المعلومات ، ولا يجوز لأي من\r\nطرفي العقد إفشاء أو إستخدام أي من الأسرار التى قد يطلع عليها بموجب هذا العقد\r\nإلا بعد الحصول على الموافقة الكتابية المسبقة للطرف الآخر.</span></p>', '', 8, '2020-10-18 14:21:27', '2020-10-18 14:21:27', 1),
(9, '<p class=\"MsoNormal\" align=\"center\" dir=\"RTL\" style=\"text-align:center;line-height:\r\n150%\"><b><u><span lang=\"AR-EG\" style=\"font-size:14.0pt;line-height:150%\">البند\r\nالسابع ( التنازل عن العقد )</span></u></b></p>\r\n\r\n<p class=\"MsoNormal\" dir=\"RTL\" style=\"margin-right:.25in;text-align:justify;\r\nline-height:115%;mso-pagination:none;page-break-after:avoid;tab-stops:60.7pt\"><span lang=\"AR-SA\" style=\"font-size:14.0pt;line-height:115%;mso-bidi-language:AR-SA;\r\nmso-no-proof:no\">لا يحق للطرفين التنازل أو حوالة هذا العقد أو اي من حقوقه\r\nالواردة فيه أو ملحقاته الي اى طرف آخر الا بعد موافقة الطرف الاخر كتابتة على ذلك\r\n.<o:p></o:p></span></p>', '', 8, '2020-10-18 14:21:27', '2020-10-18 14:21:27', 1),
(10, '<p class=\"MsoNormal\" align=\"center\" dir=\"RTL\" style=\"text-align:center;line-height:\r\n150%\"><b><u><span lang=\"AR-EG\" style=\"font-size:14.0pt;line-height:150%\">البند\r\nالثامن ( انهاء العقد )<o:p></o:p></span></u></b></p>\r\n\r\n<p class=\"MsoNormal\" dir=\"RTL\" style=\"margin-right:.25in;text-align:justify;\r\nline-height:115%;mso-pagination:none;page-break-after:avoid;tab-stops:60.7pt\"><span lang=\"AR-SA\" style=\"font-size:14.0pt;line-height:115%;mso-bidi-language:AR-SA;\r\nmso-no-proof:no\">1- عند إنتهاء العقد ، يتوقف الطرف الثانى عن إستغلال محتوى\r\nالطرف الاول , وتقديم كشف الحساب الخاص بالخدمة إلى الطرف الاول حتى تاريخ إنتهاء\r\nالخدمة .</span><span dir=\"LTR\" style=\"font-size:14.0pt;line-height:115%;\r\nmso-bidi-language:AR-SA;mso-no-proof:no\"><o:p></o:p></span></p>\r\n\r\n<p class=\"MsoNormal\" dir=\"RTL\" style=\"margin-right:.25in;text-align:justify;\r\nline-height:115%;mso-pagination:none;page-break-after:avoid;tab-stops:60.7pt\"><span dir=\"RTL\"></span><span dir=\"RTL\"></span><span lang=\"AR-SA\" style=\"font-size:14.0pt;\r\nline-height:115%;mso-bidi-language:AR-SA;mso-no-proof:no\"><span dir=\"RTL\"></span><span dir=\"RTL\"></span>2- إتفق الطرفان على أن الحالات التّالية تعتبر من قبيل الظّروف\r\nالإستثنائيّة أو القوة القاهرة التى تبرّر الإنهاء السّابق من قبل الطّرف الآخر:\r\nالإفلاس، خلال الفترات الإستثنائية كالحروب، الكوارث، الأضطرابات ، تعيين قيم أو\r\nمصفى أو حارس قضائى.</span><span dir=\"LTR\" style=\"font-size:14.0pt;line-height:\r\n115%;mso-bidi-language:AR-SA;mso-no-proof:no\"><o:p></o:p></span></p>\r\n\r\n<p class=\"MsoNormal\" dir=\"RTL\" style=\"margin-right:.25in;text-align:justify;\r\nline-height:115%;mso-pagination:none;page-break-after:avoid;tab-stops:60.7pt\"><span dir=\"RTL\"></span><span dir=\"RTL\"></span><span lang=\"AR-SA\" style=\"font-size:14.0pt;\r\nline-height:115%;mso-bidi-language:AR-SA;mso-no-proof:no\"><span dir=\"RTL\"></span><span dir=\"RTL\"></span>3- يحق لأي من الطرفين إنهاء هذا العقد فوراً ودون الحاجة إلى\r\nإنذار أو أعذار أو إتخاذ أي إجراء قانونى أو قضائى آخر فى حالة إخلال أي من\r\nالطرفين بإلتزاماته او تعهداته الواردة فى هذا العقد ، وذلك شريطة إخطار الطرف\r\nالمخل بما وقع منه من إخلال والتنبيه عليه</span><span dir=\"LTR\"></span><span dir=\"LTR\"></span><span lang=\"AR-SA\" dir=\"LTR\" style=\"font-size:14.0pt;line-height:\r\n115%;mso-bidi-language:AR-SA;mso-no-proof:no\"><span dir=\"LTR\"></span><span dir=\"LTR\"></span> </span><span lang=\"AR-SA\" style=\"font-size:14.0pt;line-height:\r\n115%;mso-bidi-language:AR-SA;mso-no-proof:no\">بعلاجه خلال 15 يوماً من هذا\r\nالإخطار ومرور تلك المدة دون علاج ما وقع منه من إخلال .<o:p></o:p></span></p>', '', 8, '2020-10-18 14:21:27', '2020-10-18 14:21:27', 1),
(11, '<p class=\"MsoNormal\" dir=\"RTL\" style=\"text-align: center;line-height: 115%; break-after: avoid;\"><b><u><span lang=\"AR-EG\" style=\"font-size:14.0pt;line-height:115%\">البند التاسع ( الأخطارات\r\nوالعناوين )</span></u></b></p>\r\n\r\n<p class=\"MsoNormal\" dir=\"RTL\" style=\"margin-right:176.05pt;text-align:justify;\r\nline-height:115%;mso-pagination:none;page-break-after:avoid;tab-stops:60.7pt 2.75in\"><span lang=\"AR-SA\" style=\"font-size:14.0pt;line-height:115%;mso-bidi-language:AR-SA;\r\nmso-no-proof:no\">      </span><span lang=\"AR-SA\" style=\"font-size:6.0pt;line-height:115%;mso-bidi-language:AR-SA;\r\nmso-no-proof:no\"><o:p></o:p></span></p>\r\n\r\n<p class=\"MsoNormal\" dir=\"RTL\" style=\"margin-right:.25in;text-align:justify;\r\nline-height:115%;mso-pagination:none;page-break-after:avoid;tab-stops:60.7pt\"><span lang=\"AR-SA\" style=\"font-size:14.0pt;line-height:115%;mso-bidi-language:AR-SA;\r\nmso-no-proof:no\">كافة الاخطارات والمراسلات المتعلقة بهذا العقد تكون صحيحة\r\nومنتجة لاثارها القانونية إذا ما أرسلت بإنذار رسمي علي يد محضر او بالبريد المسجل\r\nعلي العناوين المذكورة اعلاه بالعقد أو أن تسلم إلي الشخص الموجه إليه باليد مقابل\r\nإيصال بالاستلام ، وفي حالة تغيير عنوان المراسلات يلتزم كل طرف بإعلان الطرف\r\nالاخر بعنوان مراسلاته الجديد ، كما اتفق الأطراف على استخدام الرسائل الالكترونية\r\n(</span><span dir=\"LTR\" style=\"font-size:14.0pt;line-height:115%;mso-bidi-language:\r\nAR-SA;mso-no-proof:no\">Emails </span><span dir=\"RTL\"></span><span dir=\"RTL\"></span><span lang=\"AR-SA\" style=\"font-size:14.0pt;line-height:115%;mso-bidi-language:AR-SA;\r\nmso-no-proof:no\"><span dir=\"RTL\"></span><span dir=\"RTL\"></span> ) كوسيلة معتمدة للتخاطب بخصوص الاعمال اليومية\r\nوتفاصيل العمل وتعتبر بمثابة الوثائق الخطية كما تعتبر الرسائل المرسلة من البريد\r\nالالكتروني لأي فريق والمخزنة في نظام الفريق الآخر بمثابة موقعة وموثقة بمجرد إرسالها\r\nدون الحاجة لتوثيقها بأي وسيلة أخرى او توقيعها بتوقيع الكتروني خاص او تخزينها\r\nبشكل خاص.<o:p></o:p></span></p>', '', 8, '2020-10-18 14:21:27', '2020-10-18 14:21:27', 1),
(12, '<p class=\"MsoNormal\" dir=\"RTL\" style=\"margin-right:-1.15pt\"><b><u><span lang=\"AR-EG\">البريد\r\nالألكترونى للطرف الأول</span></u><span lang=\"AR-EG\"> :</span></b><span lang=\"AR-EG\">        <span id=\"first_part_email\">haitham@ivas.com.eg</span></span></p>\r\n\r\n<p class=\"MsoNormal\" dir=\"RTL\" style=\"margin-right:64.45pt;text-align:justify\"></p>\r\n\r\n<p class=\"MsoNormal\" dir=\"RTL\" style=\"margin-right:64.45pt;text-align:justify\"><b></b></p>\r\n\r\n<p class=\"MsoNormal\" dir=\"RTL\" style=\"margin-right:-1.15pt;text-align:justify\"><b><span lang=\"AR-EG\">الأسم:     <span id=\"first_part_name\">DigiZone\r\n                                        </span>                رقم الموبيل: <span id=\"first_part_phone\">01223872695</span></span></b></p>\r\n\r\n<p class=\"MsoNormal\" dir=\"RTL\" style=\"margin-right:64.45pt;text-align:justify\"></p>\r\n\r\n<p class=\"MsoNormal\" dir=\"RTL\" style=\"margin-right:-1.15pt\"><b><u><span lang=\"AR-EG\">البريد\r\nالألكترونى للطرف الثانى</span></u><span lang=\"AR-EG\"> :</span></b><span lang=\"AR-EG\">       <span id=\"second_part_email\">mishr@mishri.com</span></span></p>\r\n\r\n<p class=\"MsoNormal\" dir=\"RTL\" style=\"margin-right:-1.15pt;text-align:justify\"><b><span lang=\"AR-EG\">الأسم:     <span id=\"second_part_name\">Melody Company</span>                رقم الموبيل: <span id=\"second_part_phone\">01092093709</span></span></b></p>', '1,2', 8, '2020-10-18 14:21:27', '2020-10-18 14:27:02', 1),
(13, '<p class=\"MsoNormal\" dir=\"RTL\" style=\"text-align: center;\"><b><span lang=\"AR-EG\" style=\"font-size:14.0pt\">\r\n<u>البند العاشر<o:p></o:p></u></span></b>\r\n</p>\r\n\r\n<p class=\"MsoNormal\" dir=\"RTL\" style=\"margin-right:-1.15pt\"><span lang=\"AR-SA\" style=\"font-size:14.0pt;mso-bidi-language:AR-SA;mso-no-proof:no\">يخضع هذا العقد\r\nلأحكام القوانين ونظام المحاكم المعمول بهما في جمهورية مصر العربية.</span></p>', '', 8, '2020-10-18 14:21:28', '2020-10-18 14:21:28', 1),
(14, '<blockquote style=\"margin: 0 0 0 40px; border: none; padding: 0px;\"><p dir=\"RTL\" style=\"text-align: center; margin: 0in 82.45pt 2pt 0in;\"><b><u><span style=\"font-size:\r\n14.0pt\">البند الحادى عشر</span></u></b></p></blockquote>\r\n\r\n<p dir=\"RTL\" style=\"margin-right:-1.15pt\"><span style=\"font-size:14.0pt;\">حرر هذا العقد\r\nمن نسختين أصليتين بيد كل طرف نسخة  و\r\nالنسخه مكونه من ثلاث ورقات للعمل بها عند الحاجة.<o:p></o:p></span></p>\r\n\r\n<p dir=\"RTL\" style=\"margin-right:-1.15pt\"><span lang=\"AR-SA\" style=\"font-size:14.0pt;\"><o:p> </o:p></span></p>', '', 8, '2020-10-18 14:21:28', '2020-10-18 14:21:28', 1),
(15, '<blockquote style=\"margin: 0 0 0 40px; border: none; padding: 0px;\">\r\n          <p dir=\"RTL\" style=\"text-align: center; margin: 0in 82.45pt 2pt 0in;\"><b><u><span style=\"font-size:\r\n          14.0pt\">البند الثانى&nbsp;عشر</span></u></b></p>\r\n          </blockquote>\r\n\r\n          <p dir=\"RTL\" style=\"margin-right:-1.15pt\"><span style=\"font-size: 18.6667px;\">ينص هذا العقد على ان نسبة الطرف الاول <span id=\"first_part_percent\">50%</span> ونسبة الطرف الثانى <span id=\"second_part_percent\">50%</span></span></p>\r\n\r\n          <p dir=\"RTL\" style=\"margin-right:-1.15pt\"><span lang=\"AR-SA\" style=\"font-size:14.0pt;\"><o:p> </o:p></span></p>', '', 8, '2020-10-18 14:21:28', '2020-10-18 14:21:28', 1),
(16, '<table width=\"100%\" dir=\"rtl\">\r\n            <tbody>\r\n                <tr>\r\n                    <td width=\"50%\">\r\n                        <h3><u>الطرف الاول</u></h3>\r\n                    </td>\r\n                    <td width=\"50%\">\r\n                        <h3><u>الطرف الثاني</u></h3>\r\n                    </td>\r\n                </tr>\r\n                <tr>\r\n                    <td>شركة/ <span id=\"first_part_name\">DigiZone\r\n                                        </span> </td>\r\n                    <td>شركة/ <span id=\"second_part_name\">Melody Company</span> </td>\r\n                </tr>\r\n                <tr>\r\n                    <td>الاسم : <span id=\"first_part_person\">haytham</span></td>\r\n                    <td>الاسم : <span id=\"second_part_person\">مشاري</span></td>\r\n                </tr>\r\n                <tr>\r\n                    <td>الصفة : <span id=\"first_part_character\">ceo</span></td>\r\n                    <td>الصفة : <span id=\"second_part_character\">contnet owner</span></td>\r\n                </tr>\r\n                <tr>\r\n                    <td>\r\n                        <p style=\"line-height:150%;vertical-align:bottom\"><br>التوقيع: <span id=\"first_part_signature\"></span></p>\r\n                    </td>\r\n                    <td>\r\n                        <p style=\"line-height:150%;vertical-align:bottom\"><br>التوقيع:<span id=\"second_part_signature\"></span></p>\r\n                    </td>\r\n                </tr>\r\n                <tr>\r\n                    <td>\r\n                        <p style=\"line-height:250%;vertical-align:bottom\"><br>خاتم الشركة : <span id=\"first_part_seal\"></span></p>\r\n                    </td>\r\n                    <td>\r\n                        <p style=\"line-height:250%;vertical-align:bottom\"><br>خاتم الشركة : <span id=\"second_part_seal\"></span></p>\r\n                    </td>\r\n                </tr>\r\n            </tbody>\r\n        </table>', '', 8, '2020-10-18 14:21:28', '2020-10-18 14:21:28', 1),
(17, '<p class=\"MsoNormal\" dir=\"RTL\" style=\"text-align: right; break-after: avoid;\"><b><span lang=\"AR-SA\" style=\"font-size:\r\n            14.0pt\"> أنه فى يوم <span id=\"signed_date\">٢٠٢٠/١٠/٢٥</span> الموافق </span></b><b><span lang=\"AR-SA\" style=\"font-size:14.0pt;mso-bidi-language:AR-SA;mso-no-proof:no\"> <span id=\"day_name\">الأحد</span> تحرر هذا\r\n                    العقد بين كل من:<o:p></o:p></span></b></p>\r\n        <p class=\"MsoNormal\" dir=\"RTL\" style=\"mso-pagination:none;page-break-after:avoid;\r\n            tab-stops:60.7pt\"><b><span lang=\"AR-SA\" style=\"font-size:14.0pt;\">\r\n                    <o:p> </o:p>\r\n                </span></b></p>\r\n        <p class=\"MsoNormal\" dir=\"RTL\" style=\"text-align: right; margin-right: 40.2pt; text-indent: -20.1pt; line-height: 115%; break-after: avoid;\"><span lang=\"AR-SA\" style=\"font-size:14.0pt;line-height:115%;\"> أولا: السادة / شركة <span id=\"first_part_name\">DigiZone\r\n                                        </span>\r\n                .<o:p></o:p></span></p>\r\n        <p class=\"MsoNormal\" dir=\"RTL\" style=\"text-align: right; margin-right: 40.2pt; text-indent: -20.1pt; line-height: 115%; break-after: avoid;\"><span lang=\"AR-SA\" style=\"font-size:14.0pt;line-height:115%;\"> الكائن مقرها في <span id=\"first_part_address\">cairo</span>\r\n                و لها سجل تجارى رقم <span id=\"first_commercial_register_no\">12121</span> و\r\n                بطاقة ضريبية رقم <span id=\"first_tax_card_no\">545454</span>، و يمثلها فى هذا العقد السيد\r\n                <span id=\"first_part_person\">haytham</span> بصفته <span id=\"first_part_character\">ceo</span>.</span><span dir=\"LTR\"></span><span dir=\"LTR\"></span><span lang=\"AR-SA\" dir=\"LTR\" style=\"font-size:14.0pt;line-height:\r\n            115%;mso-no-proof:no\"><span dir=\"LTR\"></span><span dir=\"LTR\"></span> </span><span lang=\"AR-EG\" style=\"font-size:14.0pt;line-height:115%;mso-no-proof:no\">\r\n                <o:p></o:p>\r\n            </span></p>\r\n        <p class=\"MsoNormal\" dir=\"RTL\" style=\"margin-right:40.2pt;text-indent:-20.1pt;\r\n            line-height:115%;mso-pagination:none;page-break-after:avoid;tab-stops:60.7pt\"><span lang=\"AR-EG\" style=\"font-size:14.0pt;line-height:115%;\"></span><span lang=\"AR-SA\" style=\"font-size:14.0pt;line-height:115%;\">\r\n                (ويشار إليه بالطرف\r\n                الأول)<o:p></o:p></span></p>\r\n        <p class=\"MsoNormal\" align=\"right\" dir=\"RTL\" style=\"margin-right: 20.1pt; text-indent: -20.1pt; line-height: 115%; break-after: avoid;\"><span lang=\"AR-SA\" style=\"font-size:14.0pt;line-height:\r\n            115%;\">\r\n                <o:p> </o:p>\r\n            </span></p>\r\n        <p class=\"MsoNormal\" dir=\"RTL\" style=\"text-align: right; margin-right: 40.2pt; text-indent: -20.1pt; line-height: 115%; break-after: avoid;\"><span lang=\"AR-SA\" style=\"font-size:14.0pt;\r\n            line-height:115%;\">ثانيا: </span><span lang=\"AR-SA\" style=\"font-size:14.0pt;line-height:115%;mso-bidi-language:AR-SA;\"> السادة / شركة <span id=\"second_part_name\">Etisalat Misr</span> .</span></p>\r\n        <p class=\"MsoNormal\" dir=\"RTL\" style=\"text-align: right; margin-right: 40.2pt; text-indent: -20.1pt; line-height: 115%; break-after: avoid;\"><span lang=\"AR-SA\" style=\"font-size:14.0pt;line-height:115%;\"> الكائن مقرها في <span id=\"second_part_address\">alex</span> و لها سجل تجارى رقم <span id=\"second_commercial_register_no\">8787878</span> و\r\n                بطاقة ضريبية رقم <span id=\"second_tax_card_no\">989898</span>و يمثلها فى هذا العقد السيد\r\n                <span id=\"second_part_person\">etisalat</span> بصفته <span id=\"second_part_character\">contnet owner</span>.</span><span dir=\"LTR\"></span><span dir=\"LTR\"></span><span lang=\"AR-SA\" dir=\"LTR\" style=\"font-size:14.0pt;line-height:\r\n            115%;mso-no-proof:no\"><span dir=\"LTR\"></span><span dir=\"LTR\"></span> </span><span lang=\"AR-EG\" style=\"font-size:14.0pt;line-height:115%;\"></span></p>\r\n        <p class=\"MsoNormal\" dir=\"RTL\" style=\"margin-right:40.2pt;text-indent:-20.1pt;\r\n            line-height:115%;mso-pagination:none;page-break-after:avoid;tab-stops:60.7pt\"><span lang=\"AR-EG\" style=\"font-size:14.0pt;line-height:115%;mso-no-proof:no\"></span><span lang=\"AR-SA\" style=\"font-size:14.0pt;line-height:115%;mso-bidi-language:AR-SA;\"> (ويشار إليه بالطرف الثاني)<o:p></o:p></span>\r\n        </p>', '1,2', 159, '2020-10-20 15:43:23', '2020-10-20 15:47:37', 1),
(18, '<div style=\"margin-right:-1.15pt;text-align: right;\">\r\n<p align=\"center\" class=\"MsoNormal\" dir=\"RTL\" style=\"text-align:center;line-height:\r\n150%\"><b><u><span lang=\"AR-EG\" style=\"font-size:14.0pt;line-height:150%\">تمهيـــــد</span></u></b></p>\r\n\r\n<p align=\"right\" class=\"MsoNormal\" dir=\"RTL\" style=\"text-align: right; line-height: 150%;font-size:14.0pt;\"><em><strong>الطرف &nbsp;</strong></em>الأول وبصفته&nbsp;&nbsp;قدم نفسه على أنه هو حاصل على حقوق استغلال مجموعة من المصنفات الفنية والمدرج بيانها في ملاحق او تفويضات هذا العقد ، بما يمكنه من التعاقد عليها و منح الطرف الثانى حق إتاحتها عبر خدمة الـ بشكل حصرى على شبكة</p>\r\n\r\n<p align=\"right\" class=\"MsoNormal\" dir=\"RTL\" style=\"text-align: right; line-height: 150%;font-size:14.0pt;\">وحيث أن الطرف الثاني يعمل فى مجال تقديم خدمات القيمة المضافة للهاتف المحمول .</p>\r\n\r\n<p align=\"right\" class=\"MsoNormal\" dir=\"RTL\" style=\"text-align: right; line-height: 150%;font-size:14.0pt;\">ولما رغب الطرفان فى التعاون فيما بينهما فقد إتفق وتراضى الطرفان بعد أن أقر كل منهما بأهليته القانونية للتعاقد وخلو إرادته من كافة عيوب الرضا على ما يلى:</p>\r\n\r\n<div>&nbsp;</div>\r\n</div>', '', 159, '2020-10-20 15:43:25', '2020-10-20 15:43:25', 1),
(19, '<p class=\"MsoNormal\" align=\"center\" dir=\"RTL\" style=\"text-align:center;line-height:\r\n150%\"><b><u><span lang=\"AR-EG\" style=\"font-size:14.0pt;line-height:150%\">البند\r\nالأول<o:p></o:p></span></u></b></p>\r\n\r\n<p class=\"MsoNormal\" dir=\"RTL\" style=\"margin-right:.25in;text-align:justify;\r\nline-height:115%;mso-pagination:none;page-break-after:avoid;tab-stops:60.7pt\"><span lang=\"AR-SA\" style=\"font-size:14.0pt;line-height:115%;mso-bidi-language:AR-SA;\r\nmso-no-proof:no\">يعتبر التمهيد السابق جزء لا يتجزأ من هذا العقد ومتمما له\r\nولأحكامة ولا يفسر بدونه.<o:p></o:p></span></p>', '', 159, '2020-10-20 15:43:25', '2020-10-20 15:43:25', 1),
(20, '<p class=\"MsoNormal\" align=\"center\" dir=\"RTL\" style=\"text-align:center;line-height:\r\n150%\"><b><u><span lang=\"AR-EG\" style=\"font-size:14.0pt;line-height:150%\">البند\r\nالثانى<o:p></o:p></span></u></b></p>\r\n\r\n<p class=\"MsoNormal\" dir=\"RTL\" style=\"font-size:14.0pt;text-align: right; margin-right: 0.25in; line-height: 115%; break-after: avoid;\"><br></p><p class=\"MsoNormal\" dir=\"RTL\" style=\"text-align: right; margin-right: 0.25in; line-height: 115%; break-after: avoid;font-size:14.0pt;\">منح الطرف الأول الطرف الثانى بموجب هذا العقد الحق الحصرى في إستغلال والتراخيص باستغلال الأغاني والمصنفات الفنية المتضمنه فى ملاحق هذا العقد وكذا المقاطع الغنائية الخاصة بها وصور المطرب المؤدي لها للاستغلال عبر شبكة <span id=\"operators\"></span>             ، بحيث يقوم الطرف الثانى بإستغلالها بشكل حصرى على شبكة <span id=\"operators\"></span>                               بإستخدام خدمات التفاعل الصوتى عبر الهاتف ( خدمة رنين المتصل RBT ) لمستخدمى تلك الخدمات وبحيث يتمكن مستخدم الخدمة من إستغلال المصنفات الفنية بكافة أشكالها للاستماع  عبر الـ RBT  خدمة الكول تون .</p><div style=\"text-align: right;\"><br></div>', '', 159, '2020-10-20 15:43:25', '2020-10-20 15:43:25', 1),
(21, '<p class=\"MsoNormal\" align=\"center\" dir=\"RTL\" style=\"text-align:center;line-height:\r\n150%\"><b><u><span lang=\"AR-EG\" style=\"font-size:14.0pt;line-height:150%\">البند\r\nالثالث</span></u></b><span lang=\"AR-SA\" style=\"font-size:14.0pt;line-height:150%;\r\nmso-bidi-language:AR-SA;mso-no-proof:no\"><o:p></o:p></span></p>\r\n\r\n<p class=\"MsoNormal\" dir=\"RTL\" style=\"margin-right:.25in;text-align:justify;\r\nline-height:115%;tab-stops:60.7pt\"><span lang=\"AR-SA\" style=\"font-size:14.0pt;\r\nline-height:115%;mso-bidi-language:AR-SA;mso-no-proof:no\">مقابل الحقوق الممنوحة\r\nمن الطرف الأول للطرف الثانى فى البند الثانى أعلاه يقوم الطرف الثاني بإعطاء\r\nالطرف الأول نسبة تعادل        % (          بالمائة) من صافى الدخل ويعتبر صافى\r\nالدخل هو العائدات النقدية المحصلة والمحققة من تقديم الخدمات محل العقد بعد خصم\r\nحصة شركات الاتصالات وأى مصاريف حكومية خاصة بنشاط خدمات القيمة المضافة على أن\r\nتتم المحاسبة بصفة شهريه ، هذا ويتم إحتساب حصة الطرف الأول بناء على التقارير\r\nالتى تصدر عن شركات الاتصالات والتى تعتبر نهائية وملزمة للطرفين والتى يحق للطرف\r\nالاول الاطلاع عليها ومراجعتها ، مع التزام الطرف الثانى بإرسال تقارير شهرية من\r\nواقع التقارير المالية الصادره عن شركات الاتصالات خلال 10 ايام من تاريخ استلامها\r\nحتى يتسنى للطرف الاول تقديم فاتورة مطالبة لإستلام حصته من صافى الايرادات .<o:p></o:p></span></p>', '', 159, '2020-10-20 15:43:25', '2020-10-20 15:43:25', 1),
(22, '<p class=\"MsoNormal\" align=\"center\" dir=\"RTL\" style=\"text-align:center;line-height:\r\n150%\"><b><u><span lang=\"AR-EG\" style=\"font-size:14.0pt;line-height:150%\">البند\r\nالرابع</span></u></b><span lang=\"AR-SA\" style=\"font-size:14.0pt;line-height:150%;\r\nmso-bidi-language:AR-SA;mso-no-proof:no\"><o:p></o:p></span></p><p class=\"MsoNormal\" align=\"center\" dir=\"RTL\" style=\"text-align:center;line-height:\r\n150%\">\r\n\r\n</p><p class=\"MsoNormal\" dir=\"RTL\" style=\"margin-right:.25in;text-align:justify;\r\nline-height:115%;mso-pagination:none;page-break-after:avoid;tab-stops:60.7pt\"><span lang=\"AR-SA\" style=\"font-size:14.0pt;line-height:115%;mso-bidi-language:AR-SA;\r\nmso-no-proof:no\">يتعهد الطرف الأول بأنه يمتلك كافة حقوق استغلال المصنفات\r\nالمذكورة فى تمهيد هذا العقد بما فيها تحويلها وبثها واستخدامها للتليفون المحمول\r\nوبأنه يمتلك الحق بترخيص تلك الحقوق للطرف الثانى ويتعهد بمسئوليته الكاملة أمام\r\nأى طرف ثالث قد يدعى أى حقوق له على تلك المصنفات بما فيهم المؤلفين والملحنين\r\nبحيث لا يكون الطرف الثاني مسؤولا عن أية قضايا أو منازعات تقام علي الطرف الأول\r\nلأسباب  تتعلق بمنحه للطرف الثانى الحقوق\r\nالواردة بهذا العقد، وبحيث يتحمل الطرف الأول المسئولية كاملة في كل قضايا أو\r\nمنازعات تقام علي الطرف الثاني لأسباب تتعلق بمضمون أو محتوى أو ملكية تلك\r\nالمصنفات.</span><span dir=\"LTR\" style=\"font-size:14.0pt;line-height:115%;\r\nmso-bidi-language:AR-SA;mso-no-proof:no\"><o:p></o:p></span></p>', '', 159, '2020-10-20 15:43:25', '2020-10-20 15:43:25', 1),
(23, '<p class=\"MsoNormal\" align=\"center\" dir=\"RTL\" style=\"text-align:center;line-height:\r\n150%\"><b><u><span lang=\"AR-EG\" style=\"font-size:14.0pt;line-height:150%\">البند\r\nالخامس</span></u></b><span lang=\"AR-EG\" style=\"font-size:14.0pt;line-height:150%;\r\nmso-no-proof:no\"><o:p></o:p></span></p>\r\n\r\n<p class=\"MsoNormal\" dir=\"RTL\" style=\"margin-right:.25in;text-align:justify;\r\nline-height:115%;mso-pagination:none;page-break-after:avoid;tab-stops:60.7pt\"><span lang=\"AR-SA\" style=\"font-size:14.0pt;line-height:115%;mso-bidi-language:AR-SA;\r\nmso-no-proof:no\">مدة هذا العقد   <span id=\"peroid\"></span> سنه ميلادية وتتجدد تلقائيا ما لم يخطر أحد الطرفين الآخر\r\nبرغبته فى عدم التجديد قبل نهايتها بشهر على الأقل.<o:p></o:p></span></p>', '', 159, '2020-10-20 15:43:25', '2020-10-20 15:43:25', 1),
(24, '<p class=\"MsoNormal\" align=\"center\" dir=\"RTL\" style=\"text-align:center;line-height:150%\"><b><u><span style=\"font-size:14.0pt;line-height:150%\">البند\r\nالسادس</span></u></b><span lang=\"AR-SA\" style=\"font-size:14.0pt;line-height:150%;\"></span></p>\r\n\r\n<p class=\"MsoNormal\" align=\"center\" dir=\"RTL\" style=\"text-align:center;line-height:\r\n150%\"><b><u></u></b><b><u><span style=\"font-size:14.0pt;line-height:150%\">سرية المعلومات</span></u></b></p>\r\n\r\n<p class=\"MsoNormal\" dir=\"RTL\" style=\"margin-right:.25in;text-align:justify;\r\nline-height:115%;tab-stops:60.7pt\"><span lang=\"AR-SA\" style=\"font-size:14.0pt;line-height:115%;\">يلتزم كل طرف ويتعهد للطرف الآخر بالمحافظة على سرية جميع\r\nالمعلومات التى تصل إليه بصفته طرفاً فى هذا العقد ويتعهد بأن يبذل قصارى جهده لكي\r\nيحافظ هو وموظفيه والأشخاص التابعين له على سرية هذه المعلومات ، ولا يجوز لأي من\r\nطرفي العقد إفشاء أو إستخدام أي من الأسرار التى قد يطلع عليها بموجب هذا العقد\r\nإلا بعد الحصول على الموافقة الكتابية المسبقة للطرف الآخر.</span></p>', '', 159, '2020-10-20 15:43:25', '2020-10-20 15:43:25', 1),
(25, '<p class=\"MsoNormal\" align=\"center\" dir=\"RTL\" style=\"text-align:center;line-height:\r\n150%\"><b><u><span lang=\"AR-EG\" style=\"font-size:14.0pt;line-height:150%\">البند\r\nالسابع ( التنازل عن العقد )</span></u></b></p>\r\n\r\n<p class=\"MsoNormal\" dir=\"RTL\" style=\"margin-right:.25in;text-align:justify;\r\nline-height:115%;mso-pagination:none;page-break-after:avoid;tab-stops:60.7pt\"><span lang=\"AR-SA\" style=\"font-size:14.0pt;line-height:115%;mso-bidi-language:AR-SA;\r\nmso-no-proof:no\">لا يحق للطرفين التنازل أو حوالة هذا العقد أو اي من حقوقه\r\nالواردة فيه أو ملحقاته الي اى طرف آخر الا بعد موافقة الطرف الاخر كتابتة على ذلك\r\n.<o:p></o:p></span></p>', '', 159, '2020-10-20 15:43:25', '2020-10-20 15:43:25', 1),
(26, '<p class=\"MsoNormal\" align=\"center\" dir=\"RTL\" style=\"text-align:center;line-height:\r\n150%\"><b><u><span lang=\"AR-EG\" style=\"font-size:14.0pt;line-height:150%\">البند\r\nالثامن ( انهاء العقد )<o:p></o:p></span></u></b></p>\r\n\r\n<p class=\"MsoNormal\" dir=\"RTL\" style=\"margin-right:.25in;text-align:justify;\r\nline-height:115%;mso-pagination:none;page-break-after:avoid;tab-stops:60.7pt\"><span lang=\"AR-SA\" style=\"font-size:14.0pt;line-height:115%;mso-bidi-language:AR-SA;\r\nmso-no-proof:no\">1- عند إنتهاء العقد ، يتوقف الطرف الثانى عن إستغلال محتوى\r\nالطرف الاول , وتقديم كشف الحساب الخاص بالخدمة إلى الطرف الاول حتى تاريخ إنتهاء\r\nالخدمة .</span><span dir=\"LTR\" style=\"font-size:14.0pt;line-height:115%;\r\nmso-bidi-language:AR-SA;mso-no-proof:no\"><o:p></o:p></span></p>\r\n\r\n<p class=\"MsoNormal\" dir=\"RTL\" style=\"margin-right:.25in;text-align:justify;\r\nline-height:115%;mso-pagination:none;page-break-after:avoid;tab-stops:60.7pt\"><span dir=\"RTL\"></span><span dir=\"RTL\"></span><span lang=\"AR-SA\" style=\"font-size:14.0pt;\r\nline-height:115%;mso-bidi-language:AR-SA;mso-no-proof:no\"><span dir=\"RTL\"></span><span dir=\"RTL\"></span>2- إتفق الطرفان على أن الحالات التّالية تعتبر من قبيل الظّروف\r\nالإستثنائيّة أو القوة القاهرة التى تبرّر الإنهاء السّابق من قبل الطّرف الآخر:\r\nالإفلاس، خلال الفترات الإستثنائية كالحروب، الكوارث، الأضطرابات ، تعيين قيم أو\r\nمصفى أو حارس قضائى.</span><span dir=\"LTR\" style=\"font-size:14.0pt;line-height:\r\n115%;mso-bidi-language:AR-SA;mso-no-proof:no\"><o:p></o:p></span></p>\r\n\r\n<p class=\"MsoNormal\" dir=\"RTL\" style=\"margin-right:.25in;text-align:justify;\r\nline-height:115%;mso-pagination:none;page-break-after:avoid;tab-stops:60.7pt\"><span dir=\"RTL\"></span><span dir=\"RTL\"></span><span lang=\"AR-SA\" style=\"font-size:14.0pt;\r\nline-height:115%;mso-bidi-language:AR-SA;mso-no-proof:no\"><span dir=\"RTL\"></span><span dir=\"RTL\"></span>3- يحق لأي من الطرفين إنهاء هذا العقد فوراً ودون الحاجة إلى\r\nإنذار أو أعذار أو إتخاذ أي إجراء قانونى أو قضائى آخر فى حالة إخلال أي من\r\nالطرفين بإلتزاماته او تعهداته الواردة فى هذا العقد ، وذلك شريطة إخطار الطرف\r\nالمخل بما وقع منه من إخلال والتنبيه عليه</span><span dir=\"LTR\"></span><span dir=\"LTR\"></span><span lang=\"AR-SA\" dir=\"LTR\" style=\"font-size:14.0pt;line-height:\r\n115%;mso-bidi-language:AR-SA;mso-no-proof:no\"><span dir=\"LTR\"></span><span dir=\"LTR\"></span> </span><span lang=\"AR-SA\" style=\"font-size:14.0pt;line-height:\r\n115%;mso-bidi-language:AR-SA;mso-no-proof:no\">بعلاجه خلال 15 يوماً من هذا\r\nالإخطار ومرور تلك المدة دون علاج ما وقع منه من إخلال .<o:p></o:p></span></p>', '', 159, '2020-10-20 15:43:25', '2020-10-20 15:43:25', 1),
(27, '<p class=\"MsoNormal\" dir=\"RTL\" style=\"text-align: center;line-height: 115%; break-after: avoid;\"><b><u><span lang=\"AR-EG\" style=\"font-size:14.0pt;line-height:115%\">البند التاسع ( الأخطارات\r\nوالعناوين )</span></u></b></p>\r\n\r\n<p class=\"MsoNormal\" dir=\"RTL\" style=\"margin-right:176.05pt;text-align:justify;\r\nline-height:115%;mso-pagination:none;page-break-after:avoid;tab-stops:60.7pt 2.75in\"><span lang=\"AR-SA\" style=\"font-size:14.0pt;line-height:115%;mso-bidi-language:AR-SA;\r\nmso-no-proof:no\">      </span><span lang=\"AR-SA\" style=\"font-size:6.0pt;line-height:115%;mso-bidi-language:AR-SA;\r\nmso-no-proof:no\"><o:p></o:p></span></p>\r\n\r\n<p class=\"MsoNormal\" dir=\"RTL\" style=\"margin-right:.25in;text-align:justify;\r\nline-height:115%;mso-pagination:none;page-break-after:avoid;tab-stops:60.7pt\"><span lang=\"AR-SA\" style=\"font-size:14.0pt;line-height:115%;mso-bidi-language:AR-SA;\r\nmso-no-proof:no\">كافة الاخطارات والمراسلات المتعلقة بهذا العقد تكون صحيحة\r\nومنتجة لاثارها القانونية إذا ما أرسلت بإنذار رسمي علي يد محضر او بالبريد المسجل\r\nعلي العناوين المذكورة اعلاه بالعقد أو أن تسلم إلي الشخص الموجه إليه باليد مقابل\r\nإيصال بالاستلام ، وفي حالة تغيير عنوان المراسلات يلتزم كل طرف بإعلان الطرف\r\nالاخر بعنوان مراسلاته الجديد ، كما اتفق الأطراف على استخدام الرسائل الالكترونية\r\n(</span><span dir=\"LTR\" style=\"font-size:14.0pt;line-height:115%;mso-bidi-language:\r\nAR-SA;mso-no-proof:no\">Emails </span><span dir=\"RTL\"></span><span dir=\"RTL\"></span><span lang=\"AR-SA\" style=\"font-size:14.0pt;line-height:115%;mso-bidi-language:AR-SA;\r\nmso-no-proof:no\"><span dir=\"RTL\"></span><span dir=\"RTL\"></span> ) كوسيلة معتمدة للتخاطب بخصوص الاعمال اليومية\r\nوتفاصيل العمل وتعتبر بمثابة الوثائق الخطية كما تعتبر الرسائل المرسلة من البريد\r\nالالكتروني لأي فريق والمخزنة في نظام الفريق الآخر بمثابة موقعة وموثقة بمجرد إرسالها\r\nدون الحاجة لتوثيقها بأي وسيلة أخرى او توقيعها بتوقيع الكتروني خاص او تخزينها\r\nبشكل خاص.<o:p></o:p></span></p>', '', 159, '2020-10-20 15:43:25', '2020-10-20 15:43:25', 1),
(28, '<p class=\"MsoNormal\" dir=\"RTL\" style=\"margin-right:-1.15pt\"><b><u><span lang=\"AR-EG\">البريد\r\nالألكترونى للطرف الأول</span></u><span lang=\"AR-EG\"> :</span></b><span lang=\"AR-EG\">        <span id=\"first_part_email\">ivas@ivas.com</span></span></p>\r\n\r\n<p class=\"MsoNormal\" dir=\"RTL\" style=\"margin-right:64.45pt;text-align:justify\"></p>\r\n\r\n<p class=\"MsoNormal\" dir=\"RTL\" style=\"margin-right:64.45pt;text-align:justify\"><b></b></p>\r\n\r\n<p class=\"MsoNormal\" dir=\"RTL\" style=\"margin-right:-1.15pt;text-align:justify\"><b><span lang=\"AR-EG\">الأسم:     <span id=\"first_part_name\">DigiZone\r\n                                        </span>                رقم الموبيل: <span id=\"first_part_phone\">01000241524545</span></span></b></p>\r\n\r\n<p class=\"MsoNormal\" dir=\"RTL\" style=\"margin-right:64.45pt;text-align:justify\"></p>\r\n\r\n<p class=\"MsoNormal\" dir=\"RTL\" style=\"margin-right:-1.15pt\"><b><u><span lang=\"AR-EG\">البريد\r\nالألكترونى للطرف الثانى</span></u><span lang=\"AR-EG\"> :</span></b><span lang=\"AR-EG\">       <span id=\"second_part_email\">etisalat@estisalt.com</span></span></p>\r\n\r\n<p class=\"MsoNormal\" dir=\"RTL\" style=\"margin-right:-1.15pt;text-align:justify\"><b><span lang=\"AR-EG\">الأسم:     <span id=\"second_part_name\">Etisalat Misr</span>                رقم الموبيل: <span id=\"second_part_phone\">0115455874757</span></span></b></p>', '', 159, '2020-10-20 15:43:25', '2020-10-20 15:43:25', 1),
(29, '<p class=\"MsoNormal\" dir=\"RTL\" style=\"text-align: center;\"><b><span lang=\"AR-EG\" style=\"font-size:14.0pt\">\r\n<u>البند العاشر<o:p></o:p></u></span></b>\r\n</p>\r\n\r\n<p class=\"MsoNormal\" dir=\"RTL\" style=\"margin-right:-1.15pt\"><span lang=\"AR-SA\" style=\"font-size:14.0pt;mso-bidi-language:AR-SA;mso-no-proof:no\">يخضع هذا العقد\r\nلأحكام القوانين ونظام المحاكم المعمول بهما في جمهورية مصر العربية.</span></p>', '', 159, '2020-10-20 15:43:25', '2020-10-20 15:43:25', 1),
(30, '<blockquote style=\"margin: 0 0 0 40px; border: none; padding: 0px;\"><p dir=\"RTL\" style=\"text-align: center; margin: 0in 82.45pt 2pt 0in;\"><b><u><span style=\"font-size:\r\n14.0pt\">البند الحادى عشر</span></u></b></p></blockquote>\r\n\r\n<p dir=\"RTL\" style=\"margin-right:-1.15pt\"><span style=\"font-size:14.0pt;\">حرر هذا العقد\r\nمن نسختين أصليتين بيد كل طرف نسخة  و\r\nالنسخه مكونه من ثلاث ورقات للعمل بها عند الحاجة.<o:p></o:p></span></p>\r\n\r\n<p dir=\"RTL\" style=\"margin-right:-1.15pt\"><span lang=\"AR-SA\" style=\"font-size:14.0pt;\"><o:p> </o:p></span></p>', '', 159, '2020-10-20 15:43:25', '2020-10-20 15:43:25', 1),
(31, '<blockquote style=\"margin: 0 0 0 40px; border: none; padding: 0px;\">\r\n          <p dir=\"RTL\" style=\"text-align: center; margin: 0in 82.45pt 2pt 0in;\"><b><u><span style=\"font-size:\r\n          14.0pt\">البند الثانى&nbsp;عشر</span></u></b></p>\r\n          </blockquote>\r\n\r\n          <p dir=\"RTL\" style=\"margin-right:-1.15pt\"><span style=\"font-size: 18.6667px;\">ينص هذا العقد على ان نسبة الطرف الاول <span id=\"first_part_percent\">50%</span> ونسبة الطرف الثانى <span id=\"second_part_percent\">50%</span></span></p>\r\n\r\n          <p dir=\"RTL\" style=\"margin-right:-1.15pt\"><span lang=\"AR-SA\" style=\"font-size:14.0pt;\"><o:p> </o:p></span></p>', '1', 159, '2020-10-20 15:43:25', '2020-10-20 15:45:55', 1),
(32, '<table width=\"100%\" dir=\"rtl\">\r\n            <tbody>\r\n                <tr>\r\n                    <td width=\"50%\">\r\n                        <h3><u>الطرف الاول</u></h3>\r\n                    </td>\r\n                    <td width=\"50%\">\r\n                        <h3><u>الطرف الثاني</u></h3>\r\n                    </td>\r\n                </tr>\r\n                <tr>\r\n                    <td>شركة/ <span id=\"first_part_name\">DigiZone\r\n                                        </span> </td>\r\n                    <td>شركة/ <span id=\"second_part_name\">Etisalat Misr</span> </td>\r\n                </tr>\r\n                <tr>\r\n                    <td>الاسم : <span id=\"first_part_person\">haytham</span></td>\r\n                    <td>الاسم : <span id=\"second_part_person\">etisalat</span></td>\r\n                </tr>\r\n                <tr>\r\n                    <td>الصفة : <span id=\"first_part_character\">ceo</span></td>\r\n                    <td>الصفة : <span id=\"second_part_character\">contnet owner</span></td>\r\n                </tr>\r\n                <tr>\r\n                    <td>\r\n                        <p style=\"line-height:150%;vertical-align:bottom\"><br>التوقيع: <span id=\"first_part_signature\"></span></p>\r\n                    </td>\r\n                    <td>\r\n                        <p style=\"line-height:150%;vertical-align:bottom\"><br>التوقيع:<span id=\"second_part_signature\"></span></p>\r\n                    </td>\r\n                </tr>\r\n                <tr>\r\n                    <td>\r\n                        <p style=\"line-height:250%;vertical-align:bottom\"><br>خاتم الشركة : <span id=\"first_part_seal\"></span></p>\r\n                    </td>\r\n                    <td>\r\n                        <p style=\"line-height:250%;vertical-align:bottom\"><br>خاتم الشركة : <span id=\"second_part_seal\"></span></p>\r\n                    </td>\r\n                </tr>\r\n            </tbody>\r\n        </table>', '', 159, '2020-10-20 15:43:26', '2020-10-20 15:43:26', 1);
INSERT INTO `contract_items` (`id`, `item`, `department_ids`, `contract_id`, `created_at`, `updated_at`, `fullapproves`) VALUES
(33, '<p class=\"MsoNormal\" dir=\"RTL\" style=\"text-align: right; break-after: avoid;\"><b><span lang=\"AR-SA\" style=\"font-size:\r\n                14.0pt\"> أنه فى يوم <span id=\"signed_date\">٢٠٢٠/١١/٠١</span> الموافق </span></b><b><span lang=\"AR-SA\" style=\"font-size:14.0pt;mso-bidi-language:AR-SA;mso-no-proof:no\"> <span id=\"day_name\">الأحد</span> تحرر هذا\r\n                        العقد بين كل من:<o:p></o:p></span></b></p>\r\n            <p class=\"MsoNormal\" dir=\"RTL\" style=\"mso-pagination:none;page-break-after:avoid;\r\n                tab-stops:60.7pt\"><b><span lang=\"AR-SA\" style=\"font-size:14.0pt;\">\r\n                        <o:p> </o:p>\r\n                    </span></b></p>\r\n            <p class=\"MsoNormal\" dir=\"RTL\" style=\"text-align: right; margin-right: 40.2pt; text-indent: -20.1pt; line-height: 115%; break-after: avoid;\"><span lang=\"AR-SA\" style=\"font-size:14.0pt;line-height:115%;\"> أولا: السادة / شركة <span id=\"first_part_name\">DigiZone\r\n                                        </span>\r\n                    .<o:p></o:p></span></p>\r\n            <p class=\"MsoNormal\" dir=\"RTL\" style=\"text-align: right; margin-right: 40.2pt; text-indent: -20.1pt; line-height: 115%; break-after: avoid;\"><span lang=\"AR-SA\" style=\"font-size:14.0pt;line-height:115%;\"> الكائن مقرها في <span id=\"first_part_address\">cairo</span>\r\n                    و لها سجل تجارى رقم <span id=\"first_commercial_register_no\">1111</span> و\r\n                    بطاقة ضريبية رقم <span id=\"first_tax_card_no\">45454</span>، و يمثلها فى هذا العقد السيد\r\n                    <span id=\"first_part_person\">احمد علي</span> بصفته <span id=\"first_part_character\">المدير العام </span>.</span><span dir=\"LTR\"></span><span dir=\"LTR\"></span><span lang=\"AR-SA\" dir=\"LTR\" style=\"font-size:14.0pt;line-height:\r\n                115%;mso-no-proof:no\"><span dir=\"LTR\"></span><span dir=\"LTR\"></span> </span><span lang=\"AR-EG\" style=\"font-size:14.0pt;line-height:115%;mso-no-proof:no\">\r\n                    <o:p></o:p>\r\n                </span></p>\r\n            <p class=\"MsoNormal\" dir=\"RTL\" style=\"margin-right:40.2pt;text-indent:-20.1pt;\r\n                line-height:115%;mso-pagination:none;page-break-after:avoid;tab-stops:60.7pt\"><span lang=\"AR-EG\" style=\"font-size:14.0pt;line-height:115%;\"></span><span lang=\"AR-SA\" style=\"font-size:14.0pt;line-height:115%;\">\r\n                    (ويشار إليه بالطرف\r\n                    الأول)<o:p></o:p></span></p>\r\n            <p class=\"MsoNormal\" align=\"right\" dir=\"RTL\" style=\"margin-right: 20.1pt; text-indent: -20.1pt; line-height: 115%; break-after: avoid;\"><span lang=\"AR-SA\" style=\"font-size:14.0pt;line-height:\r\n                115%;\">\r\n                    <o:p> </o:p>\r\n                </span></p>\r\n            <p class=\"MsoNormal\" dir=\"RTL\" style=\"text-align: right; margin-right: 40.2pt; text-indent: -20.1pt; line-height: 115%; break-after: avoid;\"><span lang=\"AR-SA\" style=\"font-size:14.0pt;\r\n                line-height:115%;\">ثانيا: </span><span lang=\"AR-SA\" style=\"font-size:14.0pt;line-height:115%;mso-bidi-language:AR-SA;\"> السادة / شركة <span id=\"second_part_name\">Mashary Rashed Al Afasy</span> .</span></p>\r\n            <p class=\"MsoNormal\" dir=\"RTL\" style=\"text-align: right; margin-right: 40.2pt; text-indent: -20.1pt; line-height: 115%; break-after: avoid;\"><span lang=\"AR-SA\" style=\"font-size:14.0pt;line-height:115%;\"> الكائن مقرها في <span id=\"second_part_address\">الكويت</span> و لها سجل تجارى رقم <span id=\"second_commercial_register_no\">78787</span> و\r\n                    بطاقة ضريبية رقم <span id=\"second_tax_card_no\">888</span>و يمثلها فى هذا العقد السيد\r\n                    <span id=\"second_part_person\">مشاري</span> بصفته <span id=\"second_part_character\">صاحب المحتوي</span>.</span><span dir=\"LTR\"></span><span dir=\"LTR\"></span><span lang=\"AR-SA\" dir=\"LTR\" style=\"font-size:14.0pt;line-height:\r\n                115%;mso-no-proof:no\"><span dir=\"LTR\"></span><span dir=\"LTR\"></span> </span><span lang=\"AR-EG\" style=\"font-size:14.0pt;line-height:115%;\"></span></p>\r\n            <p class=\"MsoNormal\" dir=\"RTL\" style=\"margin-right:40.2pt;text-indent:-20.1pt;\r\n                line-height:115%;mso-pagination:none;page-break-after:avoid;tab-stops:60.7pt\"><span lang=\"AR-EG\" style=\"font-size:14.0pt;line-height:115%;mso-no-proof:no\"></span><span lang=\"AR-SA\" style=\"font-size:14.0pt;line-height:115%;mso-bidi-language:AR-SA;\"> (ويشار إليه بالطرف الثاني)<o:p></o:p></span>\r\n            </p>', '1', 169, '2020-10-28 15:55:34', '2020-10-28 15:55:34', 0),
(34, '<div style=\"margin-right:-1.15pt;text-align: right;\">\r\n    <p class=\"MsoNormal\" align=\"center\" dir=\"RTL\" style=\"text-align:center;line-height:\r\n    150%\">\r\n    <b><u><span lang=\"AR-EG\" style=\"font-size:14.0pt;line-height:150%\">\r\n    تمهيـــــد</span></u></b>\r\n    </p>\r\n    <p class=\"MsoNormal\" align=\"right\" dir=\"RTL\" style=\"text-align: right; line-height: 150%;font-size:14.0pt;\">\r\n    الطرف الأول قدم نفسه على أنه هو حاصل على حقوق استغلال مجموعة من المصنفات الفنية والمدرج بيانها في ملاحق او تفويضات هذا العقد ، بما يمكنه من التعاقد عليها و منح الطرف الثانى حق إتاحتها عبر خدمة الـ <span id=\"services\"></span> بشكل حصرى على شبكة  <span id=\"operators\"></span>\r\n    </p>\r\n    <p class=\"MsoNormal\" align=\"right\" dir=\"RTL\" style=\"text-align: right; line-height: 150%;font-size:14.0pt;\">\r\n    وحيث أن الطرف الثاني يعمل فى مجال تقديم خدمات القيمة المضافة للهاتف المحمول .</p>\r\n    <p class=\"MsoNormal\" align=\"right\" dir=\"RTL\" style=\"text-align: right; line-height: 150%;font-size:14.0pt;\">\r\n    ولما رغب الطرفان فى التعاون فيما بينهما فقد إتفق وتراضى الطرفان بعد أن أقر كل منهما بأهليته القانونية للتعاقد وخلو إرادته من كافة عيوب الرضا على ما يلى:</p>\r\n    <div></div></div>', '', 169, '2020-10-28 15:55:36', '2020-10-28 15:55:36', 1),
(35, '<p class=\"MsoNormal\" align=\"center\" dir=\"RTL\" style=\"text-align:center;line-height:\r\n    150%\"><b><u><span lang=\"AR-EG\" style=\"font-size:14.0pt;line-height:150%\">البند\r\n    الأول<o:p></o:p></span></u></b></p>\r\n\r\n    <p class=\"MsoNormal\" dir=\"RTL\" style=\"margin-right:.25in;text-align:justify;\r\n    line-height:115%;mso-pagination:none;page-break-after:avoid;tab-stops:60.7pt\"><span lang=\"AR-SA\" style=\"font-size:14.0pt;line-height:115%;mso-bidi-language:AR-SA;\r\n    mso-no-proof:no\">يعتبر التمهيد السابق جزء لا يتجزأ من هذا العقد ومتمما له\r\n    ولأحكامة ولا يفسر بدونه.<o:p></o:p></span></p>', '', 169, '2020-10-28 15:55:36', '2020-10-28 15:55:36', 1),
(36, '<p class=\"MsoNormal\" align=\"center\" dir=\"RTL\" style=\"text-align:center;line-height:\r\n    150%\"><b><u><span lang=\"AR-EG\" style=\"font-size:14.0pt;line-height:150%\">البند\r\n    الثانى<o:p></o:p></span></u></b></p>\r\n\r\n    <p class=\"MsoNormal\" dir=\"RTL\" style=\"font-size:14.0pt;text-align: right; margin-right: 0.25in; line-height: 115%; break-after: avoid;\"><br></p><p class=\"MsoNormal\" dir=\"RTL\" style=\"text-align: right; margin-right: 0.25in; line-height: 115%; break-after: avoid;font-size:14.0pt;\">منح الطرف الأول الطرف الثانى بموجب هذا العقد الحق الحصرى في إستغلال والتراخيص باستغلال الأغاني والمصنفات الفنية المتضمنه فى ملاحق هذا العقد وكذا المقاطع الغنائية الخاصة بها وصور المطرب المؤدي لها للاستغلال عبر شبكة <span id=\"operators\"></span>             ، بحيث يقوم الطرف الثانى بإستغلالها بشكل حصرى على شبكة <span id=\"operators\"></span>                               بإستخدام خدمات التفاعل الصوتى عبر الهاتف ( خدمة رنين المتصل RBT ) لمستخدمى تلك الخدمات وبحيث يتمكن مستخدم الخدمة من إستغلال المصنفات الفنية بكافة أشكالها للاستماع  عبر الـ RBT  خدمة الكول تون .</p><div style=\"text-align: right;\"><br></div>', '', 169, '2020-10-28 15:55:36', '2020-10-28 15:55:36', 1),
(37, '<p class=\"MsoNormal\" align=\"center\" dir=\"RTL\" style=\"text-align:center;line-height:\r\n    150%\"><b><u><span lang=\"AR-EG\" style=\"font-size:14.0pt;line-height:150%\">البند\r\n    الثالث</span></u></b><span lang=\"AR-SA\" style=\"font-size:14.0pt;line-height:150%;\r\n    mso-bidi-language:AR-SA;mso-no-proof:no\"><o:p></o:p></span></p>\r\n\r\n    <p class=\"MsoNormal\" dir=\"RTL\" style=\"margin-right:.25in;text-align:justify;\r\n    line-height:115%;tab-stops:60.7pt\"><span lang=\"AR-SA\" style=\"font-size:14.0pt;\r\n    line-height:115%;mso-bidi-language:AR-SA;mso-no-proof:no\">مقابل الحقوق الممنوحة\r\n    من الطرف الأول للطرف الثانى فى البند الثانى أعلاه يقوم الطرف الثاني بإعطاء\r\n    الطرف الأول نسبة تعادل        % (          بالمائة) من صافى الدخل ويعتبر صافى\r\n    الدخل هو العائدات النقدية المحصلة والمحققة من تقديم الخدمات محل العقد بعد خصم\r\n    حصة شركات الاتصالات وأى مصاريف حكومية خاصة بنشاط خدمات القيمة المضافة على أن\r\n    تتم المحاسبة بصفة شهريه ، هذا ويتم إحتساب حصة الطرف الأول بناء على التقارير\r\n    التى تصدر عن شركات الاتصالات والتى تعتبر نهائية وملزمة للطرفين والتى يحق للطرف\r\n    الاول الاطلاع عليها ومراجعتها ، مع التزام الطرف الثانى بإرسال تقارير شهرية من\r\n    واقع التقارير المالية الصادره عن شركات الاتصالات خلال 10 ايام من تاريخ استلامها\r\n    حتى يتسنى للطرف الاول تقديم فاتورة مطالبة لإستلام حصته من صافى الايرادات .<o:p></o:p></span></p>', '', 169, '2020-10-28 15:55:36', '2020-10-28 15:55:36', 1),
(38, '<p class=\"MsoNormal\" align=\"center\" dir=\"RTL\" style=\"text-align:center;line-height:\r\n    150%\"><b><u><span lang=\"AR-EG\" style=\"font-size:14.0pt;line-height:150%\">البند\r\n    الرابع</span></u></b><span lang=\"AR-SA\" style=\"font-size:14.0pt;line-height:150%;\r\n    mso-bidi-language:AR-SA;mso-no-proof:no\"><o:p></o:p></span></p><p class=\"MsoNormal\" align=\"center\" dir=\"RTL\" style=\"text-align:center;line-height:\r\n    150%\">\r\n\r\n    </p><p class=\"MsoNormal\" dir=\"RTL\" style=\"margin-right:.25in;text-align:justify;\r\n    line-height:115%;mso-pagination:none;page-break-after:avoid;tab-stops:60.7pt\"><span lang=\"AR-SA\" style=\"font-size:14.0pt;line-height:115%;mso-bidi-language:AR-SA;\r\n    mso-no-proof:no\">يتعهد الطرف الأول بأنه يمتلك كافة حقوق استغلال المصنفات\r\n    المذكورة فى تمهيد هذا العقد بما فيها تحويلها وبثها واستخدامها للتليفون المحمول\r\n    وبأنه يمتلك الحق بترخيص تلك الحقوق للطرف الثانى ويتعهد بمسئوليته الكاملة أمام\r\n    أى طرف ثالث قد يدعى أى حقوق له على تلك المصنفات بما فيهم المؤلفين والملحنين\r\n    بحيث لا يكون الطرف الثاني مسؤولا عن أية قضايا أو منازعات تقام علي الطرف الأول\r\n    لأسباب  تتعلق بمنحه للطرف الثانى الحقوق\r\n    الواردة بهذا العقد، وبحيث يتحمل الطرف الأول المسئولية كاملة في كل قضايا أو\r\n    منازعات تقام علي الطرف الثاني لأسباب تتعلق بمضمون أو محتوى أو ملكية تلك\r\n    المصنفات.</span><span dir=\"LTR\" style=\"font-size:14.0pt;line-height:115%;\r\n    mso-bidi-language:AR-SA;mso-no-proof:no\"><o:p></o:p></span></p>', '', 169, '2020-10-28 15:55:36', '2020-10-28 15:55:36', 1),
(39, '<p class=\"MsoNormal\" align=\"center\" dir=\"RTL\" style=\"text-align:center;line-height:\r\n    150%\"><b><u><span lang=\"AR-EG\" style=\"font-size:14.0pt;line-height:150%\">البند\r\n    الخامس</span></u></b><span lang=\"AR-EG\" style=\"font-size:14.0pt;line-height:150%;\r\n    mso-no-proof:no\"><o:p></o:p></span></p>\r\n\r\n    <p class=\"MsoNormal\" dir=\"RTL\" style=\"margin-right:.25in;text-align:justify;\r\n    line-height:115%;mso-pagination:none;page-break-after:avoid;tab-stops:60.7pt\"><span lang=\"AR-SA\" style=\"font-size:14.0pt;line-height:115%;mso-bidi-language:AR-SA;\r\n    mso-no-proof:no\">مدة هذا العقد   <span id=\"peroid\"></span> سنه ميلادية وتتجدد تلقائيا ما لم يخطر أحد الطرفين الآخر\r\n    برغبته فى عدم التجديد قبل نهايتها بشهر على الأقل.<o:p></o:p></span></p>', '', 169, '2020-10-28 15:55:36', '2020-10-28 15:55:36', 1),
(40, '<p class=\"MsoNormal\" align=\"center\" dir=\"RTL\" style=\"text-align:center;line-height:150%\"><b><u><span style=\"font-size:14.0pt;line-height:150%\">البند\r\n    السادس</span></u></b><span lang=\"AR-SA\" style=\"font-size:14.0pt;line-height:150%;\"></span></p>\r\n\r\n    <p class=\"MsoNormal\" align=\"center\" dir=\"RTL\" style=\"text-align:center;line-height:\r\n    150%\"><b><u></u></b><b><u><span style=\"font-size:14.0pt;line-height:150%\">سرية المعلومات</span></u></b></p>\r\n\r\n    <p class=\"MsoNormal\" dir=\"RTL\" style=\"margin-right:.25in;text-align:justify;\r\n    line-height:115%;tab-stops:60.7pt\"><span lang=\"AR-SA\" style=\"font-size:14.0pt;line-height:115%;\">يلتزم كل طرف ويتعهد للطرف الآخر بالمحافظة على سرية جميع\r\n    المعلومات التى تصل إليه بصفته طرفاً فى هذا العقد ويتعهد بأن يبذل قصارى جهده لكي\r\n    يحافظ هو وموظفيه والأشخاص التابعين له على سرية هذه المعلومات ، ولا يجوز لأي من\r\n    طرفي العقد إفشاء أو إستخدام أي من الأسرار التى قد يطلع عليها بموجب هذا العقد\r\n    إلا بعد الحصول على الموافقة الكتابية المسبقة للطرف الآخر.</span></p>', '', 169, '2020-10-28 15:55:36', '2020-10-28 15:55:36', 1),
(41, '<p class=\"MsoNormal\" align=\"center\" dir=\"RTL\" style=\"text-align:center;line-height:\r\n    150%\"><b><u><span lang=\"AR-EG\" style=\"font-size:14.0pt;line-height:150%\">البند\r\n    السابع ( التنازل عن العقد )</span></u></b></p>\r\n\r\n    <p class=\"MsoNormal\" dir=\"RTL\" style=\"margin-right:.25in;text-align:justify;\r\n    line-height:115%;mso-pagination:none;page-break-after:avoid;tab-stops:60.7pt\"><span lang=\"AR-SA\" style=\"font-size:14.0pt;line-height:115%;mso-bidi-language:AR-SA;\r\n    mso-no-proof:no\">لا يحق للطرفين التنازل أو حوالة هذا العقد أو اي من حقوقه\r\n    الواردة فيه أو ملحقاته الي اى طرف آخر الا بعد موافقة الطرف الاخر كتابتة على ذلك\r\n    .<o:p></o:p></span></p>', '', 169, '2020-10-28 15:55:36', '2020-10-28 15:55:36', 1),
(42, '<p class=\"MsoNormal\" align=\"center\" dir=\"RTL\" style=\"text-align:center;line-height:\r\n    150%\"><b><u><span lang=\"AR-EG\" style=\"font-size:14.0pt;line-height:150%\">البند\r\n    الثامن ( انهاء العقد )<o:p></o:p></span></u></b></p>\r\n\r\n    <p class=\"MsoNormal\" dir=\"RTL\" style=\"margin-right:.25in;text-align:justify;\r\n    line-height:115%;mso-pagination:none;page-break-after:avoid;tab-stops:60.7pt\"><span lang=\"AR-SA\" style=\"font-size:14.0pt;line-height:115%;mso-bidi-language:AR-SA;\r\n    mso-no-proof:no\">1- عند إنتهاء العقد ، يتوقف الطرف الثانى عن إستغلال محتوى\r\n    الطرف الاول , وتقديم كشف الحساب الخاص بالخدمة إلى الطرف الاول حتى تاريخ إنتهاء\r\n    الخدمة .</span><span dir=\"LTR\" style=\"font-size:14.0pt;line-height:115%;\r\n    mso-bidi-language:AR-SA;mso-no-proof:no\"><o:p></o:p></span></p>\r\n\r\n    <p class=\"MsoNormal\" dir=\"RTL\" style=\"margin-right:.25in;text-align:justify;\r\n    line-height:115%;mso-pagination:none;page-break-after:avoid;tab-stops:60.7pt\"><span dir=\"RTL\"></span><span dir=\"RTL\"></span><span lang=\"AR-SA\" style=\"font-size:14.0pt;\r\n    line-height:115%;mso-bidi-language:AR-SA;mso-no-proof:no\"><span dir=\"RTL\"></span><span dir=\"RTL\"></span>2- إتفق الطرفان على أن الحالات التّالية تعتبر من قبيل الظّروف\r\n    الإستثنائيّة أو القوة القاهرة التى تبرّر الإنهاء السّابق من قبل الطّرف الآخر:\r\n    الإفلاس، خلال الفترات الإستثنائية كالحروب، الكوارث، الأضطرابات ، تعيين قيم أو\r\n    مصفى أو حارس قضائى.</span><span dir=\"LTR\" style=\"font-size:14.0pt;line-height:\r\n    115%;mso-bidi-language:AR-SA;mso-no-proof:no\"><o:p></o:p></span></p>\r\n\r\n    <p class=\"MsoNormal\" dir=\"RTL\" style=\"margin-right:.25in;text-align:justify;\r\n    line-height:115%;mso-pagination:none;page-break-after:avoid;tab-stops:60.7pt\"><span dir=\"RTL\"></span><span dir=\"RTL\"></span><span lang=\"AR-SA\" style=\"font-size:14.0pt;\r\n    line-height:115%;mso-bidi-language:AR-SA;mso-no-proof:no\"><span dir=\"RTL\"></span><span dir=\"RTL\"></span>3- يحق لأي من الطرفين إنهاء هذا العقد فوراً ودون الحاجة إلى\r\n    إنذار أو أعذار أو إتخاذ أي إجراء قانونى أو قضائى آخر فى حالة إخلال أي من\r\n    الطرفين بإلتزاماته او تعهداته الواردة فى هذا العقد ، وذلك شريطة إخطار الطرف\r\n    المخل بما وقع منه من إخلال والتنبيه عليه</span><span dir=\"LTR\"></span><span dir=\"LTR\"></span><span lang=\"AR-SA\" dir=\"LTR\" style=\"font-size:14.0pt;line-height:\r\n    115%;mso-bidi-language:AR-SA;mso-no-proof:no\"><span dir=\"LTR\"></span><span dir=\"LTR\"></span> </span><span lang=\"AR-SA\" style=\"font-size:14.0pt;line-height:\r\n    115%;mso-bidi-language:AR-SA;mso-no-proof:no\">بعلاجه خلال 15 يوماً من هذا\r\n    الإخطار ومرور تلك المدة دون علاج ما وقع منه من إخلال .<o:p></o:p></span></p>', '', 169, '2020-10-28 15:55:36', '2020-10-28 15:55:36', 1),
(43, '<p class=\"MsoNormal\" dir=\"RTL\" style=\"text-align: center;line-height: 115%; break-after: avoid;\"><b><u><span lang=\"AR-EG\" style=\"font-size:14.0pt;line-height:115%\">البند التاسع ( الأخطارات\r\n    والعناوين )</span></u></b></p>\r\n\r\n    <p class=\"MsoNormal\" dir=\"RTL\" style=\"margin-right:176.05pt;text-align:justify;\r\n    line-height:115%;mso-pagination:none;page-break-after:avoid;tab-stops:60.7pt 2.75in\"><span lang=\"AR-SA\" style=\"font-size:14.0pt;line-height:115%;mso-bidi-language:AR-SA;\r\n    mso-no-proof:no\">      </span><span lang=\"AR-SA\" style=\"font-size:6.0pt;line-height:115%;mso-bidi-language:AR-SA;\r\n    mso-no-proof:no\"><o:p></o:p></span></p>\r\n\r\n    <p class=\"MsoNormal\" dir=\"RTL\" style=\"margin-right:.25in;text-align:justify;\r\n    line-height:115%;mso-pagination:none;page-break-after:avoid;tab-stops:60.7pt\"><span lang=\"AR-SA\" style=\"font-size:14.0pt;line-height:115%;mso-bidi-language:AR-SA;\r\n    mso-no-proof:no\">كافة الاخطارات والمراسلات المتعلقة بهذا العقد تكون صحيحة\r\n    ومنتجة لاثارها القانونية إذا ما أرسلت بإنذار رسمي علي يد محضر او بالبريد المسجل\r\n    علي العناوين المذكورة اعلاه بالعقد أو أن تسلم إلي الشخص الموجه إليه باليد مقابل\r\n    إيصال بالاستلام ، وفي حالة تغيير عنوان المراسلات يلتزم كل طرف بإعلان الطرف\r\n    الاخر بعنوان مراسلاته الجديد ، كما اتفق الأطراف على استخدام الرسائل الالكترونية\r\n    (</span><span dir=\"LTR\" style=\"font-size:14.0pt;line-height:115%;mso-bidi-language:\r\n    AR-SA;mso-no-proof:no\">Emails </span><span dir=\"RTL\"></span><span dir=\"RTL\"></span><span lang=\"AR-SA\" style=\"font-size:14.0pt;line-height:115%;mso-bidi-language:AR-SA;\r\n    mso-no-proof:no\"><span dir=\"RTL\"></span><span dir=\"RTL\"></span> ) كوسيلة معتمدة للتخاطب بخصوص الاعمال اليومية\r\n    وتفاصيل العمل وتعتبر بمثابة الوثائق الخطية كما تعتبر الرسائل المرسلة من البريد\r\n    الالكتروني لأي فريق والمخزنة في نظام الفريق الآخر بمثابة موقعة وموثقة بمجرد إرسالها\r\n    دون الحاجة لتوثيقها بأي وسيلة أخرى او توقيعها بتوقيع الكتروني خاص او تخزينها\r\n    بشكل خاص.<o:p></o:p></span></p>', '', 169, '2020-10-28 15:55:36', '2020-10-28 15:55:36', 1),
(44, '<p class=\"MsoNormal\" dir=\"RTL\" style=\"margin-right:-1.15pt\"><b><u><span lang=\"AR-EG\">البريد\r\n    الألكترونى للطرف الأول</span></u><span lang=\"AR-EG\"> :</span></b><span lang=\"AR-EG\">        <span id=\"first_part_email\">emad@ivas.com.eg</span></span></p>\r\n\r\n    <p class=\"MsoNormal\" dir=\"RTL\" style=\"margin-right:64.45pt;text-align:justify\"></p>\r\n\r\n    <p class=\"MsoNormal\" dir=\"RTL\" style=\"margin-right:64.45pt;text-align:justify\"><b></b></p>\r\n\r\n    <p class=\"MsoNormal\" dir=\"RTL\" style=\"margin-right:-1.15pt;text-align:justify\"><b><span lang=\"AR-EG\">الأسم:     <span id=\"first_part_name\">DigiZone\r\n                                        </span>                رقم الموبيل: <span id=\"first_part_phone\">01223872695</span></span></b></p>\r\n\r\n    <p class=\"MsoNormal\" dir=\"RTL\" style=\"margin-right:64.45pt;text-align:justify\"></p>\r\n\r\n    <p class=\"MsoNormal\" dir=\"RTL\" style=\"margin-right:-1.15pt\"><b><u><span lang=\"AR-EG\">البريد\r\n    الألكترونى للطرف الثانى</span></u><span lang=\"AR-EG\"> :</span></b><span lang=\"AR-EG\">       <span id=\"second_part_email\">mishr@mishri.com</span></span></p>\r\n\r\n    <p class=\"MsoNormal\" dir=\"RTL\" style=\"margin-right:-1.15pt;text-align:justify\"><b><span lang=\"AR-EG\">الأسم:     <span id=\"second_part_name\">Mashary Rashed Al Afasy</span>                رقم الموبيل: <span id=\"second_part_phone\">01223872695</span></span></b></p>', '', 169, '2020-10-28 15:55:36', '2020-10-28 15:55:36', 1),
(45, '<p class=\"MsoNormal\" dir=\"RTL\" style=\"text-align: center;\"><b><span lang=\"AR-EG\" style=\"font-size:14.0pt\">\r\n    <u>البند العاشر<o:p></o:p></u></span></b>\r\n    </p>\r\n\r\n    <p class=\"MsoNormal\" dir=\"RTL\" style=\"margin-right:-1.15pt\"><span lang=\"AR-SA\" style=\"font-size:14.0pt;mso-bidi-language:AR-SA;mso-no-proof:no\">يخضع هذا العقد\r\n    لأحكام القوانين ونظام المحاكم المعمول بهما في جمهورية مصر العربية.</span></p>', '', 169, '2020-10-28 15:55:36', '2020-10-28 15:55:36', 1),
(46, '<blockquote style=\"margin: 0 0 0 40px; border: none; padding: 0px;\"><p dir=\"RTL\" style=\"text-align: center; margin: 0in 82.45pt 2pt 0in;\"><b><u><span style=\"font-size:\r\n    14.0pt\">البند الحادى عشر</span></u></b></p></blockquote>\r\n\r\n    <p dir=\"RTL\" style=\"margin-right:-1.15pt\"><span style=\"font-size:14.0pt;\">حرر هذا العقد\r\n    من نسختين أصليتين بيد كل طرف نسخة  و\r\n    النسخه مكونه من ثلاث ورقات للعمل بها عند الحاجة.<o:p></o:p></span></p>\r\n\r\n    <p dir=\"RTL\" style=\"margin-right:-1.15pt\"><span lang=\"AR-SA\" style=\"font-size:14.0pt;\"><o:p> </o:p></span></p>', '', 169, '2020-10-28 15:55:36', '2020-10-28 15:55:36', 1),
(47, '<blockquote style=\"margin: 0 0 0 40px; border: none; padding: 0px;\">\r\n              <p dir=\"RTL\" style=\"text-align: center; margin: 0in 82.45pt 2pt 0in;\"><b><u><span style=\"font-size:\r\n              14.0pt\">البند الثانى&nbsp;عشر</span></u></b></p>\r\n              </blockquote>\r\n\r\n              <p dir=\"RTL\" style=\"margin-right:-1.15pt\"><span style=\"font-size: 18.6667px;\">ينص هذا العقد على ان نسبة الطرف الاول <span id=\"first_part_percent\">50%</span> ونسبة الطرف الثانى <span id=\"second_part_percent\">50%</span></span></p>\r\n\r\n              <p dir=\"RTL\" style=\"margin-right:-1.15pt\"><span lang=\"AR-SA\" style=\"font-size:14.0pt;\"><o:p> </o:p></span></p>', '', 169, '2020-10-28 15:55:36', '2020-10-28 15:55:36', 1),
(48, '<table dir=\"rtl\" width=\"100%\">\r\n                <tbody>\r\n                  <tr>\r\n                    <td width=\"50%\">\r\n                    <h3><u>الطرف الاول</u></h3>\r\n                    </td>\r\n                    <td width=\"50%\">\r\n                    <h3><u>الطرف الثاني</u></h3>\r\n                    </td>\r\n                  </tr>\r\n                  <tr>\r\n                    <td>شركة/ <span id=\"first_part_name\">DigiZone\r\n                                        </span></td>\r\n                    <td>شركة/ <span id=\"second_part_name\">Mashary Rashed Al Afasy</span></td>\r\n                  </tr>\r\n                  <tr>\r\n                    <td>الاسم : <span id=\"first_part_person\">احمد علي</span></td>\r\n                    <td>الاسم : <span id=\"second_part_person\">مشاري</span></td>\r\n                  </tr>\r\n                  <tr>\r\n                    <td>الصفة : <span id=\"first_part_character\">المدير العام </span></td>\r\n                    <td>الصفة : <span id=\"second_part_character\">صاحب المحتوي</span></td>\r\n                  </tr>\r\n                  <tr>\r\n                    <td>\r\n                    <p style=\"line-height:150%;vertical-align:bottom\"><br>\r\n                    التوقيع: <span id=\"first_party_signature\"></span></p>\r\n                    </td>\r\n                    <td>\r\n                    <p style=\"line-height:150%;vertical-align:bottom\"><br>\r\n                    التوقيع: <span id=\"second_party_signature\"></span></p>\r\n                    </td>\r\n                  </tr>\r\n                  <tr>\r\n                    <td>\r\n                    <p style=\"line-height:250%;vertical-align:bottom\"><br>\r\n                    خاتم الشركة : <span id=\"first_party_seal\"></span></p>\r\n                    </td>\r\n                    <td>\r\n                    <p style=\"line-height:250%;vertical-align:bottom\"><br>\r\n                    خاتم الشركة : <span id=\"second_party_seal\"></span></p>\r\n                    </td>\r\n                  </tr>\r\n                </tbody>\r\n              </table>', '', 169, '2020-10-28 15:55:36', '2020-10-28 15:55:36', 1);

-- --------------------------------------------------------

--
-- Table structure for table `contract_items_approves`
--

CREATE TABLE `contract_items_approves` (
  `id` int(10) UNSIGNED NOT NULL,
  `user_id` int(10) UNSIGNED DEFAULT NULL,
  `contract_item_id` int(10) UNSIGNED DEFAULT NULL,
  `status` int(11) NOT NULL DEFAULT 0 COMMENT '2-approves 1-notapproves 0-notactions',
  `created_at` timestamp NULL DEFAULT NULL,
  `updated_at` timestamp NULL DEFAULT NULL
) ENGINE=InnoDB DEFAULT CHARSET=utf8mb4 COLLATE=utf8mb4_unicode_ci;

-- --------------------------------------------------------

--
-- Table structure for table `contract_renews`
--

CREATE TABLE `contract_renews` (
  `id` int(10) UNSIGNED NOT NULL,
  `contract_id` bigint(20) UNSIGNED NOT NULL,
  `renew_start_date` date NOT NULL,
  `renew_expire_date` date NOT NULL,
  `ceo_renew` tinyint(4) NOT NULL DEFAULT 0 COMMENT '0- no action | 1- renew | 2- not renew',
  `created_at` timestamp NULL DEFAULT NULL,
  `updated_at` timestamp NULL DEFAULT NULL
) ENGINE=MyISAM DEFAULT CHARSET=utf8mb4 COLLATE=utf8mb4_unicode_ci;

-- --------------------------------------------------------

--
-- Table structure for table `contract_services`
--

CREATE TABLE `contract_services` (
  `id` bigint(20) UNSIGNED NOT NULL,
  `contract_id` bigint(20) UNSIGNED NOT NULL,
  `title` varchar(191) COLLATE utf8mb4_unicode_ci NOT NULL,
  `created_at` timestamp NULL DEFAULT NULL,
  `updated_at` timestamp NULL DEFAULT NULL
) ENGINE=InnoDB DEFAULT CHARSET=utf8mb4 COLLATE=utf8mb4_unicode_ci;

--
-- Dumping data for table `contract_services`
--

INSERT INTO `contract_services` (`id`, `contract_id`, `title`, `created_at`, `updated_at`) VALUES
(29, 4, 'mishri alert for zain kuwait', '2020-09-10 13:23:54', '2020-10-07 14:58:35'),
(30, 4, 'mishri alert for ooredoo kuwait', '2020-09-10 13:23:58', '2020-10-07 14:58:35'),
(31, 4, 'mishri alert for stc kuwait', '2020-09-14 19:20:31', '2020-10-07 14:58:35'),
(32, 1, 'service2', '2020-09-14 19:20:44', '2020-09-14 19:20:44'),
(33, 2, 'service3', '2020-09-15 16:10:27', '2020-09-15 16:10:27'),
(34, 2, 'service4', '2020-09-15 16:10:38', '2020-09-15 16:10:38'),
(35, 2, 'service5', '2020-09-15 19:28:11', '2020-09-15 19:28:11'),
(36, 3, 'service1', '2020-09-16 15:26:22', '2020-09-16 15:26:22'),
(37, 3, 'service2', '2020-09-16 15:26:22', '2020-09-16 15:26:22'),
(38, 3, 'service3', '2020-09-16 15:26:22', '2020-09-16 15:26:22');

-- --------------------------------------------------------

--
-- Table structure for table `countries`
--

CREATE TABLE `countries` (
  `id` int(10) UNSIGNED NOT NULL,
  `title` varchar(191) COLLATE utf8mb4_unicode_ci NOT NULL,
  `created_at` timestamp NULL DEFAULT NULL,
  `updated_at` timestamp NULL DEFAULT NULL
) ENGINE=InnoDB DEFAULT CHARSET=utf8mb4 COLLATE=utf8mb4_unicode_ci;

--
-- Dumping data for table `countries`
--

INSERT INTO `countries` (`id`, `title`, `created_at`, `updated_at`) VALUES
(1, 'Egypt', '2020-07-22 17:44:23', NULL),
(2, 'Kuwait', '2020-07-22 17:44:31', NULL),
(3, 'KSA', '2020-07-22 17:44:37', NULL),
(4, 'UAE', '2020-07-22 17:52:02', NULL),
(5, 'Tunisia', '2020-07-22 17:52:11', NULL),
(6, 'Moroco', '2020-07-22 17:52:19', NULL),
(7, 'Algeria', '2020-07-22 17:52:51', NULL),
(8, 'Jordan', '2020-07-22 17:53:04', NULL),
(9, 'Qatar', '2020-07-22 18:09:32', NULL),
(10, 'Bahrain', '2020-07-22 18:09:41', NULL),
(11, 'Sudan', '2020-07-22 18:09:49', NULL),
(12, 'Palestine', '2020-07-22 18:09:58', NULL),
(13, 'Syria', '2020-07-22 18:24:16', NULL),
(14, 'Oman', '2020-07-22 18:24:58', NULL),
(15, 'Yaman', '2020-07-22 18:26:20', NULL),
(16, 'Iraq', '2020-07-22 18:26:33', NULL),
(17, 'Gulf Countries [KSA - Oman - Kuwait - Qatar - UAE - Bahrain]', '2020-07-26 15:25:54', NULL),
(18, 'Maghreb Countries [Morocco - Tunisia - Algeria - Mauritania - Libya]', '2020-07-26 15:31:42', NULL),
(19, 'Levant Countries [Syria - Lebanon - Palestine - Jordan]', '2020-07-26 16:00:44', NULL),
(20, 'libya', '2020-08-12 13:12:49', NULL),
(21, 'All countries', '2020-08-12 17:40:12', NULL),
(22, 'Afghanistan', '2020-08-31 16:21:22', NULL),
(23, 'Rwanda', '2020-08-31 17:16:08', NULL),
(24, 'Singapore', '2020-10-06 20:45:09', NULL),
(25, 'Malaysia', '2020-10-06 20:45:23', NULL),
(26, 'Nigeria', '2020-10-06 21:09:37', NULL);

-- --------------------------------------------------------

--
-- Table structure for table `currencies`
--

CREATE TABLE `currencies` (
  `id` int(10) UNSIGNED NOT NULL,
  `title` varchar(191) COLLATE utf8mb4_unicode_ci NOT NULL,
  `created_at` timestamp NULL DEFAULT NULL,
  `updated_at` timestamp NULL DEFAULT NULL
) ENGINE=InnoDB DEFAULT CHARSET=utf8mb4 COLLATE=utf8mb4_unicode_ci;

--
-- Dumping data for table `currencies`
--

INSERT INTO `currencies` (`id`, `title`, `created_at`, `updated_at`) VALUES
(1, 'USD', NULL, NULL),
(2, 'SAR', NULL, NULL),
(3, 'EGP', NULL, NULL),
(5, 'KWD', '2020-10-07 12:35:07', '2020-10-07 12:35:07');

-- --------------------------------------------------------

--
-- Table structure for table `departments`
--

CREATE TABLE `departments` (
  `id` int(10) UNSIGNED NOT NULL,
  `title` varchar(191) COLLATE utf8mb4_unicode_ci NOT NULL,
  `email` varchar(191) COLLATE utf8mb4_unicode_ci NOT NULL,
  `manager_id` int(10) UNSIGNED DEFAULT NULL,
  `created_at` timestamp NULL DEFAULT NULL,
  `updated_at` timestamp NULL DEFAULT NULL
) ENGINE=InnoDB DEFAULT CHARSET=utf8mb4 COLLATE=utf8mb4_unicode_ci;

--
-- Dumping data for table `departments`
--

INSERT INTO `departments` (`id`, `title`, `email`, `manager_id`, `created_at`, `updated_at`) VALUES
(3, 'superadmin', 'super_admin@ivas.com', 1, '2020-11-08 11:34:10', '2020-11-08 12:35:05'),
(4, 'RBT', 'rbt@ivas.com.eg', 13, '2020-11-08 12:33:23', '2020-11-08 12:33:23'),
(5, 'Subscriptions', 'Operations@ivas.com.eg', 15, '2020-11-08 12:36:10', '2020-11-08 12:38:20'),
(6, 'Digital Media', 'Operations@ivas.com.eg', 16, '2020-11-08 12:37:02', '2020-11-08 12:37:02'),
(7, 'Social Media', 'Social_Media@ivas.com.eg', 17, '2020-11-08 12:39:06', '2020-11-08 12:39:06'),
(8, 'Multimedia', 'Multimedia@ivas.com.eg', 18, '2020-11-08 12:39:38', '2020-11-08 12:39:38'),
(9, 'Development', 'Development@ivas.com.eg', 19, '2020-11-08 12:40:03', '2020-11-08 12:40:03'),
(10, 'IT', 'IT@ivas.com.eg', 20, '2020-11-08 12:40:36', '2020-11-08 12:40:36'),
(11, 'Legal', 'm.alqurashy@ivas.com.eg', 21, '2020-11-08 12:41:33', '2020-11-08 12:41:33'),
(12, 'CEO Assistant', 'dalia.soliman@ivas.com.eg', 22, '2020-11-08 12:42:21', '2020-11-08 12:42:21'),
(13, 'Content', 'Content@ivas.com.eg', 23, '2020-11-08 12:43:36', '2020-11-08 12:43:36'),
(14, 'Quality', 'cr@ivas.com.eg', 24, '2020-11-08 12:45:01', '2020-11-08 12:45:01'),
(15, 'RBT Upload', 'Uploading@ivas.com.eg', 25, '2020-11-08 12:46:02', '2020-11-08 12:46:02'),
(16, 'Reports', 'Financial.Reports@ivas.com.eg', 26, '2020-11-08 12:46:43', '2020-11-08 12:46:43'),
(17, 'Finance', 'finance@digizone.com.kw', 28, '2020-11-08 12:47:19', '2020-11-08 12:47:19');

-- --------------------------------------------------------

--
-- Table structure for table `employees`
--

CREATE TABLE `employees` (
  `id` int(10) UNSIGNED NOT NULL,
  `full_name` varchar(255) COLLATE utf8mb4_unicode_ci NOT NULL,
  `phone` varchar(11) COLLATE utf8mb4_unicode_ci DEFAULT NULL,
  `status` int(11) NOT NULL DEFAULT 1 COMMENT '1-in_work 0-leave',
  `sign_date` date NOT NULL,
  `release_date` date DEFAULT NULL,
  `birth_certificate` varchar(255) COLLATE utf8mb4_unicode_ci DEFAULT NULL,
  `graduation_certificate` varchar(255) COLLATE utf8mb4_unicode_ci DEFAULT NULL,
  `army_certificate` varchar(255) COLLATE utf8mb4_unicode_ci DEFAULT NULL,
  `insurance_certificate` varchar(255) COLLATE utf8mb4_unicode_ci DEFAULT NULL,
  `fish_watashbih` varchar(255) COLLATE utf8mb4_unicode_ci DEFAULT NULL,
  `created_at` timestamp NULL DEFAULT NULL,
  `updated_at` timestamp NULL DEFAULT NULL
) ENGINE=MyISAM DEFAULT CHARSET=utf8mb4 COLLATE=utf8mb4_unicode_ci;

--
-- Dumping data for table `employees`
--

INSERT INTO `employees` (`id`, `full_name`, `phone`, `status`, `sign_date`, `release_date`, `birth_certificate`, `graduation_certificate`, `army_certificate`, `insurance_certificate`, `fish_watashbih`, `created_at`, `updated_at`) VALUES
(4, 'Abdelaziz Hassan Zain Atef', NULL, 1, '2020-08-20', NULL, NULL, NULL, NULL, NULL, NULL, '2020-10-27 12:46:49', '2020-10-27 19:17:50'),
(6, 'Ahmed Mohammed Abdelhakim', NULL, 1, '2018-03-13', NULL, NULL, NULL, NULL, NULL, NULL, '2020-10-28 14:51:03', '2020-10-28 14:51:03'),
(7, 'Ahmed Gamal Mahmoud Ahmed', NULL, 1, '2019-08-19', NULL, NULL, NULL, NULL, NULL, NULL, '2020-10-28 14:53:43', '2020-10-28 14:53:43'),
(8, 'Ayatallah Goda Mohammed', NULL, 1, '2019-01-01', NULL, NULL, NULL, NULL, NULL, NULL, '2020-10-28 14:59:46', '2020-10-28 14:59:46'),
(9, 'Baher Talal Rady', NULL, 1, '2018-08-30', NULL, NULL, NULL, NULL, NULL, NULL, '2020-10-28 15:02:07', '2020-10-28 15:02:07'),
(10, 'Dalia Soliman Ibrahim', NULL, 1, '2018-02-13', NULL, NULL, NULL, NULL, NULL, NULL, '2020-10-28 15:05:58', '2020-10-28 15:05:58'),
(11, 'Emad Mohammed Mohammed Ali', NULL, 1, '2015-12-27', NULL, NULL, NULL, NULL, NULL, NULL, '2020-10-28 15:12:14', '2020-10-28 15:12:14'),
(12, 'Hesham Zaki Eloan', NULL, 1, '2016-02-01', NULL, NULL, NULL, NULL, NULL, NULL, '2020-10-28 15:13:45', '2020-10-28 15:13:45'),
(13, 'Hussien Saied Gomaa', NULL, 1, '2015-03-23', NULL, NULL, NULL, NULL, NULL, NULL, '2020-10-28 15:15:03', '2020-10-28 15:15:03'),
(14, 'Mohammed Abdelhai', NULL, 1, '2014-03-01', NULL, NULL, NULL, NULL, NULL, NULL, '2020-10-28 15:16:09', '2020-10-28 15:16:09'),
(15, 'Mohammed Gamal Eldien Fathallah', NULL, 1, '2017-01-01', NULL, NULL, NULL, NULL, NULL, NULL, '2020-10-28 15:17:22', '2020-10-28 15:17:22'),
(16, 'Mohammed Mahmoud Hamed', NULL, 1, '2019-02-02', NULL, NULL, NULL, NULL, NULL, NULL, '2020-10-28 15:18:33', '2020-10-28 15:18:33'),
(17, 'Nermien Atef Mostafa', NULL, 1, '2019-12-16', NULL, NULL, NULL, NULL, NULL, NULL, '2020-10-28 15:19:40', '2020-10-28 15:19:40'),
(18, 'Nermien Mansour Basiony', NULL, 1, '2018-08-30', NULL, NULL, NULL, NULL, NULL, NULL, '2020-10-28 15:21:13', '2020-10-28 15:21:13'),
(19, 'Omar Tarek Abbas', NULL, 1, '2019-10-01', NULL, NULL, NULL, NULL, NULL, NULL, '2020-10-28 15:22:43', '2020-10-28 15:22:43'),
(20, 'Osama Ahmed Abdelfatah Orabi', NULL, 1, '2016-05-03', NULL, '1603890450661.pdf', '1603890450286.pdf', '1603890450302.pdf', NULL, '1603890450269.pdf', '2020-10-28 15:23:49', '2020-10-28 17:07:30'),
(21, 'Radwa Atef Mahmoud', NULL, 1, '2019-11-03', NULL, NULL, NULL, NULL, NULL, NULL, '2020-10-28 15:24:41', '2020-10-28 15:24:41'),
(22, 'Raafat Ahmed Tawfiq', NULL, 1, '2019-08-20', NULL, NULL, NULL, NULL, NULL, NULL, '2020-10-28 15:25:58', '2020-10-28 15:25:58'),
(23, 'Salma Sameh Ibrahim', NULL, 1, '2020-01-09', NULL, NULL, NULL, NULL, NULL, NULL, '2020-10-28 15:26:59', '2020-10-28 15:26:59'),
(24, 'Sameh Abdelaziem Ahmed', NULL, 0, '2018-10-28', '2020-09-30', NULL, NULL, NULL, NULL, NULL, '2020-10-28 15:28:49', '2020-10-28 15:28:49'),
(25, 'Sayed Aaref Abdo', NULL, 1, '2014-10-01', NULL, NULL, NULL, NULL, NULL, NULL, '2020-10-28 15:30:25', '2020-10-28 15:30:25'),
(26, 'Yossef Asheaf Mostafa', NULL, 1, '2019-10-01', NULL, NULL, NULL, NULL, NULL, NULL, '2020-10-28 15:31:45', '2020-10-28 15:31:45');

-- --------------------------------------------------------

--
-- Table structure for table `employee_contracts`
--

CREATE TABLE `employee_contracts` (
  `id` int(10) UNSIGNED NOT NULL,
  `employee_id` int(10) UNSIGNED DEFAULT NULL,
  `sign_date` date NOT NULL,
  `contract_period` varchar(100) COLLATE utf8mb4_unicode_ci NOT NULL DEFAULT '1 Year',
  `end_date` date NOT NULL,
  `contract_status` int(11) NOT NULL DEFAULT 1 COMMENT '1-new 0-draft',
  `contract_attachment` text COLLATE utf8mb4_unicode_ci DEFAULT NULL,
  `created_at` timestamp NULL DEFAULT NULL,
  `updated_at` timestamp NULL DEFAULT NULL
) ENGINE=MyISAM DEFAULT CHARSET=utf8mb4 COLLATE=utf8mb4_unicode_ci;

--
-- Dumping data for table `employee_contracts`
--

INSERT INTO `employee_contracts` (`id`, `employee_id`, `sign_date`, `contract_period`, `end_date`, `contract_status`, `contract_attachment`, `created_at`, `updated_at`) VALUES
(3, 4, '2020-01-01', '1 Year', '2020-12-31', 0, '1603788506.pdf', '2020-10-27 12:48:26', '2020-10-28 15:08:35'),
(4, 6, '2020-01-01', '1 Year', '2020-12-31', 0, '1603882325.pdf', '2020-10-28 14:52:05', '2020-10-28 15:09:01'),
(5, 7, '2020-01-01', '1 Year', '2020-12-31', 0, '1603882528.pdf', '2020-10-28 14:55:28', '2020-10-28 15:09:11'),
(10, 8, '2019-01-01', '1 Year', '2019-12-31', 0, '1603883472.pdf', '2020-10-28 15:11:12', '2020-10-28 15:11:12'),
(7, 9, '2020-01-01', '1 Year', '2020-12-31', 1, '1603883029.pdf', '2020-10-28 15:03:49', '2020-10-28 15:03:49'),
(11, 11, '2020-01-01', '1 Year', '2020-12-31', 0, '1603883595.pdf', '2020-10-28 15:13:15', '2020-10-28 15:13:15'),
(9, 10, '2020-01-01', '1 Year', '2020-12-31', 0, '1603883210.pdf', '2020-10-28 15:06:50', '2020-10-28 15:07:56'),
(12, 12, '2020-01-01', '1 Year', '2020-12-31', 0, '1603883674.pdf', '2020-10-28 15:14:34', '2020-10-28 15:14:34'),
(13, 13, '2020-01-01', '1 Year', '2020-12-31', 0, '1603883748.pdf', '2020-10-28 15:15:48', '2020-10-28 15:15:48'),
(14, 14, '2020-01-01', '1 Year', '2020-12-31', 0, '1603883817.pdf', '2020-10-28 15:16:57', '2020-10-28 15:16:57'),
(15, 15, '2020-01-01', '1 Year', '2020-12-31', 0, '1603883900.pdf', '2020-10-28 15:18:20', '2020-10-28 15:18:20'),
(16, 16, '2020-01-01', '1 Year', '2020-12-31', 0, '1603883963.pdf', '2020-10-28 15:19:23', '2020-10-28 15:19:23'),
(17, 17, '2020-01-01', '1 Year', '2020-12-31', 0, '1603884025.pdf', '2020-10-28 15:20:25', '2020-10-28 15:20:25'),
(18, 18, '2020-01-01', '1 Year', '2020-12-31', 0, '1603884133.pdf', '2020-10-28 15:22:13', '2020-10-28 15:22:13'),
(19, 19, '2020-01-01', '1 Year', '2020-12-31', 0, '1603884217.pdf', '2020-10-28 15:23:37', '2020-10-28 15:23:37'),
(20, 20, '2020-01-01', '1 Year', '2020-12-31', 0, '1603884276.pdf', '2020-10-28 15:24:36', '2020-10-28 15:24:36'),
(21, 21, '2020-01-01', '1 Year', '2020-12-31', 0, '1603884336.pdf', '2020-10-28 15:25:36', '2020-10-28 15:25:36'),
(22, 22, '2020-01-01', '1 Year', '2020-12-31', 0, '1603884408.pdf', '2020-10-28 15:26:48', '2020-10-28 15:26:48'),
(23, 23, '2020-01-09', '1 Year', '2020-12-31', 0, '1603884504.pdf', '2020-10-28 15:28:24', '2020-10-28 15:28:24'),
(24, 24, '2020-01-01', '1 Year', '2020-12-31', 0, '1603884596.pdf', '2020-10-28 15:29:56', '2020-10-28 15:29:56'),
(25, 25, '2020-01-01', '1 Year', '2020-12-31', 0, '1603884668.pdf', '2020-10-28 15:31:08', '2020-10-28 15:31:08'),
(26, 26, '2020-01-01', '1 Year', '2020-12-31', 0, '1603884750.pdf', '2020-10-28 15:32:30', '2020-10-28 15:32:30');

-- --------------------------------------------------------

--
-- Table structure for table `first_parties`
--

CREATE TABLE `first_parties` (
  `id` bigint(20) UNSIGNED NOT NULL,
  `first_party_title` varchar(191) COLLATE utf8mb4_unicode_ci NOT NULL,
  `first_party_joining_date` date NOT NULL DEFAULT '2020-09-10',
  `created_at` timestamp NULL DEFAULT NULL,
  `updated_at` timestamp NULL DEFAULT NULL,
  `first_party_signature` varchar(191) COLLATE utf8mb4_unicode_ci DEFAULT NULL,
  `first_party_seal` varchar(191) COLLATE utf8mb4_unicode_ci DEFAULT NULL
) ENGINE=InnoDB DEFAULT CHARSET=utf8mb4 COLLATE=utf8mb4_unicode_ci;

--
-- Dumping data for table `first_parties`
--

INSERT INTO `first_parties` (`id`, `first_party_title`, `first_party_joining_date`, `created_at`, `updated_at`, `first_party_signature`, `first_party_seal`) VALUES
(1, 'iVAS', '2013-01-01', NULL, NULL, NULL, NULL),
(2, 'DigiZone', '2019-01-01', NULL, NULL, NULL, NULL);

-- --------------------------------------------------------

--
-- Table structure for table `migrations`
--

CREATE TABLE `migrations` (
  `id` int(10) UNSIGNED NOT NULL,
  `migration` varchar(191) COLLATE utf8mb4_unicode_ci NOT NULL,
  `batch` int(11) NOT NULL
) ENGINE=InnoDB DEFAULT CHARSET=utf8mb4 COLLATE=utf8mb4_unicode_ci;

--
-- Dumping data for table `migrations`
--

INSERT INTO `migrations` (`id`, `migration`, `batch`) VALUES
(1, '2014_10_12_000000_create_users_table', 1),
(2, '2014_10_12_100000_create_password_resets_table', 1),
(3, '2017_08_01_141233_create_permission_tables', 1),
(4, '2017_08_02_091157_aggregators', 1),
(5, '2017_08_02_091356_countries', 1),
(6, '2017_08_02_091457_operators', 1),
(7, '2017_08_02_091531_providers', 1),
(8, '2017_08_02_091653_occasions', 1),
(9, '2017_08_02_092035_rbts', 1),
(10, '2017_08_02_092417_currencies', 1),
(11, '2017_08_02_092528_types', 1),
(12, '2017_08_02_092853_reports', 1),
(13, '2017_08_02_104125_add_profile_image_to_user', 1),
(14, '2017_08_03_105704_remove_rbt_titke_ar_from_rbt', 1),
(15, '2017_08_07_085506_drop_reports_table', 1),
(16, '2017_08_07_085632_create_reports_table', 1),
(17, '2017_09_17_092342_add_rbt_id_to_reports_table', 1),
(18, '2017_09_17_115811_edit_reports_table_modify_total_and_share_revenue_by_sql', 1),
(19, '2017_10_09_102906_add_some_columns_to_rbts_table_handle_nex_excel', 1),
(20, '2017_10_16_135114_drop_provider_from_rbt', 1),
(21, '2017_10_17_071338_return_back_provider_id_rbt', 1),
(22, '2017_10_17_072304_drop_content_owner_from_rbts', 1),
(23, '2017_10_18_083014_add_foreignkey_to_reports', 1),
(24, '2017_10_22_145452_change_month_datatype', 1),
(25, '2019_02_12_144858_add_aggregator_id_to_users', 1),
(26, '2019_04_22_161443_create_permissions_table', 1),
(27, '2019_04_22_161443_create_role_has_permissions_table', 1),
(28, '2019_04_22_161443_create_roles_table', 1),
(29, '2019_04_22_161443_create_user_has_permissions_table', 1),
(30, '2019_04_22_161443_create_user_has_roles_table', 1),
(31, '2019_04_22_161445_add_foreign_keys_to_role_has_permissions_table', 1),
(32, '2019_04_22_161445_add_foreign_keys_to_user_has_permissions_table', 1),
(33, '2019_04_22_161445_add_foreign_keys_to_user_has_roles_table', 1),
(34, '2019_08_25_094545_create_contents_table', 1),
(35, '2019_08_25_094920_add_content_id_fk_to_rbts', 1),
(36, '2019_08_25_095042_add_internal_coding_to_rbts', 1),
(37, '2019_08_25_095135_create_departments_table', 1),
(38, '2019_08_25_095157_create_notifications_table', 1),
(45, '2019_12_11_093741_create_roadmaps_table', 2),
(46, '2020_09_10_092433_create_provider_contents_table', 2),
(47, '2020_09_10_103857_add_country_id_to_occasions_table', 3),
(48, '2020_09_14_111520_create_contract_duration_table', 4),
(49, '2020_09_14_111520_create_contract_services_table', 4),
(50, '2020_09_14_111520_create_contracts_table', 4),
(51, '2020_09_14_111520_create_first_parties_table', 4),
(52, '2020_09_14_111520_create_percentage_table', 4),
(53, '2020_09_14_111520_create_second_parties_table', 4),
(54, '2020_09_14_111520_create_second_party_types_table', 4),
(55, '2020_09_14_111520_create_service_types_table', 4),
(56, '2019_10_13_091104_add_second_parties', 5),
(57, '2019_10_13_091104_add_second_party', 5),
(58, '2019_10_13_091104_add_sql_seed', 6),
(59, '2020_09_14_150218_add_currency_to_curruncies', 7),
(60, '2020_09_14_145753_create_amount_revenu_table', 8),
(61, '2020_09_14_145806_create_revenus_table', 8),
(62, '2020_09_15_144447_drop_orgin_key_in_provider_contetns_table', 9),
(63, '2019_04_22_161443_create_settings_table', 10),
(64, '2020_09_16_132026_add_setting_type_data', 10),
(65, '2020_09_16_131331_add_all_countries_to_country', 11),
(66, '2019_08_25_094545_add_column_contents_table', 12),
(67, '2020_05_17_012301_create_attachments_table', 13),
(72, '2020_10_06_133624_create_templates_table', 14),
(73, '2020_10_06_133626_create_contract_items_table', 14),
(74, '2020_10_06_133627_create_contract_table_items_table', 14),
(75, '2020_10_12_075210_add_contract_type_to_contracts_table', 15),
(78, '2020_10_14_085731_contract_items_approves', 16),
(79, '2020_10_12_075210_add_column_contract_items_table', 17),
(80, '2020_10_11_145300_make_template_id_foriegn_key', 18),
(81, '2020_10_11_150046_templates_seeder', 19),
(82, '2020_10_11_150109_templates_item_seeder', 19),
(83, '2020_10_14_120144_update_items_in_template_items_table', 19),
(84, '2020_10_12_075210_add_column_contract_fullapproves_table', 20),
(85, '2020_10_18_144210_add_ceo_approve_to_contracts_table', 21),
(86, '2020_10_20_102421_add_contract_signed_date_in_contracts_table', 22),
(87, '2020_10_21_080143_add_signature_image_to_contracts_table', 22),
(88, '2020_10_21_133134_update_template_items_in_template_items_table', 23),
(89, '2020_10_21_133707_add_content_start_and_expire_date', 24),
(90, '2020_10_21_142051_add_signature_image_to_first_and_second_parties', 25),
(91, '2020_10_21_112510_create_employees_table', 26),
(92, '2020_10_21_112510_insert_employees_table', 26),
(93, '2020_10_21_113234_create_employee_contracts_table', 26),
(94, '2020_10_27_114530_insert_employees_sign_date_table', 27),
(95, '2020_10_28_091935_add_ceo_renew_to_contracts_table', 28),
(96, '2020_10_28_092529_create_contract_renews_table', 28),
(97, '2020_10_22_150118_add_data_to_settings_table', 29),
(98, '2020_10_25_120024_add_legal_role', 30),
(99, '2020_10_22_081452_add_rbt_start_and_end_expire_date', 31),
(100, '2020_10_28_121352_add_contract_duration_data', 32),
(101, '2020_11_02_083737_drop_foreign_key_from_content', 33),
(102, '2020_11_02_133148_make_second_party_joining_date_nullable', 33),
(103, '2020_11_02_145836_make_second_party_id_integer', 34),
(104, '2020_11_03_094305_make_foreign_key', 35),
(105, '2020_11_1_115580_insert_users_ceo_table', 35),
(106, '2020_11_03_101429_insert_data_to_settings', 36),
(107, '2020_11_03_111205_add_notify_to_roadmaps', 37),
(108, '2020_11_03_124913_insert_roadmap_action_to_setting', 38),
(109, '2020_11_03_122132_update_reports_table', 39),
(110, '2020_11_03_135741_change_joining_date_in_secondparties', 39),
(113, '2020_11_04_132511_create_routes_table', 40),
(114, '2020_11_04_150927_create_role_route_table', 41);

-- --------------------------------------------------------

--
-- Table structure for table `notifications`
--

CREATE TABLE `notifications` (
  `id` int(10) UNSIGNED NOT NULL,
  `notifier_id` int(11) NOT NULL,
  `notified_id` int(11) NOT NULL,
  `subject` varchar(191) COLLATE utf8mb4_unicode_ci NOT NULL,
  `link` varchar(500) COLLATE utf8mb4_unicode_ci NOT NULL,
  `seen` tinyint(1) NOT NULL DEFAULT 0 COMMENT '0 =not seen , 1 = seen ',
  `created_at` timestamp NULL DEFAULT NULL,
  `updated_at` timestamp NULL DEFAULT NULL
) ENGINE=InnoDB DEFAULT CHARSET=utf8mb4 COLLATE=utf8mb4_unicode_ci;

--
-- Dumping data for table `notifications`
--

INSERT INTO `notifications` (`id`, `notifier_id`, `notified_id`, `subject`, `link`, `seen`, `created_at`, `updated_at`) VALUES
(1, 1, 1, 'Add New Content You Can Follow It From This Link', 'http://localhost/rbt_system_php7/content/3/edit', 1, '2020-09-14 16:57:34', '2020-10-18 14:29:03'),
(2, 1, 1, 'Add New Content You Can Follow It From This Link', 'http://localhost/rbt_system_php7/content/4/edit', 1, '2020-09-14 16:58:22', '2020-10-18 14:29:03'),
(3, 1, 1, 'Add New Content You Can Follow It From This Link', 'http://localhost/rbt_system_php7/content/5/edit', 1, '2020-09-14 16:58:48', '2020-10-18 14:29:03'),
(4, 1, 1, 'Add New Content You Can Follow It From This Link', 'http://localhost/rbt_system_php7/content/6/edit', 1, '2020-09-14 16:59:37', '2020-10-18 14:29:03'),
(5, 1, 1, 'Add New Content You Can Follow It From This Link', 'http://localhost/rbt_system_php7/content/34/edit', 1, '2020-09-17 14:29:54', '2020-10-18 14:29:03'),
(6, 1, 1, 'Add New Content You Can Follow It From This Link', 'http://localhost/rbt_system_php7/content//edit', 1, '2020-09-20 16:48:39', '2020-10-18 14:29:03'),
(7, 1, 1, 'Add New Content You Can Follow It From This Link', 'http://localhost/rbt_system_php7/content//edit', 1, '2020-10-07 17:45:14', '2020-10-18 14:29:03'),
(8, 1, 1, 'Add New Content You Can Follow It From This Link', 'http://localhost/rbt_system_php7/content//edit', 1, '2020-10-12 14:59:49', '2020-10-18 14:29:03'),
(9, 1, 5, 'Add New Contract Item Message You Can Follow It From This Link', 'https://dev.digizone.com.kw/rbt_system_php7/contract_items_send/1/edit', 1, '2020-10-18 14:21:25', '2020-10-18 14:28:56'),
(10, 1, 2, 'Add New Contract Item Message You Can Follow It From This Link', 'https://dev.digizone.com.kw/rbt_system_php7/contract_items_send/2/edit', 1, '2020-10-18 14:21:25', '2020-10-18 14:29:07'),
(11, 1, 5, 'Add New Contract Item Message You Can Follow It From This Link', 'https://dev.digizone.com.kw/rbt_system_php7/contract_items_send/3/edit', 1, '2020-10-18 14:21:27', '2020-10-18 14:28:56'),
(12, 1, 2, 'Add New Contract Item Message You Can Follow It From This Link', 'https://dev.digizone.com.kw/rbt_system_php7/contract_items_send/4/edit', 1, '2020-10-18 14:21:27', '2020-10-18 14:29:07'),
(13, 1, 5, 'There is new contract items with label and code C#2020/10/20/1603194203 contract_new_test needed to approve ', 'https://dev.digizone.com.kw/rbt_system_php7/contract_items_send/5/edit', 1, '2020-10-20 15:43:23', '2020-10-20 15:46:06'),
(14, 1, 2, 'There is new contract items with label and code C#2020/10/20/1603194203 contract_new_test needed to approve ', 'https://dev.digizone.com.kw/rbt_system_php7/contract_items_send/6/edit', 0, '2020-10-20 15:43:23', '2020-10-20 15:43:23'),
(15, 1, 5, 'There is new contract items with label and code C#2020/10/20/1603194203 contract_new_test needed to approve ', 'https://dev.digizone.com.kw/rbt_system_php7/contract_items_send/7/edit', 1, '2020-10-20 15:43:25', '2020-10-20 15:45:33'),
(16, 1, 5, 'There is new contract items with label and code C#2020/10/28/1603886134 الشيخ مشاري needed to approve ', 'https://ivas.system.digizone.com.kw/contract_items_send/8/edit', 0, '2020-10-28 15:55:34', '2020-10-28 15:55:34'),
(17, 1, 1, 'Add New Content You Can Follow It From This Link', 'http://localhost/rbt_system_php7/content//edit', 0, '2020-11-08 09:16:05', '2020-11-08 09:16:05'),
(18, 1, 1, 'Add New Content You Can Follow It From This Link', 'http://localhost/rbt_system_php7/content//edit', 0, '2020-11-08 10:30:17', '2020-11-08 10:30:17'),
(19, 1, 1, 'Add New Content You Can Follow It From This Link', 'http://localhost/rbt_system_php7/content//edit', 0, '2020-11-08 10:32:15', '2020-11-08 10:32:15');

-- --------------------------------------------------------

--
-- Table structure for table `occasions`
--

CREATE TABLE `occasions` (
  `id` int(10) UNSIGNED NOT NULL,
  `title` varchar(191) COLLATE utf8mb4_unicode_ci NOT NULL,
  `created_at` timestamp NULL DEFAULT NULL,
  `updated_at` timestamp NULL DEFAULT NULL,
  `country_id` int(10) UNSIGNED NOT NULL
) ENGINE=InnoDB DEFAULT CHARSET=utf8mb4 COLLATE=utf8mb4_unicode_ci;

--
-- Dumping data for table `occasions`
--

INSERT INTO `occasions` (`id`, `title`, `created_at`, `updated_at`, `country_id`) VALUES
(22, 'المولد النبوي', '2020-10-27 17:36:07', '2020-10-27 17:36:07', 1),
(23, 'General', '2020-10-27 18:14:26', '2020-10-27 18:14:26', 1);

-- --------------------------------------------------------

--
-- Table structure for table `operators`
--

CREATE TABLE `operators` (
  `id` int(10) UNSIGNED NOT NULL,
  `title` varchar(191) COLLATE utf8mb4_unicode_ci NOT NULL,
  `country_id` int(10) UNSIGNED DEFAULT NULL,
  `created_at` timestamp NULL DEFAULT NULL,
  `updated_at` timestamp NULL DEFAULT NULL
) ENGINE=InnoDB DEFAULT CHARSET=utf8mb4 COLLATE=utf8mb4_unicode_ci;

--
-- Dumping data for table `operators`
--

INSERT INTO `operators` (`id`, `title`, `country_id`, `created_at`, `updated_at`) VALUES
(12, 'ooredoo - Kuwait', 2, '2020-08-12 14:52:39', NULL),
(13, 'Mobinil - Egypt', 1, '2020-08-31 13:33:45', NULL),
(14, 'Vodafone - Egypt', 1, '2020-08-31 13:42:40', NULL),
(15, 'Zain - Kuwait', 2, '2020-08-31 13:43:26', NULL),
(16, 'Zain - Iraq', 18, '2020-06-21 10:35:59', NULL),
(17, 'All - Tunisia', 5, '2020-08-31 13:44:47', NULL),
(18, 'Tunisie Telecom - Tunisia', 5, '2020-08-31 13:45:29', NULL),
(19, 'All - Iraq', 18, '2020-06-22 11:46:03', NULL),
(20, 'Youtube - All', 19, '2020-06-22 12:47:39', NULL),
(21, 'I-Tunes', 19, '2020-06-22 13:05:33', NULL),
(22, 'All - Sudan', 11, '2020-08-31 13:42:09', NULL),
(23, 'All - All', 19, '2020-06-23 07:19:11', NULL),
(24, 'Meditel - Morocco', 6, '2020-08-31 13:41:42', NULL),
(25, 'Inwi - Morocco', 6, '2020-08-31 13:41:01', NULL),
(26, 'Maroc Telecom - Morocco', 6, '2020-08-31 13:40:41', NULL),
(27, 'Djezzy - Algeria', 7, '2020-08-26 14:16:35', NULL),
(28, 'Vodafone - Qatar', 9, '2020-08-26 14:14:39', NULL),
(29, 'Ooredoo - Qatar', 9, '2020-08-25 16:31:15', NULL),
(30, 'MTN - Sudan', 11, '2020-08-31 13:40:14', NULL),
(31, 'Zain - Sudan', 11, '2020-08-31 13:39:32', NULL),
(32, 'Sudani One - Sudan', 11, '2020-08-31 13:38:57', NULL),
(33, 'Zain - Qatar', 9, '2020-08-26 14:17:01', NULL),
(34, 'All - Egypt', 1, '2020-08-31 13:38:30', NULL),
(35, 'STC - KSA', 3, '2020-08-31 13:38:09', NULL),
(36, 'Zain - KSA', 3, '2020-08-31 13:37:50', NULL),
(37, 'Watanya - Kuwait', 2, '2020-08-31 13:37:13', NULL),
(38, 'Mobily - KSA', 3, '2020-08-31 13:36:47', NULL),
(39, 'Tunisiana - Tunisia', 9, '2020-06-30 16:22:07', NULL),
(40, 'Tunisiana - Tunisia', 5, '2020-08-31 13:35:32', NULL),
(41, 'Qtel - Qatar', 9, '2020-08-26 14:13:47', NULL),
(42, 'Orange - Tunisia', 5, '2020-08-31 13:34:47', NULL),
(43, 'Viva - Kuwait', 2, '2020-08-31 13:33:17', NULL),
(44, 'libyana - libya', 20, '2020-08-12 13:22:07', NULL),
(45, 'libyana - libya', 20, '2020-08-12 13:22:08', NULL),
(46, 'korek tele - Iraq', 16, '2020-08-12 14:53:07', NULL),
(47, 'du - UAE', 4, '2020-08-12 14:53:21', NULL),
(48, 'etisalat - UAE', 4, '2020-08-12 14:53:44', NULL),
(49, 'zain - Jordan', 8, '2020-08-12 14:53:57', NULL),
(50, 'Umniah - Jordan', 8, '2020-08-12 14:54:51', NULL),
(51, 'etisalat - Egypt', 1, '2020-08-12 15:22:41', NULL),
(52, 'we - Egypt', 1, '2020-08-16 17:45:58', NULL),
(53, 'watanya - Palestine', 12, '2020-08-18 13:26:51', NULL),
(54, 'jawwal - Palestine', 12, '2020-08-18 13:27:52', NULL),
(55, 'renna - Oman', 14, '2020-08-18 13:29:24', NULL),
(56, 'orange - Jordan', 8, '2020-08-18 13:29:53', NULL),
(57, 'Ooredoo - Palestine', 12, '2020-08-19 11:21:36', NULL),
(58, 'All - Yaman', 15, '2020-08-25 18:49:55', NULL),
(59, 'ALL - Jordan', 8, '2020-08-26 13:44:47', NULL),
(60, 'ALL - Bahrain', 10, '2020-08-26 13:45:08', NULL),
(61, 'ALL - Oman', 14, '2020-08-26 13:45:26', NULL),
(62, 'ALL - Kuwait', 2, '2020-08-26 14:17:27', NULL),
(63, 'Virgin - KSA', 3, '2020-08-30 16:50:42', NULL),
(64, 'Omantel - Oman', 14, '2020-08-30 16:51:22', NULL),
(65, 'ooredoo - Algeria', 7, '2020-08-30 16:51:47', NULL),
(66, 'Sudatel - Sudan', 11, '2020-08-31 13:46:29', NULL),
(67, 'Etisalat - Afghanistan', 22, '2020-08-31 16:21:44', NULL),
(68, 'ALL - Rwanda', 23, '2020-08-31 17:16:43', NULL),
(69, 'YouTube Channel - All countries', 21, '2020-09-02 18:51:47', NULL),
(70, 'Radio - Egypt', 1, '2020-09-07 14:41:41', NULL),
(71, 'Etisalat - Moroco', 6, '2020-09-16 11:55:13', NULL),
(72, 'Mobilis - Algeria', 7, '2020-09-16 12:00:22', NULL),
(73, 'Digi - Malaysia', 25, '2020-10-06 20:46:07', NULL),
(74, 'Celcom - Malaysia', 25, '2020-10-06 20:46:40', NULL),
(75, 'Maxis - Malaysia', 25, '2020-10-06 20:47:58', NULL),
(76, 'U Mobile - Malaysia', 25, '2020-10-06 20:48:17', NULL),
(77, 'ALL - Nigeria', 26, '2020-10-06 21:10:08', NULL),
(78, 'Omai Qatari Tele - Oman', 14, '2020-10-06 23:58:57', NULL);

-- --------------------------------------------------------

--
-- Table structure for table `password_resets`
--

CREATE TABLE `password_resets` (
  `email` varchar(191) COLLATE utf8mb4_unicode_ci NOT NULL,
  `token` varchar(191) COLLATE utf8mb4_unicode_ci NOT NULL,
  `created_at` timestamp NOT NULL DEFAULT current_timestamp() ON UPDATE current_timestamp()
) ENGINE=InnoDB DEFAULT CHARSET=utf8mb4 COLLATE=utf8mb4_unicode_ci;

-- --------------------------------------------------------

--
-- Table structure for table `percentage`
--

CREATE TABLE `percentage` (
  `id` bigint(20) UNSIGNED NOT NULL,
  `percentage` tinyint(1) NOT NULL
) ENGINE=InnoDB DEFAULT CHARSET=utf8mb4 COLLATE=utf8mb4_unicode_ci;

--
-- Dumping data for table `percentage`
--

INSERT INTO `percentage` (`id`, `percentage`) VALUES
(1, 5),
(2, 10),
(3, 15),
(4, 20),
(5, 25),
(6, 30),
(7, 35),
(8, 40),
(9, 45),
(10, 50),
(11, 55),
(12, 60),
(13, 65),
(14, 70),
(15, 75),
(16, 80),
(17, 85),
(18, 90),
(19, 95),
(20, 0),
(21, 28);

-- --------------------------------------------------------

--
-- Table structure for table `permissions`
--

CREATE TABLE `permissions` (
  `id` int(10) UNSIGNED NOT NULL,
  `name` varchar(191) COLLATE utf8mb4_unicode_ci NOT NULL,
  `created_at` timestamp NULL DEFAULT NULL,
  `updated_at` timestamp NULL DEFAULT NULL
) ENGINE=InnoDB DEFAULT CHARSET=utf8mb4 COLLATE=utf8mb4_unicode_ci;

-- --------------------------------------------------------

--
-- Table structure for table `providers`
--

CREATE TABLE `providers` (
  `id` int(10) UNSIGNED NOT NULL,
  `title` varchar(191) COLLATE utf8mb4_unicode_ci NOT NULL,
  `created_at` timestamp NULL DEFAULT NULL,
  `updated_at` timestamp NULL DEFAULT NULL
) ENGINE=InnoDB DEFAULT CHARSET=utf8mb4 COLLATE=utf8mb4_unicode_ci;

--
-- Dumping data for table `providers`
--

INSERT INTO `providers` (`id`, `title`, `created_at`, `updated_at`) VALUES
(9, 'احمد الطلحي', '2020-10-27 17:36:07', '2020-10-27 17:36:07'),
(10, 'مروان الدكاني', '2020-10-27 18:14:26', '2020-10-27 18:14:26'),
(11, 'عمرو زكي وشواحة ', '2020-10-27 18:14:26', '2020-10-27 18:14:26'),
(12, 'عمرو زكي و ابو ليله', '2020-10-27 18:14:26', '2020-10-27 18:14:26'),
(13, 'هاني شاكر', '2020-10-27 18:14:26', '2020-10-27 18:14:26'),
(14, 'ياسمين علي', '2020-10-27 18:14:26', '2020-10-27 18:14:26'),
(15, 'خالد عجاج', '2020-10-27 18:14:26', '2020-10-27 18:14:26'),
(16, 'مدحت صالح', '2020-10-27 18:14:26', '2020-10-27 18:14:26'),
(17, 'تامر حسني', '2020-10-28 12:40:28', '2020-10-28 12:40:28'),
(18, 'تامر & شيرين ', '2020-10-28 12:40:28', '2020-10-28 12:40:28'),
(19, 'فري بيبي & تامر حسني ', '2020-10-28 12:40:28', '2020-10-28 12:40:28'),
(20, 'تامر حسني و بهاء', '2020-10-28 12:40:29', '2020-10-28 12:40:29'),
(21, 'بهاء سلطان', '2020-10-28 12:40:29', '2020-10-28 12:40:29'),
(22, 'بهاء سلطان ', '2020-10-28 12:40:29', '2020-10-28 12:40:29'),
(23, 'دياب', '2020-10-28 12:40:29', '2020-10-28 12:40:29'),
(24, 'هيثم شاكر', '2020-10-28 12:40:29', '2020-10-28 12:40:29'),
(25, 'محمد فؤاد', '2020-10-28 12:40:29', '2020-10-28 12:40:29'),
(26, 'محمد محى', '2020-10-28 12:40:29', '2020-10-28 12:40:29'),
(27, 'محمد منير', '2020-10-28 12:40:29', '2020-10-28 12:40:29'),
(28, 'سوما ', '2020-10-28 12:40:29', '2020-10-28 12:40:29'),
(29, 'مجموعة', '2020-10-28 12:40:29', '2020-10-28 12:40:29'),
(30, 'إيهاب عبد العزيز', '2020-10-28 12:40:29', '2020-10-28 12:40:29'),
(31, 'نامق', '2020-10-28 12:40:29', '2020-10-28 12:40:29'),
(32, 'أمين سامي', '2020-10-28 12:40:29', '2020-10-28 12:40:29'),
(33, 'حسن الإســمر', '2020-10-28 12:40:29', '2020-10-28 12:40:29'),
(34, 'خالد ومنير', '2020-10-28 12:40:29', '2020-10-28 12:40:29'),
(35, 'هدى عمار', '2020-10-28 12:40:29', '2020-10-28 12:40:29'),
(36, 'وليد سعد', '2020-10-28 12:40:29', '2020-10-28 12:40:29'),
(37, 'طلعت زين', '2020-10-28 12:40:29', '2020-10-28 12:40:29'),
(38, 'يسري', '2020-10-28 12:40:29', '2020-10-28 12:40:29'),
(39, 'محمـــــد فؤاد', '2020-10-28 12:40:30', '2020-10-28 12:40:30'),
(40, 'محمـــد منير', '2020-10-28 12:40:30', '2020-10-28 12:40:30'),
(41, 'هشــام عباس', '2020-10-28 12:40:30', '2020-10-28 12:40:30'),
(42, 'محمود عبد العزيز', '2020-10-28 12:40:30', '2020-10-28 12:40:30'),
(43, 'المجموعة', '2020-10-28 12:40:30', '2020-10-28 12:40:30'),
(44, 'محمد أبو الشيخ', '2020-10-28 12:40:30', '2020-10-28 12:40:30'),
(45, 'محمد محي', '2020-10-28 12:40:30', '2020-10-28 12:40:30'),
(46, 'محمد محي - شيرين', '2020-10-28 12:40:31', '2020-10-28 12:40:31'),
(47, 'دنيا', '2020-10-28 12:40:31', '2020-10-28 12:40:31'),
(48, 'عاشق الساكس ', '2020-10-28 12:40:31', '2020-10-28 12:40:31'),
(49, 'فري بيبي & شيرين', '2020-10-28 12:40:31', '2020-10-28 12:40:31'),
(50, 'محمد ابو الشيخ ', '2020-10-28 12:40:31', '2020-10-28 12:40:31');

-- --------------------------------------------------------

--
-- Table structure for table `provider_contents`
--

CREATE TABLE `provider_contents` (
  `id` int(10) UNSIGNED NOT NULL,
  `roadmap_id` int(10) UNSIGNED NOT NULL,
  `provider_id` int(10) UNSIGNED NOT NULL,
  `content_id` int(10) UNSIGNED NOT NULL,
  `rbt_track_specs` text COLLATE utf8mb4_unicode_ci NOT NULL,
  `created_at` timestamp NULL DEFAULT NULL,
  `updated_at` timestamp NULL DEFAULT NULL
) ENGINE=InnoDB DEFAULT CHARSET=utf8mb4 COLLATE=utf8mb4_unicode_ci;

--
-- Dumping data for table `provider_contents`
--

INSERT INTO `provider_contents` (`id`, `roadmap_id`, `provider_id`, `content_id`, `rbt_track_specs`, `created_at`, `updated_at`) VALUES
(47, 6, 1, 34, '26', NULL, NULL),
(48, 6, 2, 10, '23', NULL, NULL),
(49, 6, 8, 44, '32,33', NULL, NULL),
(52, 7, 1, 34, '26', NULL, NULL),
(53, 7, 8, 44, '32,33', NULL, NULL),
(56, 8, 1, 34, '26', NULL, NULL),
(57, 8, 8, 44, '33', NULL, NULL),
(61, 9, 1, 34, '26', NULL, NULL),
(62, 9, 8, 44, '33', NULL, NULL),
(63, 9, 2, 10, '23', NULL, NULL),
(64, 10, 163, 47, '37', NULL, NULL),
(65, 11, 41, 1117, '38', NULL, NULL);

-- --------------------------------------------------------

--
-- Table structure for table `rbts`
--

CREATE TABLE `rbts` (
  `id` int(10) UNSIGNED NOT NULL,
  `track_title_en` varchar(191) COLLATE utf8mb4_unicode_ci NOT NULL,
  `track_title_ar` varchar(191) COLLATE utf8mb4_unicode_ci DEFAULT NULL,
  `artist_name_en` varchar(191) COLLATE utf8mb4_unicode_ci DEFAULT NULL,
  `artist_name_ar` varchar(191) COLLATE utf8mb4_unicode_ci DEFAULT NULL,
  `album_name` varchar(191) COLLATE utf8mb4_unicode_ci DEFAULT NULL,
  `code` varchar(191) COLLATE utf8mb4_unicode_ci NOT NULL,
  `social_media_code` varchar(191) COLLATE utf8mb4_unicode_ci DEFAULT NULL,
  `owner` varchar(191) COLLATE utf8mb4_unicode_ci DEFAULT NULL,
  `track_file` varchar(191) COLLATE utf8mb4_unicode_ci DEFAULT NULL,
  `operator_id` int(10) UNSIGNED DEFAULT NULL,
  `occasion_id` int(10) UNSIGNED DEFAULT NULL,
  `aggregator_id` int(10) UNSIGNED DEFAULT NULL,
  `type` tinyint(1) NOT NULL DEFAULT 0 COMMENT '0=old excel , 1=new excel',
  `created_at` timestamp NULL DEFAULT NULL,
  `updated_at` timestamp NULL DEFAULT NULL,
  `provider_id` int(10) UNSIGNED DEFAULT NULL,
  `content_id` int(10) UNSIGNED DEFAULT NULL,
  `internal_coding` varchar(191) COLLATE utf8mb4_unicode_ci NOT NULL,
  `start_date` date DEFAULT NULL,
  `expire_date` date DEFAULT NULL
) ENGINE=InnoDB DEFAULT CHARSET=utf8mb4 COLLATE=utf8mb4_unicode_ci;

--
-- Dumping data for table `rbts`
--

INSERT INTO `rbts` (`id`, `track_title_en`, `track_title_ar`, `artist_name_en`, `artist_name_ar`, `album_name`, `code`, `social_media_code`, `owner`, `track_file`, `operator_id`, `occasion_id`, `aggregator_id`, `type`, `created_at`, `updated_at`, `provider_id`, `content_id`, `internal_coding`, `start_date`, `expire_date`) VALUES
(38, 'yousef', NULL, NULL, NULL, NULL, '21344', '5464787496746', NULL, 'uploads/rbts/2020-11-08/yousef.wav', 14, 23, 1, 0, '2020-11-08 10:33:56', '2020-11-08 10:33:56', 24, 1117, 'Rb/2020/11/08/1604838836/14', '2020-11-01', '2020-11-30'),
(39, 'yousef888888', NULL, NULL, NULL, NULL, '21344', '5464787496746', NULL, 'uploads/rbts/2020-11-08/yousef888888.wav', 71, 22, 1, 0, '2020-11-08 10:38:57', '2020-11-08 10:38:57', 24, 1117, 'Rb/2020/11/08/1604839137/71', '2020-11-01', '2020-11-30'),
(40, 'you', NULL, NULL, NULL, NULL, '21344', '5464787496746', NULL, 'uploads/rbts/2020-11-08/you.wav', 13, 22, 1, 0, '2020-11-08 10:40:17', '2020-11-08 10:40:17', 24, 1117, 'Rb/2020/11/08/1604839217/13', '2020-11-01', '2020-11-30'),
(41, 'test2', NULL, NULL, NULL, NULL, '21344', '5464787496746', NULL, 'uploads/rbts/2020-11-08/test2.wav', 12, 23, 1, 0, '2020-11-08 11:09:44', '2020-11-08 11:09:44', 25, 1117, 'Rb/2020/11/08/1604840984/12', '2020-11-01', '2020-11-30');

-- --------------------------------------------------------

--
-- Table structure for table `reports`
--

CREATE TABLE `reports` (
  `id` int(10) UNSIGNED NOT NULL,
  `year` int(11) NOT NULL,
  `month` int(10) UNSIGNED NOT NULL,
  `classification` varchar(191) COLLATE utf8mb4_unicode_ci NOT NULL,
  `code` varchar(191) COLLATE utf8mb4_unicode_ci NOT NULL,
  `rbt_name` varchar(191) COLLATE utf8mb4_unicode_ci NOT NULL,
  `rbt_id` int(10) UNSIGNED DEFAULT NULL,
  `download_no` int(11) DEFAULT NULL,
  `total_revenue` decimal(10,2) NOT NULL,
  `revenue_share` decimal(10,2) NOT NULL,
  `your_revenu` decimal(10,2) NOT NULL,
  `client_revenu` decimal(10,2) NOT NULL,
  `second_party_id` bigint(20) UNSIGNED NOT NULL,
  `contract_id` bigint(20) UNSIGNED NOT NULL,
  `operator_id` int(10) UNSIGNED DEFAULT NULL,
  `aggregator_id` int(10) UNSIGNED DEFAULT NULL,
  `created_at` timestamp NULL DEFAULT NULL,
  `updated_at` timestamp NULL DEFAULT NULL
) ENGINE=InnoDB DEFAULT CHARSET=utf8mb4 COLLATE=utf8mb4_unicode_ci;

-- --------------------------------------------------------

--
-- Table structure for table `revenus`
--

CREATE TABLE `revenus` (
  `id` bigint(20) UNSIGNED NOT NULL,
  `contract_id` bigint(20) UNSIGNED NOT NULL,
  `year` varchar(191) COLLATE utf8mb4_unicode_ci NOT NULL,
  `month` varchar(191) COLLATE utf8mb4_unicode_ci NOT NULL,
  `source_type` tinyint(1) NOT NULL COMMENT '1- for operator , 2- for aggerator',
  `source_id` bigint(20) UNSIGNED NOT NULL,
  `amount` varchar(191) COLLATE utf8mb4_unicode_ci NOT NULL,
  `currency_id` bigint(20) UNSIGNED NOT NULL,
  `serivce_type_id` bigint(20) UNSIGNED NOT NULL,
  `is_collected` tinyint(1) NOT NULL COMMENT '1- yes , 2- for no',
  `notes` text COLLATE utf8mb4_unicode_ci DEFAULT NULL,
  `reports` varchar(191) COLLATE utf8mb4_unicode_ci NOT NULL,
  `created_at` timestamp NULL DEFAULT NULL,
  `updated_at` timestamp NULL DEFAULT NULL
) ENGINE=InnoDB DEFAULT CHARSET=utf8mb4 COLLATE=utf8mb4_unicode_ci;

--
-- Dumping data for table `revenus`
--

INSERT INTO `revenus` (`id`, `contract_id`, `year`, `month`, `source_type`, `source_id`, `amount`, `currency_id`, `serivce_type_id`, `is_collected`, `notes`, `reports`, `created_at`, `updated_at`) VALUES
(2, 1, '2020', 'July', 1, 1, '100', 2, 5, 1, NULL, 'E8sXUg4fkjr0my8mT1mRCMlCGElynr3tMifFGdx6.xlsx', '2020-09-15 16:43:07', '2020-09-17 17:17:45'),
(3, 1, '2020', 'August', 1, 6, '100.59', 2, 6, 1, 'gggggggg', 'bPnhB3UWlPpKo5S3hfw22Ki2Whh6ISLvzH9E4fhg.xlsx', '2020-09-16 15:02:20', '2020-09-16 15:02:20'),
(4, 4, '2020', 'October', 1, 6, '190.90', 5, 3, 1, 'yes is collected', '40eImWKCtqfk1NlbMDazJiBuRfDqyFRIIM1f0XfB.pdf', '2020-10-07 18:27:23', '2020-10-07 18:28:44');

-- --------------------------------------------------------

--
-- Table structure for table `roadmaps`
--

CREATE TABLE `roadmaps` (
  `id` int(10) UNSIGNED NOT NULL,
  `event_title` varchar(150) COLLATE utf8mb4_unicode_ci NOT NULL DEFAULT 'set event name',
  `event_color` varchar(191) COLLATE utf8mb4_unicode_ci NOT NULL,
  `event_code` varchar(191) COLLATE utf8mb4_unicode_ci NOT NULL,
  `event_start_date` date DEFAULT NULL,
  `event_end_date` date DEFAULT NULL,
  `event_status` tinyint(1) NOT NULL DEFAULT 0 COMMENT '0:working / 1:complete',
  `country_id` int(10) UNSIGNED NOT NULL,
  `occasion_id` int(10) UNSIGNED NOT NULL,
  `aggregator_id` int(10) UNSIGNED NOT NULL,
  `operator_id` int(10) UNSIGNED NOT NULL,
  `aggregator_support` text COLLATE utf8mb4_unicode_ci DEFAULT NULL,
  `operator_support` text COLLATE utf8mb4_unicode_ci DEFAULT NULL,
  `promotion_support` text COLLATE utf8mb4_unicode_ci DEFAULT NULL,
  `entry_by` int(11) NOT NULL,
  `created_at` timestamp NULL DEFAULT NULL,
  `updated_at` timestamp NULL DEFAULT NULL,
  `notify` tinyint(1) NOT NULL DEFAULT 1
) ENGINE=InnoDB DEFAULT CHARSET=utf8mb4 COLLATE=utf8mb4_unicode_ci;

--
-- Dumping data for table `roadmaps`
--

INSERT INTO `roadmaps` (`id`, `event_title`, `event_color`, `event_code`, `event_start_date`, `event_end_date`, `event_status`, `country_id`, `occasion_id`, `aggregator_id`, `operator_id`, `aggregator_support`, `operator_support`, `promotion_support`, `entry_by`, `created_at`, `updated_at`, `notify`) VALUES
(6, '6', '#860591', '', '2020-10-30', '2020-10-24', 0, 2, 6, 1, 9, 'agg', 'op', 'p', 1, '2020-10-12 18:56:13', '2020-10-14 17:43:10', 1),
(7, '7', '#326e16', '', '2020-11-08', '2020-10-30', 0, 1, 9, 1, 1, 'agg', NULL, NULL, 1, '2020-10-14 17:45:58', '2020-10-14 17:46:32', 1),
(8, '8', '#27915e', '', '2020-11-12', '2020-10-17', 0, 3, 16, 1, 4, 's', 'op', 'pr', 1, '2020-10-15 13:18:59', '2020-10-15 13:19:19', 1),
(9, '9', '#114dc2', '', '2020-11-03', '2020-12-03', 0, 2, 6, 1, 10, NULL, NULL, NULL, 1, '2020-10-18 14:11:14', '2020-10-18 14:11:14', 1),
(10, '10', '#3865a8', '', '2020-12-01', '2020-11-05', 0, 21, 22, 1, 12, 'test', 'test', 'test', 1, '2020-11-03 09:26:35', '2020-11-04 08:30:40', 0),
(11, 'test2', '#3865a8', '', '2020-11-08', '2020-11-30', 0, 1, 23, 1, 34, '54', '89798', '31654', 1, '2020-11-08 10:35:49', '2020-11-08 10:35:49', 1);

-- --------------------------------------------------------

--
-- Table structure for table `roles`
--

CREATE TABLE `roles` (
  `id` int(10) UNSIGNED NOT NULL,
  `name` varchar(191) COLLATE utf8mb4_unicode_ci NOT NULL,
  `role_priority` int(11) NOT NULL,
  `created_at` timestamp NULL DEFAULT NULL,
  `updated_at` timestamp NULL DEFAULT NULL
) ENGINE=InnoDB DEFAULT CHARSET=utf8mb4 COLLATE=utf8mb4_unicode_ci;

--
-- Dumping data for table `roles`
--

INSERT INTO `roles` (`id`, `name`, `role_priority`, `created_at`, `updated_at`) VALUES
(1, 'super_admin', 3, '2017-11-09 11:13:14', '2017-11-09 11:13:14'),
(8, 'RBT', 0, '2020-11-08 12:05:31', '2020-11-08 12:05:31'),
(9, 'Subscriptions', 0, '2020-11-08 12:05:38', '2020-11-08 12:05:38'),
(10, 'Digital Media', 0, NULL, NULL),
(11, 'Social Media', 0, NULL, NULL),
(12, 'Multimedia', 0, NULL, NULL),
(13, 'Development', 0, NULL, NULL),
(14, 'IT', 0, NULL, NULL),
(15, 'Legal', 0, NULL, NULL),
(16, 'CEO Assistant', 0, NULL, NULL),
(17, 'Content', 0, NULL, NULL),
(18, 'Quality', 0, NULL, NULL),
(19, 'RBT Upload', 0, NULL, NULL),
(20, 'Reports', 0, '2020-11-08 12:27:05', '2020-11-08 12:27:05'),
(21, 'Finance', 0, '2020-11-08 12:27:10', '2020-11-08 12:27:10');

-- --------------------------------------------------------

--
-- Table structure for table `role_has_permissions`
--

CREATE TABLE `role_has_permissions` (
  `permission_id` int(10) UNSIGNED NOT NULL,
  `role_id` int(10) UNSIGNED NOT NULL
) ENGINE=InnoDB DEFAULT CHARSET=utf8mb4 COLLATE=utf8mb4_unicode_ci;

-- --------------------------------------------------------

--
-- Table structure for table `role_route`
--

CREATE TABLE `role_route` (
  `id` int(10) UNSIGNED NOT NULL,
  `role_id` int(10) UNSIGNED NOT NULL,
  `route_id` int(10) UNSIGNED NOT NULL,
  `created_at` timestamp NULL DEFAULT NULL,
  `updated_at` timestamp NULL DEFAULT NULL
) ENGINE=InnoDB DEFAULT CHARSET=utf8mb4 COLLATE=utf8mb4_unicode_ci;

--
-- Dumping data for table `role_route`
--

INSERT INTO `role_route` (`id`, `role_id`, `route_id`, `created_at`, `updated_at`) VALUES
(62, 8, 73, '2020-11-08 12:58:48', '2020-11-08 12:58:48'),
(63, 9, 73, '2020-11-08 12:58:48', '2020-11-08 12:58:48'),
(64, 10, 73, '2020-11-08 12:58:48', '2020-11-08 12:58:48'),
(65, 11, 73, '2020-11-08 12:58:48', '2020-11-08 12:58:48'),
(66, 12, 73, '2020-11-08 12:58:48', '2020-11-08 12:58:48'),
(67, 13, 73, '2020-11-08 12:58:48', '2020-11-08 12:58:48'),
(68, 14, 73, '2020-11-08 12:58:48', '2020-11-08 12:58:48'),
(69, 15, 73, '2020-11-08 12:58:48', '2020-11-08 12:58:48'),
(70, 16, 73, '2020-11-08 12:58:48', '2020-11-08 12:58:48'),
(71, 8, 83, '2020-11-08 12:58:48', '2020-11-08 12:58:48'),
(72, 9, 83, '2020-11-08 12:58:48', '2020-11-08 12:58:48'),
(73, 10, 83, '2020-11-08 12:58:48', '2020-11-08 12:58:48'),
(74, 11, 83, '2020-11-08 12:58:48', '2020-11-08 12:58:48'),
(75, 12, 83, '2020-11-08 12:58:48', '2020-11-08 12:58:48'),
(76, 13, 83, '2020-11-08 12:58:48', '2020-11-08 12:58:48'),
(77, 14, 83, '2020-11-08 12:58:48', '2020-11-08 12:58:48'),
(78, 15, 83, '2020-11-08 12:58:48', '2020-11-08 12:58:48'),
(79, 16, 83, '2020-11-08 12:58:48', '2020-11-08 12:58:48'),
(80, 8, 76, '2020-11-08 12:58:48', '2020-11-08 12:58:48'),
(81, 9, 76, '2020-11-08 12:58:49', '2020-11-08 12:58:49'),
(82, 10, 76, '2020-11-08 12:58:49', '2020-11-08 12:58:49'),
(83, 11, 76, '2020-11-08 12:58:49', '2020-11-08 12:58:49'),
(84, 12, 76, '2020-11-08 12:58:49', '2020-11-08 12:58:49'),
(85, 13, 76, '2020-11-08 12:58:49', '2020-11-08 12:58:49'),
(86, 14, 76, '2020-11-08 12:58:49', '2020-11-08 12:58:49'),
(87, 15, 76, '2020-11-08 12:58:49', '2020-11-08 12:58:49'),
(88, 16, 76, '2020-11-08 12:58:49', '2020-11-08 12:58:49'),
(89, 15, 74, '2020-11-08 12:58:49', '2020-11-08 12:58:49'),
(90, 15, 75, '2020-11-08 12:58:49', '2020-11-08 12:58:49'),
(91, 15, 77, '2020-11-08 12:58:49', '2020-11-08 12:58:49'),
(92, 15, 78, '2020-11-08 12:58:49', '2020-11-08 12:58:49'),
(133, 8, 147, '2020-11-08 13:09:16', '2020-11-08 13:09:16'),
(134, 9, 147, '2020-11-08 13:09:16', '2020-11-08 13:09:16'),
(135, 10, 147, '2020-11-08 13:09:16', '2020-11-08 13:09:16'),
(136, 11, 147, '2020-11-08 13:09:16', '2020-11-08 13:09:16'),
(137, 8, 150, '2020-11-08 13:09:16', '2020-11-08 13:09:16'),
(138, 9, 150, '2020-11-08 13:09:16', '2020-11-08 13:09:16'),
(139, 10, 150, '2020-11-08 13:09:16', '2020-11-08 13:09:16'),
(140, 11, 150, '2020-11-08 13:09:16', '2020-11-08 13:09:16'),
(141, 8, 154, '2020-11-08 13:11:02', '2020-11-08 13:11:02'),
(142, 9, 154, '2020-11-08 13:11:02', '2020-11-08 13:11:02'),
(143, 10, 154, '2020-11-08 13:11:02', '2020-11-08 13:11:02'),
(144, 11, 154, '2020-11-08 13:11:02', '2020-11-08 13:11:02'),
(145, 12, 154, '2020-11-08 13:11:02', '2020-11-08 13:11:02'),
(146, 13, 154, '2020-11-08 13:11:02', '2020-11-08 13:11:02'),
(147, 14, 154, '2020-11-08 13:11:02', '2020-11-08 13:11:02'),
(148, 15, 154, '2020-11-08 13:11:02', '2020-11-08 13:11:02'),
(149, 15, 155, '2020-11-08 13:11:02', '2020-11-08 13:11:02'),
(150, 15, 156, '2020-11-08 13:11:03', '2020-11-08 13:11:03'),
(151, 15, 158, '2020-11-08 13:11:03', '2020-11-08 13:11:03'),
(152, 15, 159, '2020-11-08 13:11:03', '2020-11-08 13:11:03'),
(153, 8, 161, '2020-11-08 13:11:03', '2020-11-08 13:11:03'),
(154, 9, 161, '2020-11-08 13:11:03', '2020-11-08 13:11:03'),
(155, 10, 161, '2020-11-08 13:11:03', '2020-11-08 13:11:03'),
(156, 11, 161, '2020-11-08 13:11:03', '2020-11-08 13:11:03'),
(157, 12, 161, '2020-11-08 13:11:03', '2020-11-08 13:11:03'),
(158, 13, 161, '2020-11-08 13:11:03', '2020-11-08 13:11:03'),
(159, 14, 161, '2020-11-08 13:11:03', '2020-11-08 13:11:03'),
(160, 15, 161, '2020-11-08 13:11:03', '2020-11-08 13:11:03'),
(161, 15, 163, '2020-11-08 13:11:03', '2020-11-08 13:11:03'),
(162, 15, 165, '2020-11-08 13:11:03', '2020-11-08 13:11:03'),
(163, 8, 162, '2020-11-08 13:11:03', '2020-11-08 13:11:03'),
(164, 9, 162, '2020-11-08 13:11:03', '2020-11-08 13:11:03'),
(165, 10, 162, '2020-11-08 13:11:03', '2020-11-08 13:11:03'),
(166, 11, 162, '2020-11-08 13:11:03', '2020-11-08 13:11:03'),
(167, 12, 162, '2020-11-08 13:11:03', '2020-11-08 13:11:03'),
(168, 13, 162, '2020-11-08 13:11:03', '2020-11-08 13:11:03'),
(169, 14, 162, '2020-11-08 13:11:03', '2020-11-08 13:11:03'),
(170, 15, 162, '2020-11-08 13:11:03', '2020-11-08 13:11:03'),
(171, 8, 124, '2020-11-08 13:11:56', '2020-11-08 13:11:56'),
(172, 9, 124, '2020-11-08 13:11:56', '2020-11-08 13:11:56'),
(173, 10, 124, '2020-11-08 13:11:56', '2020-11-08 13:11:56'),
(174, 11, 124, '2020-11-08 13:11:56', '2020-11-08 13:11:56'),
(175, 8, 127, '2020-11-08 13:11:56', '2020-11-08 13:11:56'),
(176, 9, 127, '2020-11-08 13:11:56', '2020-11-08 13:11:56'),
(177, 10, 127, '2020-11-08 13:11:56', '2020-11-08 13:11:56'),
(178, 11, 127, '2020-11-08 13:11:57', '2020-11-08 13:11:57'),
(182, 8, 108, '2020-11-08 13:13:00', '2020-11-08 13:13:00'),
(183, 9, 108, '2020-11-08 13:13:00', '2020-11-08 13:13:00'),
(184, 10, 108, '2020-11-08 13:13:00', '2020-11-08 13:13:00'),
(185, 8, 131, '2020-11-08 13:13:28', '2020-11-08 13:13:28'),
(186, 9, 131, '2020-11-08 13:13:28', '2020-11-08 13:13:28'),
(187, 10, 131, '2020-11-08 13:13:28', '2020-11-08 13:13:28'),
(188, 8, 116, '2020-11-08 13:14:15', '2020-11-08 13:14:15'),
(189, 9, 116, '2020-11-08 13:14:15', '2020-11-08 13:14:15'),
(190, 10, 116, '2020-11-08 13:14:15', '2020-11-08 13:14:15'),
(205, 8, 96, '2020-11-08 13:15:22', '2020-11-08 13:15:22'),
(206, 9, 96, '2020-11-08 13:15:22', '2020-11-08 13:15:22'),
(207, 10, 96, '2020-11-08 13:15:22', '2020-11-08 13:15:22'),
(208, 11, 96, '2020-11-08 13:15:22', '2020-11-08 13:15:22'),
(209, 12, 96, '2020-11-08 13:15:22', '2020-11-08 13:15:22'),
(210, 13, 96, '2020-11-08 13:15:22', '2020-11-08 13:15:22'),
(211, 14, 96, '2020-11-08 13:15:22', '2020-11-08 13:15:22'),
(212, 8, 99, '2020-11-08 13:15:23', '2020-11-08 13:15:23'),
(213, 9, 99, '2020-11-08 13:15:23', '2020-11-08 13:15:23'),
(214, 10, 99, '2020-11-08 13:15:23', '2020-11-08 13:15:23'),
(215, 11, 99, '2020-11-08 13:15:23', '2020-11-08 13:15:23'),
(216, 12, 99, '2020-11-08 13:15:23', '2020-11-08 13:15:23'),
(217, 13, 99, '2020-11-08 13:15:23', '2020-11-08 13:15:23'),
(218, 14, 99, '2020-11-08 13:15:23', '2020-11-08 13:15:23'),
(221, 8, 249, '2020-11-08 13:26:18', '2020-11-08 13:26:18'),
(222, 8, 257, '2020-11-08 13:26:18', '2020-11-08 13:26:18'),
(261, 1, 242, '2020-11-08 13:30:31', '2020-11-08 13:30:31'),
(262, 17, 242, '2020-11-08 13:30:31', '2020-11-08 13:30:31'),
(263, 18, 242, '2020-11-08 13:30:31', '2020-11-08 13:30:31'),
(264, 19, 242, '2020-11-08 13:30:32', '2020-11-08 13:30:32'),
(265, 20, 242, '2020-11-08 13:30:32', '2020-11-08 13:30:32'),
(266, 21, 242, '2020-11-08 13:30:32', '2020-11-08 13:30:32'),
(267, 1, 241, '2020-11-08 13:30:32', '2020-11-08 13:30:32'),
(268, 17, 241, '2020-11-08 13:30:32', '2020-11-08 13:30:32'),
(269, 18, 241, '2020-11-08 13:30:32', '2020-11-08 13:30:32'),
(270, 19, 241, '2020-11-08 13:30:32', '2020-11-08 13:30:32'),
(271, 20, 241, '2020-11-08 13:30:32', '2020-11-08 13:30:32'),
(272, 21, 241, '2020-11-08 13:30:32', '2020-11-08 13:30:32'),
(273, 17, 245, '2020-11-08 13:30:32', '2020-11-08 13:30:32'),
(274, 18, 245, '2020-11-08 13:30:32', '2020-11-08 13:30:32'),
(275, 19, 245, '2020-11-08 13:30:32', '2020-11-08 13:30:32'),
(276, 17, 246, '2020-11-08 13:30:33', '2020-11-08 13:30:33'),
(277, 18, 246, '2020-11-08 13:30:33', '2020-11-08 13:30:33'),
(278, 19, 246, '2020-11-08 13:30:33', '2020-11-08 13:30:33'),
(279, 17, 248, '2020-11-08 13:30:33', '2020-11-08 13:30:33'),
(280, 18, 248, '2020-11-08 13:30:33', '2020-11-08 13:30:33'),
(281, 19, 248, '2020-11-08 13:30:33', '2020-11-08 13:30:33'),
(282, 17, 234, '2020-11-08 13:30:33', '2020-11-08 13:30:33'),
(283, 18, 234, '2020-11-08 13:30:33', '2020-11-08 13:30:33'),
(284, 19, 234, '2020-11-08 13:30:33', '2020-11-08 13:30:33'),
(285, 17, 235, '2020-11-08 13:30:33', '2020-11-08 13:30:33'),
(286, 18, 235, '2020-11-08 13:30:33', '2020-11-08 13:30:33'),
(287, 19, 235, '2020-11-08 13:30:33', '2020-11-08 13:30:33'),
(288, 17, 243, '2020-11-08 13:30:33', '2020-11-08 13:30:33'),
(289, 18, 243, '2020-11-08 13:30:33', '2020-11-08 13:30:33'),
(290, 19, 243, '2020-11-08 13:30:33', '2020-11-08 13:30:33'),
(291, 17, 244, '2020-11-08 13:30:33', '2020-11-08 13:30:33'),
(292, 18, 244, '2020-11-08 13:30:33', '2020-11-08 13:30:33'),
(293, 19, 244, '2020-11-08 13:30:33', '2020-11-08 13:30:33'),
(294, 1, 237, '2020-11-08 13:30:34', '2020-11-08 13:30:34'),
(295, 17, 237, '2020-11-08 13:30:34', '2020-11-08 13:30:34'),
(296, 18, 237, '2020-11-08 13:30:34', '2020-11-08 13:30:34'),
(297, 19, 237, '2020-11-08 13:30:34', '2020-11-08 13:30:34'),
(298, 20, 237, '2020-11-08 13:30:34', '2020-11-08 13:30:34'),
(299, 21, 237, '2020-11-08 13:30:34', '2020-11-08 13:30:34'),
(300, 8, 197, '2020-11-08 13:34:46', '2020-11-08 13:34:46'),
(301, 17, 197, '2020-11-08 13:34:46', '2020-11-08 13:34:46'),
(302, 18, 197, '2020-11-08 13:34:46', '2020-11-08 13:34:46'),
(303, 19, 197, '2020-11-08 13:34:47', '2020-11-08 13:34:47'),
(304, 20, 197, '2020-11-08 13:34:47', '2020-11-08 13:34:47'),
(305, 21, 197, '2020-11-08 13:34:47', '2020-11-08 13:34:47'),
(306, 8, 213, '2020-11-08 13:34:47', '2020-11-08 13:34:47'),
(307, 17, 213, '2020-11-08 13:34:47', '2020-11-08 13:34:47'),
(308, 18, 213, '2020-11-08 13:34:47', '2020-11-08 13:34:47'),
(309, 19, 213, '2020-11-08 13:34:47', '2020-11-08 13:34:47'),
(310, 20, 213, '2020-11-08 13:34:47', '2020-11-08 13:34:47'),
(311, 21, 213, '2020-11-08 13:34:47', '2020-11-08 13:34:47'),
(312, 18, 223, '2020-11-08 13:34:47', '2020-11-08 13:34:47'),
(313, 19, 223, '2020-11-08 13:34:47', '2020-11-08 13:34:47'),
(314, 20, 223, '2020-11-08 13:34:47', '2020-11-08 13:34:47'),
(315, 18, 224, '2020-11-08 13:34:47', '2020-11-08 13:34:47'),
(316, 19, 224, '2020-11-08 13:34:47', '2020-11-08 13:34:47'),
(317, 20, 224, '2020-11-08 13:34:48', '2020-11-08 13:34:48'),
(318, 8, 225, '2020-11-08 13:34:48', '2020-11-08 13:34:48'),
(319, 17, 225, '2020-11-08 13:34:48', '2020-11-08 13:34:48'),
(320, 18, 225, '2020-11-08 13:34:48', '2020-11-08 13:34:48'),
(321, 19, 225, '2020-11-08 13:34:48', '2020-11-08 13:34:48'),
(322, 20, 225, '2020-11-08 13:34:48', '2020-11-08 13:34:48'),
(323, 21, 225, '2020-11-08 13:34:48', '2020-11-08 13:34:48'),
(324, 18, 206, '2020-11-08 13:34:48', '2020-11-08 13:34:48'),
(325, 19, 206, '2020-11-08 13:34:48', '2020-11-08 13:34:48'),
(326, 20, 206, '2020-11-08 13:34:48', '2020-11-08 13:34:48'),
(337, 8, 200, '2020-11-08 13:36:51', '2020-11-08 13:36:51'),
(338, 17, 200, '2020-11-08 13:36:52', '2020-11-08 13:36:52'),
(339, 18, 200, '2020-11-08 13:36:52', '2020-11-08 13:36:52'),
(340, 19, 200, '2020-11-08 13:36:52', '2020-11-08 13:36:52'),
(341, 20, 200, '2020-11-08 13:36:52', '2020-11-08 13:36:52'),
(342, 18, 260, '2020-11-08 13:36:52', '2020-11-08 13:36:52'),
(343, 19, 260, '2020-11-08 13:36:52', '2020-11-08 13:36:52'),
(344, 20, 260, '2020-11-08 13:36:52', '2020-11-08 13:36:52'),
(345, 18, 209, '2020-11-08 13:36:52', '2020-11-08 13:36:52'),
(346, 19, 209, '2020-11-08 13:36:52', '2020-11-08 13:36:52'),
(347, 20, 209, '2020-11-08 13:36:52', '2020-11-08 13:36:52'),
(348, 18, 211, '2020-11-08 13:36:52', '2020-11-08 13:36:52'),
(349, 19, 211, '2020-11-08 13:36:52', '2020-11-08 13:36:52'),
(350, 20, 211, '2020-11-08 13:36:52', '2020-11-08 13:36:52'),
(351, 18, 261, '2020-11-08 13:36:52', '2020-11-08 13:36:52'),
(352, 19, 261, '2020-11-08 13:36:52', '2020-11-08 13:36:52'),
(353, 20, 261, '2020-11-08 13:36:52', '2020-11-08 13:36:52'),
(354, 18, 262, '2020-11-08 13:36:52', '2020-11-08 13:36:52'),
(355, 19, 262, '2020-11-08 13:36:52', '2020-11-08 13:36:52'),
(356, 20, 262, '2020-11-08 13:36:52', '2020-11-08 13:36:52'),
(357, 18, 263, '2020-11-08 13:36:52', '2020-11-08 13:36:52'),
(358, 19, 263, '2020-11-08 13:36:52', '2020-11-08 13:36:52'),
(359, 20, 263, '2020-11-08 13:36:52', '2020-11-08 13:36:52'),
(360, 18, 230, '2020-11-08 13:36:52', '2020-11-08 13:36:52'),
(361, 19, 230, '2020-11-08 13:36:52', '2020-11-08 13:36:52'),
(362, 20, 230, '2020-11-08 13:36:52', '2020-11-08 13:36:52'),
(363, 18, 210, '2020-11-08 13:36:52', '2020-11-08 13:36:52'),
(364, 19, 210, '2020-11-08 13:36:53', '2020-11-08 13:36:53'),
(365, 20, 210, '2020-11-08 13:36:53', '2020-11-08 13:36:53'),
(366, 9, 201, '2020-11-08 13:36:53', '2020-11-08 13:36:53'),
(367, 17, 201, '2020-11-08 13:36:53', '2020-11-08 13:36:53'),
(368, 18, 201, '2020-11-08 13:36:53', '2020-11-08 13:36:53'),
(369, 19, 201, '2020-11-08 13:36:53', '2020-11-08 13:36:53'),
(370, 20, 201, '2020-11-08 13:36:53', '2020-11-08 13:36:53'),
(371, 9, 212, '2020-11-08 13:36:53', '2020-11-08 13:36:53'),
(372, 17, 212, '2020-11-08 13:36:53', '2020-11-08 13:36:53'),
(373, 18, 212, '2020-11-08 13:36:53', '2020-11-08 13:36:53'),
(374, 19, 212, '2020-11-08 13:36:53', '2020-11-08 13:36:53'),
(375, 20, 212, '2020-11-08 13:36:53', '2020-11-08 13:36:53');

-- --------------------------------------------------------

--
-- Table structure for table `routes`
--

CREATE TABLE `routes` (
  `id` int(10) UNSIGNED NOT NULL,
  `method` varchar(16) COLLATE utf8mb4_unicode_ci NOT NULL,
  `route` varchar(128) COLLATE utf8mb4_unicode_ci NOT NULL,
  `controller_name` varchar(128) COLLATE utf8mb4_unicode_ci NOT NULL,
  `function_name` varchar(128) COLLATE utf8mb4_unicode_ci NOT NULL,
  `route_name` varchar(128) COLLATE utf8mb4_unicode_ci DEFAULT NULL,
  `created_at` timestamp NULL DEFAULT NULL,
  `updated_at` timestamp NULL DEFAULT NULL
) ENGINE=InnoDB DEFAULT CHARSET=utf8mb4 COLLATE=utf8mb4_unicode_ci;

--
-- Dumping data for table `routes`
--

INSERT INTO `routes` (`id`, `method`, `route`, `controller_name`, `function_name`, `route_name`, `created_at`, `updated_at`) VALUES
(1, 'get', 'broadcasting/auth', 'BroadcastController', 'authenticate', NULL, '2020-11-04 12:40:01', '2020-11-04 12:40:01'),
(2, 'get', 'api/user', 'BroadcastController', 'authenticate', NULL, '2020-11-04 12:40:01', '2020-11-04 12:40:01'),
(3, 'get', 'api/operators/{id?}', 'CountryController', 'getOperators', NULL, '2020-11-04 12:40:01', '2020-11-04 12:40:01'),
(4, 'get', 'api/occasions/{id?}', 'CountryController', 'getOccasions', NULL, '2020-11-04 12:40:01', '2020-11-04 12:40:01'),
(5, 'get', 'api/contents/{id}', 'ContentController', 'getContents', NULL, '2020-11-04 12:40:01', '2020-11-04 12:40:01'),
(6, 'get', 'api/tracks/{id}', 'ContentController', 'getTracks', NULL, '2020-11-04 12:40:01', '2020-11-04 12:40:01'),
(7, 'get', 'api/contracts/{seconde_party_id}', 'ContentController', 'getContracts', NULL, '2020-11-04 12:40:01', '2020-11-04 12:40:01'),
(8, 'get', 'providers_to_secondparty', 'SecondPartyController', 'providers_to_secondparty', NULL, '2020-11-04 12:40:02', '2020-11-04 12:40:02'),
(9, 'get', 'store_routes_in_database', 'RouteController', 'store_routes_in_database', NULL, '2020-11-04 12:40:02', '2020-11-04 12:40:02'),
(19, 'get', '/', 'HomeController', 'index', NULL, '2020-11-04 12:40:02', '2020-11-04 12:40:02'),
(20, 'get', 'user_profile', 'UserController', 'profile', NULL, '2020-11-04 12:40:02', '2020-11-05 08:06:27'),
(21, 'post', 'user_profile/updatepassword', 'UserController', 'UpdatePassword', NULL, '2020-11-04 12:40:02', '2020-11-05 08:06:27'),
(22, 'post', 'user_profile/updateprofilepic', 'UserController', 'UpdateProfilePicture', NULL, '2020-11-04 12:40:02', '2020-11-05 08:06:27'),
(23, 'post', 'user_profile/updateuserdata', 'UserController', 'UpdateNameAndEmail', NULL, '2020-11-04 12:40:03', '2020-11-05 08:06:27'),
(24, 'get', 'read_notify/{id}', 'UserController', 'UpdateNameAndEmail', NULL, '2020-11-04 12:40:03', '2020-11-04 12:40:03'),
(25, 'get', 'copy/signed/date', 'UserController', 'UpdateNameAndEmail', NULL, '2020-11-04 12:40:03', '2020-11-04 12:40:03'),
(26, 'get', 'search', 'SearchController', 'index', NULL, '2020-11-04 12:40:03', '2020-11-04 12:40:03'),
(27, 'post', 'delete_multiselect', 'SearchController', 'index', NULL, '2020-11-04 12:40:03', '2020-11-04 12:40:03'),
(28, 'post', 'country', 'CountryController', 'store', 'country.store', '2020-11-04 12:40:03', '2020-11-04 12:40:03'),
(29, 'post', 'country/update', 'CountryController', 'update', NULL, '2020-11-04 12:40:03', '2020-11-04 12:40:03'),
(30, 'get', 'country/{id}/delete', 'CountryController', 'destroy', NULL, '2020-11-04 12:40:03', '2020-11-04 12:40:03'),
(31, 'get', 'country', 'CountryController', 'index', 'country.index', '2020-11-04 12:40:03', '2020-11-04 12:40:03'),
(32, 'get', 'country/create', 'CountryController', 'create', 'country.create', '2020-11-04 12:40:03', '2020-11-04 12:40:03'),
(33, 'get', 'country/{country}', 'CountryController', 'show', 'country.show', '2020-11-04 12:40:03', '2020-11-04 12:40:03'),
(34, 'get', 'country/{country}/edit', 'CountryController', 'edit', 'country.edit', '2020-11-04 12:40:03', '2020-11-04 12:40:03'),
(35, 'put', 'country/{country}', 'CountryController', 'update', 'country.update', '2020-11-04 12:40:03', '2020-11-04 12:40:03'),
(36, 'delete', 'country/{country}', 'CountryController', 'destroy', 'country.destroy', '2020-11-04 12:40:03', '2020-11-04 12:40:03'),
(37, 'get', 'country/{id}/operator', 'CountryController', 'list_all_operator', NULL, '2020-11-04 12:40:04', '2020-11-04 12:40:04'),
(38, 'post', 'operator', 'OperatorController', 'store', 'operator.store', '2020-11-04 12:40:04', '2020-11-04 12:40:04'),
(39, 'post', 'operator/update', 'OperatorController', 'update', NULL, '2020-11-04 12:40:04', '2020-11-04 12:40:04'),
(40, 'get', 'operator/{id}/delete', 'OperatorController', 'destroy', NULL, '2020-11-04 12:40:04', '2020-11-04 12:40:04'),
(41, 'get', 'operator', 'OperatorController', 'index', 'operator.index', '2020-11-04 12:40:04', '2020-11-04 12:40:04'),
(42, 'get', 'operator/create', 'OperatorController', 'create', 'operator.create', '2020-11-04 12:40:04', '2020-11-04 12:40:04'),
(43, 'get', 'operator/{operator}', 'OperatorController', 'show', 'operator.show', '2020-11-04 12:40:04', '2020-11-04 12:40:04'),
(44, 'get', 'operator/{operator}/edit', 'OperatorController', 'edit', 'operator.edit', '2020-11-04 12:40:04', '2020-11-04 12:40:04'),
(45, 'put', 'operator/{operator}', 'OperatorController', 'update', 'operator.update', '2020-11-04 12:40:04', '2020-11-04 12:40:04'),
(46, 'delete', 'operator/{operator}', 'OperatorController', 'destroy', 'operator.destroy', '2020-11-04 12:40:04', '2020-11-04 12:40:04'),
(47, 'post', 'provider', 'ProviderController', 'store', 'provider.store', '2020-11-04 12:40:04', '2020-11-04 12:40:04'),
(48, 'post', 'provider/update', 'ProviderController', 'update', NULL, '2020-11-04 12:40:04', '2020-11-04 12:40:04'),
(49, 'get', 'provider/{id}/delete', 'ProviderController', 'destroy', NULL, '2020-11-04 12:40:04', '2020-11-04 12:40:04'),
(50, 'get', 'provider', 'ProviderController', 'index', 'provider.index', '2020-11-04 12:40:04', '2020-11-04 12:40:04'),
(51, 'get', 'provider/create', 'ProviderController', 'create', 'provider.create', '2020-11-04 12:40:04', '2020-11-04 12:40:04'),
(52, 'get', 'provider/{provider}', 'ProviderController', 'show', 'provider.show', '2020-11-04 12:40:04', '2020-11-04 12:40:04'),
(53, 'get', 'provider/{provider}/edit', 'ProviderController', 'edit', 'provider.edit', '2020-11-04 12:40:05', '2020-11-04 12:40:05'),
(54, 'put', 'provider/{provider}', 'ProviderController', 'update', 'provider.update', '2020-11-04 12:40:05', '2020-11-04 12:40:05'),
(55, 'delete', 'provider/{provider}', 'ProviderController', 'destroy', 'provider.destroy', '2020-11-04 12:40:05', '2020-11-04 12:40:05'),
(56, 'get', 'aggregator', 'AggregatorController', 'index', 'aggregator.index', '2020-11-04 12:40:05', '2020-11-04 12:40:05'),
(57, 'get', 'aggregator/create', 'AggregatorController', 'create', 'aggregator.create', '2020-11-04 12:40:05', '2020-11-04 12:40:05'),
(58, 'post', 'aggregator', 'AggregatorController', 'store', NULL, '2020-11-04 12:40:05', '2020-11-04 12:40:05'),
(59, 'get', 'aggregator/{aggregator}', 'AggregatorController', 'show', 'aggregator.show', '2020-11-04 12:40:05', '2020-11-04 12:40:05'),
(60, 'get', 'aggregator/{aggregator}/edit', 'AggregatorController', 'edit', 'aggregator.edit', '2020-11-04 12:40:05', '2020-11-04 12:40:05'),
(61, 'put', 'aggregator/{aggregator}', 'AggregatorController', 'update', 'aggregator.update', '2020-11-04 12:40:05', '2020-11-04 12:40:05'),
(62, 'delete', 'aggregator/{aggregator}', 'AggregatorController', 'destroy', 'aggregator.destroy', '2020-11-04 12:40:05', '2020-11-04 12:40:05'),
(63, 'post', 'aggregator/update', 'AggregatorController', 'update', NULL, '2020-11-04 12:40:05', '2020-11-04 12:40:05'),
(64, 'get', 'aggregator/{id}/delete', 'AggregatorController', 'destroy', NULL, '2020-11-04 12:40:05', '2020-11-04 12:40:05'),
(65, 'get', 'occasion', 'OccasionController', 'index', NULL, '2020-11-04 12:40:05', '2020-11-04 12:40:05'),
(66, 'post', 'occasion', 'OccasionController', 'store', NULL, '2020-11-04 12:40:05', '2020-11-04 12:40:05'),
(67, 'post', 'occasion/update', 'OccasionController', 'update', NULL, '2020-11-04 12:40:05', '2020-11-04 12:40:05'),
(68, 'get', 'occasion/{id}/delete', 'OccasionController', 'destroy', NULL, '2020-11-04 12:40:05', '2020-11-04 12:40:05'),
(69, 'get', 'currency', 'CurrencyController', 'index', NULL, '2020-11-04 12:40:05', '2020-11-04 12:40:05'),
(70, 'post', 'currency', 'CurrencyController', 'store', NULL, '2020-11-04 12:40:05', '2020-11-04 12:40:05'),
(71, 'post', 'currency/update', 'CurrencyController', 'update', NULL, '2020-11-04 12:40:05', '2020-11-04 12:40:05'),
(72, 'get', 'currency/{id}/delete', 'CurrencyController', 'destroy', NULL, '2020-11-04 12:40:05', '2020-11-04 12:40:05'),
(73, 'get', 'fullcontracts', 'FullcontractsController', 'index', 'fullcontracts.index', '2020-11-04 12:40:05', '2020-11-04 12:40:05'),
(74, 'get', 'fullcontracts/create', 'FullcontractsController', 'create', 'fullcontracts.create', '2020-11-04 12:40:05', '2020-11-04 12:40:05'),
(75, 'post', 'fullcontracts', 'FullcontractsController', 'store', 'fullcontracts.store', '2020-11-04 12:40:05', '2020-11-04 12:40:05'),
(76, 'get', 'fullcontracts/{fullcontract}', 'FullcontractsController', 'show', 'fullcontracts.show', '2020-11-04 12:40:06', '2020-11-04 12:40:06'),
(77, 'get', 'fullcontracts/{fullcontract}/edit', 'FullcontractsController', 'edit', 'fullcontracts.edit', '2020-11-04 12:40:06', '2020-11-04 12:40:06'),
(78, 'put', 'fullcontracts/{fullcontract}', 'FullcontractsController', 'update', 'fullcontracts.update', '2020-11-04 12:40:06', '2020-11-04 12:40:06'),
(79, 'delete', 'fullcontracts/{fullcontract}', 'FullcontractsController', 'destroy', 'fullcontracts.destroy', '2020-11-04 12:40:06', '2020-11-04 12:40:06'),
(80, 'post', 'fullcontracts/{id}/update', 'FullcontractsController', 'update', NULL, '2020-11-04 12:40:06', '2020-11-04 12:40:06'),
(81, 'get', 'fullcontracts/{id}/delete', 'FullcontractsController', 'destroy', NULL, '2020-11-04 12:40:06', '2020-11-04 12:40:06'),
(82, 'get', 'client_type', 'FullcontractsController', 'getClient', NULL, '2020-11-04 12:40:06', '2020-11-04 12:40:06'),
(83, 'get', 'contracts/allData', 'FullcontractsController', 'allData', NULL, '2020-11-04 12:40:06', '2020-11-04 12:40:06'),
(84, 'get', 'contract/an/{id}', 'FullcontractsController', 'annex', NULL, '2020-11-04 12:40:06', '2020-11-04 12:40:06'),
(85, 'get', 'contract/al/{id}', 'FullcontractsController', 'authorization', NULL, '2020-11-04 12:40:06', '2020-11-04 12:40:06'),
(86, 'get', 'contract/cr/{id}', 'FullcontractsController', 'copyright', NULL, '2020-11-04 12:40:06', '2020-11-04 12:40:06'),
(87, 'get', 'contractservice', 'ServicecontractsController', 'index', 'contractservice.index', '2020-11-04 12:40:06', '2020-11-04 12:40:06'),
(88, 'get', 'contractservice/create', 'ServicecontractsController', 'create', 'contractservice.create', '2020-11-04 12:40:06', '2020-11-04 12:40:06'),
(89, 'post', 'contractservice', 'ServicecontractsController', 'store', 'contractservice.store', '2020-11-04 12:40:06', '2020-11-04 12:40:06'),
(90, 'get', 'contractservice/{contractservice}', 'ServicecontractsController', 'show', 'contractservice.show', '2020-11-04 12:40:06', '2020-11-04 12:40:06'),
(91, 'get', 'contractservice/{contractservice}/edit', 'ServicecontractsController', 'edit', 'contractservice.edit', '2020-11-04 12:40:07', '2020-11-04 12:40:07'),
(92, 'put', 'contractservice/{contractservice}', 'ServicecontractsController', 'update', 'contractservice.update', '2020-11-04 12:40:07', '2020-11-04 12:40:07'),
(93, 'delete', 'contractservice/{contractservice}', 'ServicecontractsController', 'destroy', 'contractservice.destroy', '2020-11-04 12:40:07', '2020-11-04 12:40:07'),
(94, 'get', 'contractservice/{id}/delete', 'ServicecontractsController', 'destroy', NULL, '2020-11-04 12:40:07', '2020-11-04 12:40:07'),
(95, 'get', 'contractservice/create/{id}', 'ServicecontractsController', 'create', NULL, '2020-11-04 12:40:07', '2020-11-04 12:40:07'),
(96, 'get', 'revenue', 'RevenueController', 'index', 'revenue.index', '2020-11-04 12:40:07', '2020-11-04 12:40:07'),
(97, 'get', 'revenue/create', 'RevenueController', 'create', 'revenue.create', '2020-11-04 12:40:07', '2020-11-04 12:40:07'),
(98, 'post', 'revenue', 'RevenueController', 'store', 'revenue.store', '2020-11-04 12:40:07', '2020-11-04 12:40:07'),
(99, 'get', 'revenue/{revenue}', 'RevenueController', 'show', 'revenue.show', '2020-11-04 12:40:07', '2020-11-04 12:40:07'),
(100, 'get', 'revenue/{revenue}/edit', 'RevenueController', 'edit', 'revenue.edit', '2020-11-04 12:40:07', '2020-11-04 12:40:07'),
(101, 'put', 'revenue/{revenue}', 'RevenueController', 'update', 'revenue.update', '2020-11-04 12:40:07', '2020-11-04 12:40:07'),
(102, 'delete', 'revenue/{revenue}', 'RevenueController', 'destroy', 'revenue.destroy', '2020-11-04 12:40:07', '2020-11-04 12:40:07'),
(103, 'get', 'revenue/{id}/delete', 'RevenueController', 'destroy', NULL, '2020-11-04 12:40:07', '2020-11-04 12:40:07'),
(104, 'post', 'revenue/{id}/update', 'RevenueController', 'update', NULL, '2020-11-04 12:40:08', '2020-11-04 12:40:08'),
(105, 'post', 'comboselect/source_id', 'RevenueController', 'comboSelectSourceId', NULL, '2020-11-04 12:40:08', '2020-11-04 12:40:08'),
(106, 'post', 'comboselect/contract_services', 'RevenueController', 'comboSelectContractServices', NULL, '2020-11-04 12:40:08', '2020-11-04 12:40:08'),
(107, 'post', 'comboselect/remove_contract_services', 'RevenueController', 'comboSelectRemoveContractServices', NULL, '2020-11-04 12:40:08', '2020-11-04 12:40:08'),
(108, 'get', 'firstparties', 'FirstpartieController', 'index', 'admin.firstparties.index', '2020-11-04 12:40:08', '2020-11-04 12:40:08'),
(109, 'get', 'firstparties/create', 'FirstpartieController', 'create', 'admin.firstparties.create', '2020-11-04 12:40:08', '2020-11-04 12:40:08'),
(110, 'post', 'firstparties', 'FirstpartieController', 'store', 'admin.firstparties.store', '2020-11-04 12:40:08', '2020-11-04 12:40:08'),
(111, 'get', 'firstparties/{firstparty}', 'FirstpartieController', 'show', 'admin.firstparties.show', '2020-11-04 12:40:08', '2020-11-04 12:40:08'),
(112, 'get', 'firstparties/{firstparty}/edit', 'FirstpartieController', 'edit', 'admin.firstparties.edit', '2020-11-04 12:40:08', '2020-11-04 12:40:08'),
(113, 'put', 'firstparties/{firstparty}', 'FirstpartieController', 'update', 'admin.firstparties.update', '2020-11-04 12:40:08', '2020-11-04 12:40:08'),
(115, 'get', 'firstparties/{id}/delete', 'FirstpartieController', 'destroy', NULL, '2020-11-04 12:40:09', '2020-11-04 12:40:09'),
(116, 'get', 'percentages', 'PercentageController', 'index', 'admin.percentages.index', '2020-11-04 12:40:09', '2020-11-04 12:40:09'),
(117, 'get', 'percentages/create', 'PercentageController', 'create', 'admin.percentages.create', '2020-11-04 12:40:09', '2020-11-04 12:40:09'),
(118, 'post', 'percentages', 'PercentageController', 'store', 'admin.percentages.store', '2020-11-04 12:40:09', '2020-11-04 12:40:09'),
(119, 'get', 'percentages/{percentage}', 'PercentageController', 'show', 'admin.percentages.show', '2020-11-04 12:40:09', '2020-11-04 12:40:09'),
(120, 'get', 'percentages/{percentage}/edit', 'PercentageController', 'edit', 'admin.percentages.edit', '2020-11-04 12:40:09', '2020-11-04 12:40:09'),
(121, 'put', 'percentages/{percentage}', 'PercentageController', 'update', 'admin.percentages.update', '2020-11-04 12:40:09', '2020-11-04 12:40:09'),
(122, 'delete', 'percentages/{percentage}', 'PercentageController', 'destroy', 'admin.percentages.destroy', '2020-11-04 12:40:09', '2020-11-04 12:40:09'),
(123, 'get', 'percentages/{id}/delete', 'PercentageController', 'destroy', NULL, '2020-11-04 12:40:09', '2020-11-04 12:40:09'),
(124, 'get', 'ServiceTypes', 'ServiceTypesController', 'index', 'ServiceTypes.index', '2020-11-04 12:40:09', '2020-11-04 12:40:09'),
(125, 'get', 'ServiceTypes/create', 'ServiceTypesController', 'create', 'ServiceTypes.create', '2020-11-04 12:40:09', '2020-11-04 12:40:09'),
(126, 'post', 'ServiceTypes', 'ServiceTypesController', 'store', 'ServiceTypes.store', '2020-11-04 12:40:09', '2020-11-04 12:40:09'),
(127, 'get', 'ServiceTypes/{ServiceType}', 'ServiceTypesController', 'show', 'ServiceTypes.show', '2020-11-04 12:40:09', '2020-11-04 12:40:09'),
(128, 'get', 'ServiceTypes/{ServiceType}/edit', 'ServiceTypesController', 'edit', 'ServiceTypes.edit', '2020-11-04 12:40:10', '2020-11-04 12:40:10'),
(129, 'put', 'ServiceTypes/{ServiceType}', 'ServiceTypesController', 'update', 'ServiceTypes.update', '2020-11-04 12:40:10', '2020-11-04 12:40:10'),
(130, 'delete', 'ServiceTypes/{ServiceType}', 'ServiceTypesController', 'destroy', 'ServiceTypes.destroy', '2020-11-04 12:40:10', '2020-11-04 12:40:10'),
(131, 'get', 'SecondPartyType', 'SecondPartyTypeController', 'index', 'SecondPartyType.index', '2020-11-04 12:40:10', '2020-11-04 12:40:10'),
(132, 'get', 'SecondPartyType/create', 'SecondPartyTypeController', 'create', 'SecondPartyType.create', '2020-11-04 12:40:10', '2020-11-04 12:40:10'),
(133, 'post', 'SecondPartyType', 'SecondPartyTypeController', 'store', 'SecondPartyType.store', '2020-11-04 12:40:10', '2020-11-04 12:40:10'),
(134, 'get', 'SecondPartyType/{SecondPartyType}', 'SecondPartyTypeController', 'show', 'SecondPartyType.show', '2020-11-04 12:40:10', '2020-11-04 12:40:10'),
(135, 'get', 'SecondPartyType/{SecondPartyType}/edit', 'SecondPartyTypeController', 'edit', 'SecondPartyType.edit', '2020-11-04 12:40:10', '2020-11-04 12:40:10'),
(136, 'put', 'SecondPartyType/{SecondPartyType}', 'SecondPartyTypeController', 'update', 'SecondPartyType.update', '2020-11-04 12:40:10', '2020-11-04 12:40:10'),
(137, 'delete', 'SecondPartyType/{SecondPartyType}', 'SecondPartyTypeController', 'destroy', 'SecondPartyType.destroy', '2020-11-04 12:40:10', '2020-11-04 12:40:10'),
(138, 'get', 'SecondParty', 'SecondPartyController', 'index', 'SecondParty.index', '2020-11-04 12:40:10', '2020-11-04 12:40:10'),
(139, 'get', 'SecondParty/create', 'SecondPartyController', 'create', 'SecondParty.create', '2020-11-04 12:40:10', '2020-11-04 12:40:10'),
(140, 'post', 'SecondParty', 'SecondPartyController', 'store', 'SecondParty.store', '2020-11-04 12:40:10', '2020-11-04 12:40:10'),
(141, 'get', 'SecondParty/{SecondParty}', 'SecondPartyController', 'show', 'SecondParty.show', '2020-11-04 12:40:10', '2020-11-04 12:40:10'),
(142, 'get', 'SecondParty/{SecondParty}/edit', 'SecondPartyController', 'edit', 'SecondParty.edit', '2020-11-04 12:40:11', '2020-11-04 12:40:11'),
(143, 'put', 'SecondParty/{SecondParty}', 'SecondPartyController', 'update', 'SecondParty.update', '2020-11-04 12:40:11', '2020-11-04 12:40:11'),
(144, 'delete', 'SecondParty/{SecondParty}', 'SecondPartyController', 'destroy', 'SecondParty.destroy', '2020-11-04 12:40:11', '2020-11-04 12:40:11'),
(145, 'get', 'SecondParty/{id}/delete', 'SecondPartyController', 'destroy', NULL, '2020-11-04 12:40:11', '2020-11-04 12:40:11'),
(146, 'get', 'secondparty/allData', 'SecondPartyController', 'allData', NULL, '2020-11-04 12:40:11', '2020-11-04 12:40:11'),
(147, 'get', 'attachment', 'AttachmentController', 'index', 'attachment.index', '2020-11-04 12:40:11', '2020-11-04 12:40:11'),
(148, 'get', 'attachment/create', 'AttachmentController', 'create', 'attachment.create', '2020-11-04 12:40:11', '2020-11-04 12:40:11'),
(149, 'post', 'attachment', 'AttachmentController', 'store', 'attachment.store', '2020-11-04 12:40:11', '2020-11-04 12:40:11'),
(150, 'get', 'attachment/{attachment}', 'AttachmentController', 'show', 'attachment.show', '2020-11-04 12:40:11', '2020-11-04 12:40:11'),
(151, 'get', 'attachment/{attachment}/edit', 'AttachmentController', 'edit', 'attachment.edit', '2020-11-04 12:40:11', '2020-11-04 12:40:11'),
(152, 'put', 'attachment/{attachment}', 'AttachmentController', 'update', 'attachment.update', '2020-11-04 12:40:12', '2020-11-04 12:40:12'),
(153, 'delete', 'attachment/{attachment}', 'AttachmentController', 'destroy', 'attachment.destroy', '2020-11-04 12:40:12', '2020-11-04 12:40:12'),
(154, 'get', 'ContractTemplate', 'ContractTemplateController', 'index', 'ContractTemplate.index', '2020-11-04 12:40:12', '2020-11-05 08:05:10'),
(155, 'get', 'ContractTemplate/create', 'ContractTemplateController', 'create', 'ContractTemplate.create', '2020-11-04 12:40:12', '2020-11-05 08:05:11'),
(156, 'post', 'ContractTemplate', 'ContractTemplateController', 'store', 'ContractTemplate.store', '2020-11-04 12:40:13', '2020-11-05 08:05:11'),
(157, 'get', 'ContractTemplate/{ContractTemplate}', 'ContractTemplateController', 'show', 'ContractTemplate.show', '2020-11-04 12:40:13', '2020-11-04 12:40:13'),
(158, 'get', 'ContractTemplate/{ContractTemplate}/edit', 'ContractTemplateController', 'edit', 'ContractTemplate.edit', '2020-11-04 12:40:13', '2020-11-05 08:05:11'),
(159, 'put', 'ContractTemplate/{ContractTemplate}', 'ContractTemplateController', 'update', 'ContractTemplate.update', '2020-11-04 12:40:13', '2020-11-05 08:05:11'),
(160, 'delete', 'ContractTemplate/{ContractTemplate}', 'ContractTemplateController', 'destroy', 'ContractTemplate.destroy', '2020-11-04 12:40:13', '2020-11-05 08:05:11'),
(161, 'get', 'ContractTemplate/{id}/items', 'ContractTemplateController', 'showContractTerms', NULL, '2020-11-04 12:40:13', '2020-11-05 08:05:12'),
(162, 'get', 'ContractTemplate/{id}/items/download', 'ContractTemplateController', 'downloadContractTerms', NULL, '2020-11-04 12:40:13', '2020-11-05 08:05:12'),
(163, 'post', 'ContractTemplate/{id}/storeItem', 'ContractTemplateController', 'storeContractTerms', NULL, '2020-11-04 12:40:13', '2020-11-05 08:05:12'),
(164, 'post', 'ContractTemplate/{id}/removeItem', 'ContractTemplateController', 'destroyContractTerms', NULL, '2020-11-04 12:40:13', '2020-11-05 08:05:12'),
(165, 'post', 'ContractTemplate/{id}/editItem', 'ContractTemplateController', 'editContractTerms', NULL, '2020-11-04 12:40:13', '2020-11-05 08:05:12'),
(166, 'get', 'contract/template/create', 'ContractTemplateController', 'editContractTerms', NULL, '2020-11-04 12:40:13', '2020-11-04 12:40:13'),
(167, 'get', 'Contract/{id}/items/download', 'FullcontractsController', 'downloadContractItems', NULL, '2020-11-04 12:40:14', '2020-11-04 12:40:14'),
(168, 'get', 'template_items/{id}', 'FullcontractsController', 'template_items', NULL, '2020-11-04 12:40:14', '2020-11-04 12:40:14'),
(169, 'get', 'contract_items_send/{id}/edit', 'ContractItemsApprovidsController', 'edit', NULL, '2020-11-04 12:40:14', '2020-11-04 12:40:14'),
(170, 'post', 'fullcontracts/{id}/updateapprove', 'ContractItemsApprovidsController', 'update', NULL, '2020-11-04 12:40:14', '2020-11-04 12:40:14'),
(171, 'get', 'contract_items_send/{id}/approves', 'ContractItemsApprovidsController', 'index', NULL, '2020-11-04 12:40:14', '2020-11-04 12:40:14'),
(172, 'get', 'ceo/{id}/approve', 'FullcontractsController', 'getCeoApprovePage', NULL, '2020-11-04 12:40:14', '2020-11-04 12:40:14'),
(173, 'post', 'ceo/{id}/approve', 'FullcontractsController', 'saveCeoApprove', NULL, '2020-11-04 12:40:14', '2020-11-04 12:40:14'),
(174, 'get', 'contracts/{id}/renew', 'FullcontractsController', 'getContractRenewPage', NULL, '2020-11-04 12:40:15', '2020-11-04 12:40:15'),
(175, 'post', 'contracts/{id}/renew', 'FullcontractsController', 'saveContractRenew', NULL, '2020-11-04 12:40:15', '2020-11-04 12:40:15'),
(176, 'get', 'users', 'UserController', 'index', NULL, '2020-11-04 12:40:15', '2020-11-05 08:14:08'),
(177, 'get', 'users/{id}/delete', 'UserController', 'destroy', NULL, '2020-11-04 12:40:15', '2020-11-05 08:06:27'),
(178, 'get', 'users/{id}/edit', 'UserController', 'edit', NULL, '2020-11-04 12:40:16', '2020-11-05 08:06:26'),
(179, 'post', 'users/{id}/update', 'UserController', 'update', NULL, '2020-11-04 12:40:16', '2020-11-05 08:06:26'),
(180, 'get', 'users/new', 'UserController', 'create', NULL, '2020-11-04 12:40:16', '2020-11-05 08:06:26'),
(181, 'post', 'users', 'UserController', 'store', NULL, '2020-11-04 12:40:16', '2020-11-05 08:06:26'),
(182, 'get', 'elFinder/elfinder', 'HomeController', 'elFinderlEfinder', NULL, '2020-11-04 12:40:16', '2020-11-04 12:40:16'),
(183, 'get', 'roles', 'RoleController', 'index', NULL, '2020-11-04 12:40:16', '2020-11-04 12:40:16'),
(184, 'get', 'roles/new', 'RoleController', 'create', NULL, '2020-11-04 12:40:16', '2020-11-04 12:40:16'),
(185, 'post', 'roles', 'RoleController', 'store', NULL, '2020-11-04 12:40:16', '2020-11-04 12:40:16'),
(186, 'get', 'roles/{id}/delete', 'RoleController', 'destroy', NULL, '2020-11-04 12:40:17', '2020-11-04 12:40:17'),
(187, 'get', 'roles/{id}/edit', 'RoleController', 'edit', NULL, '2020-11-04 12:40:17', '2020-11-04 12:40:17'),
(188, 'post', 'roles/{id}/update', 'RoleController', 'update', NULL, '2020-11-04 12:40:17', '2020-11-04 12:40:17'),
(189, 'get', 'setting', 'SettingController', 'index', 'setting.index', '2020-11-04 12:40:17', '2020-11-04 12:40:17'),
(190, 'get', 'setting/create', 'SettingController', 'create', 'setting.create', '2020-11-04 12:40:17', '2020-11-04 12:40:17'),
(191, 'post', 'setting', 'SettingController', 'store', 'setting.store', '2020-11-04 12:40:17', '2020-11-04 12:40:17'),
(192, 'get', 'setting/{setting}', 'SettingController', 'show', 'setting.show', '2020-11-04 12:40:17', '2020-11-04 12:40:17'),
(193, 'get', 'setting/{setting}/edit', 'SettingController', 'edit', 'setting.edit', '2020-11-04 12:40:18', '2020-11-04 12:40:18'),
(194, 'put', 'setting/{setting}', 'SettingController', 'update', 'setting.update', '2020-11-04 12:40:18', '2020-11-04 12:40:18'),
(195, 'delete', 'setting/{setting}', 'SettingController', 'destroy', 'setting.destroy', '2020-11-04 12:40:18', '2020-11-04 12:40:18'),
(196, 'get', 'setting/{id}/delete', 'SettingController', 'destroy', NULL, '2020-11-04 12:40:18', '2020-11-04 12:40:18'),
(197, 'get', 'rbt', 'RbtController', 'index', 'rbt.index', '2020-11-04 12:40:18', '2020-11-04 12:40:18'),
(198, 'get', 'rbt/search', 'RbtController', 'search', NULL, '2020-11-04 12:40:18', '2020-11-04 12:40:18'),
(199, 'post', 'rbt/search', 'RbtController', 'search_result', NULL, '2020-11-04 12:40:18', '2020-11-04 12:40:18'),
(200, 'get', 'report', 'ReportController', 'index', 'report.index', '2020-11-04 12:40:18', '2020-11-04 12:40:18'),
(201, 'get', 'report/search', 'ReportController', 'search', NULL, '2020-11-04 12:40:18', '2020-11-04 12:40:18'),
(202, 'post', 'report/search', 'ReportController', 'search_result', NULL, '2020-11-04 12:40:18', '2020-11-04 12:40:18'),
(203, 'post', 'rbt/get_statistics', 'RbtController', 'get_statistics', NULL, '2020-11-04 12:40:18', '2020-11-04 12:40:18'),
(204, 'get', 'rbt/statistics', 'RbtController', 'statitics', NULL, '2020-11-04 12:40:18', '2020-11-04 12:40:18'),
(205, 'get', 'rbt/file_system', 'RbtController', 'list_file_system', NULL, '2020-11-04 12:40:18', '2020-11-04 12:40:18'),
(206, 'get', 'rbt/excel', 'RbtController', 'excel', NULL, '2020-11-04 12:40:18', '2020-11-04 12:40:18'),
(207, 'post', 'rbt/excel', 'RbtController', 'excelStore', NULL, '2020-11-04 12:40:19', '2020-11-04 12:40:19'),
(208, 'get', 'rbt/downloadSample', 'RbtController', 'getDownload', NULL, '2020-11-04 12:40:19', '2020-11-04 12:40:19'),
(209, 'get', 'report/excel', 'ReportController', 'excel', NULL, '2020-11-04 12:40:19', '2020-11-04 12:40:19'),
(210, 'get', 'report/downloadSample', 'ReportController', 'getDownload', NULL, '2020-11-04 12:40:19', '2020-11-04 12:40:19'),
(211, 'post', 'report/excel', 'ReportController', 'excelStore', NULL, '2020-11-04 12:40:19', '2020-11-04 12:40:19'),
(212, 'post', 'report/export_report', 'ReportController', 'export_report', NULL, '2020-11-04 12:40:19', '2020-11-04 12:40:19'),
(213, 'get', 'rbt/allData', 'RbtController', 'allData', NULL, '2020-11-04 12:40:19', '2020-11-04 12:40:19'),
(214, 'get', 'rbt/{id}/editNew', 'RbtController', 'editNew', NULL, '2020-11-04 12:40:19', '2020-11-04 12:40:19'),
(215, 'post', 'rbt/excelNew', 'RbtController', 'excelNewStore', NULL, '2020-11-04 12:40:20', '2020-11-04 12:40:20'),
(216, 'get', 'rbt/downloadSampleNew', 'RbtController', 'getDownloadNew', NULL, '2020-11-04 12:40:20', '2020-11-04 12:40:20'),
(217, 'get', 'rbt/upload_tracks', 'RbtController', 'multi_upload', NULL, '2020-11-04 12:40:20', '2020-11-04 12:40:20'),
(218, 'post', 'rbt/save_tracks', 'RbtController', 'save_tracks', NULL, '2020-11-04 12:40:20', '2020-11-04 12:40:20'),
(219, 'get', 'rbt/delete_track/{id}', 'RbtController', 'delete_track', NULL, '2020-11-04 12:40:20', '2020-11-04 12:40:20'),
(220, 'post', 'rbt/{id}/update', 'RbtController', 'update', NULL, '2020-11-04 12:40:20', '2020-11-04 12:40:20'),
(221, 'get', 'rbt/{id}/delete', 'RbtController', 'destroy', NULL, '2020-11-04 12:40:20', '2020-11-04 12:40:20'),
(222, 'get', 'rbt/{id}/deleteMsg', 'RbtController', 'DeleteMsg', NULL, '2020-11-04 12:40:20', '2020-11-04 12:40:20'),
(223, 'get', 'rbt/create', 'RbtController', 'create', 'rbt.create', '2020-11-04 12:40:20', '2020-11-04 12:40:20'),
(224, 'post', 'rbt', 'RbtController', 'store', 'rbt.store', '2020-11-04 12:40:20', '2020-11-04 12:40:20'),
(225, 'get', 'rbt/{rbt}', 'RbtController', 'show', 'rbt.show', '2020-11-04 12:40:21', '2020-11-04 12:40:21'),
(226, 'get', 'rbt/{rbt}/edit', 'RbtController', 'edit', 'rbt.edit', '2020-11-04 12:40:21', '2020-11-04 12:40:21'),
(227, 'put', 'rbt/{rbt}', 'RbtController', 'update', 'rbt.update', '2020-11-04 12:40:21', '2020-11-04 12:40:21'),
(228, 'delete', 'rbt/{rbt}', 'RbtController', 'destroy', 'rbt.destroy', '2020-11-04 12:40:21', '2020-11-04 12:40:21'),
(229, 'get', 'report/statistics', 'ReportController', 'statitics', NULL, '2020-11-04 12:40:21', '2020-11-04 12:40:21'),
(230, 'put', 'report/{id}/update', 'ReportController', 'update', NULL, '2020-11-04 12:40:21', '2020-11-08 13:36:08'),
(231, 'delete', 'report/{id}/delete', 'ReportController', 'destroy', NULL, '2020-11-04 12:40:21', '2020-11-08 13:36:08'),
(232, 'get', 'report/{id}/deleteMsg', 'ReportController', 'DeleteMsg', NULL, '2020-11-04 12:40:21', '2020-11-04 12:40:21'),
(233, 'post', 'report/get_statistics', 'ReportController', 'get_statistics', NULL, '2020-11-04 12:40:21', '2020-11-04 12:40:21'),
(234, 'get', 'contents/excel', 'ContentController', 'create_excel', NULL, '2020-11-04 12:40:22', '2020-11-04 12:40:22'),
(235, 'post', 'contents/excel', 'ContentController', 'excel_store', NULL, '2020-11-04 12:40:22', '2020-11-04 12:40:22'),
(236, 'get', 'content/{id}/delete', 'ContentController', 'destroy', NULL, '2020-11-04 12:40:22', '2020-11-04 12:40:22'),
(237, 'get', 'contents/downloadSample', 'ContentController', 'getDownload', NULL, '2020-11-04 12:40:23', '2020-11-04 12:40:23'),
(238, 'get', 'contents/file_system', 'ContentController', 'list_file_system', NULL, '2020-11-04 12:40:23', '2020-11-04 12:40:23'),
(239, 'get', 'contents/upload_tracks', 'ContentController', 'multi_upload', NULL, '2020-11-04 12:40:23', '2020-11-04 12:40:23'),
(240, 'post', 'contents/save_tracks', 'ContentController', 'save_tracks', NULL, '2020-11-04 12:40:23', '2020-11-04 12:40:23'),
(241, 'get', 'content/allData', 'ContentController', 'allData', NULL, '2020-11-04 12:40:23', '2020-11-04 12:40:23'),
(242, 'get', 'content', 'ContentController', 'index', NULL, '2020-11-04 12:40:23', '2020-11-04 12:40:23'),
(243, 'get', 'content/{id}/edit', 'ContentController', 'edit', NULL, '2020-11-04 12:40:23', '2020-11-04 12:40:23'),
(244, 'patch', 'content/{id}/update', 'ContentController', 'update', NULL, '2020-11-04 12:40:23', '2020-11-04 12:40:23'),
(245, 'get', 'content/create', 'ContentController', 'create', NULL, '2020-11-04 12:40:23', '2020-11-04 12:40:23'),
(246, 'post', 'content', 'ContentController', 'store', NULL, '2020-11-04 12:40:23', '2020-11-04 12:40:23'),
(247, 'get', 'content/{id}/rbts', 'ContentController', 'show_rbt', NULL, '2020-11-04 12:40:24', '2020-11-04 12:40:24'),
(248, 'get', 'content/{id}', 'ContentController', 'show', NULL, '2020-11-04 12:40:24', '2020-11-04 12:40:24'),
(249, 'get', 'roadmaps', 'RoadMapController', 'index', 'admin.roadmaps.index', '2020-11-04 12:40:24', '2020-11-04 12:40:24'),
(250, 'get', 'roadmaps/create', 'RoadMapController', 'create', 'admin.roadmaps.create', '2020-11-04 12:40:24', '2020-11-04 12:40:24'),
(251, 'post', 'roadmaps', 'RoadMapController', 'store', 'admin.roadmaps.store', '2020-11-04 12:40:24', '2020-11-04 12:40:24'),
(252, 'get', 'roadmaps/{roadmap}', 'RoadMapController', 'show', 'admin.roadmaps.show', '2020-11-04 12:40:24', '2020-11-04 12:40:24'),
(253, 'get', 'roadmaps/{roadmap}/edit', 'RoadMapController', 'edit', 'admin.roadmaps.edit', '2020-11-04 12:40:24', '2020-11-04 12:40:24'),
(254, 'put', 'roadmaps/{roadmap}', 'RoadMapController', 'update', 'admin.roadmaps.update', '2020-11-04 12:40:24', '2020-11-04 12:40:24'),
(255, 'delete', 'roadmaps/{roadmap}', 'RoadMapController', 'destroy', 'admin.roadmaps.destroy', '2020-11-04 12:40:24', '2020-11-04 12:40:24'),
(256, 'get', 'roadmaps/{id}/delete', 'RoadMapController', 'destroy', NULL, '2020-11-04 12:40:24', '2020-11-04 12:40:24'),
(257, 'get', 'roadmap/allData', 'RoadMapController', 'allData', NULL, '2020-11-04 12:40:25', '2020-11-04 12:40:25'),
(258, 'get', 'roadmaps/calendar/index', 'RoadMapController', 'calendarIndex', 'admin.roadmaps.calendar.index', '2020-11-04 12:40:25', '2020-11-04 12:40:25'),
(259, 'get', 'roadmaps/stop/{id}', 'RoadMapController', 'stop_roadmap', NULL, '2020-11-04 12:40:25', '2020-11-04 12:40:25'),
(260, 'get', 'report/create', 'ReportController', 'create', 'report.create', '2020-11-04 12:40:25', '2020-11-04 12:40:25'),
(261, 'post', 'report', 'ReportController', 'store', 'report.store', '2020-11-04 12:40:25', '2020-11-04 12:40:25'),
(262, 'get', 'report/{report}', 'ReportController', 'show', 'report.show', '2020-11-04 12:40:25', '2020-11-04 12:40:25'),
(263, 'get', 'report/{report}/edit', 'ReportController', 'edit', 'report.edit', '2020-11-04 12:40:25', '2020-11-04 12:40:25'),
(264, 'put', 'report/{report}', 'ReportController', 'update', 'report.update', '2020-11-04 12:40:25', '2020-11-04 12:40:25'),
(265, 'delete', 'report/{report}', 'ReportController', 'destroy', 'report.destroy', '2020-11-04 12:40:25', '2020-11-04 12:40:25'),
(266, 'get', 'employees', 'EmployeesController', 'index', 'employees.index', '2020-11-04 12:40:26', '2020-11-04 12:40:26'),
(267, 'get', 'employees/create', 'EmployeesController', 'create', 'employees.create', '2020-11-04 12:40:26', '2020-11-04 12:40:26'),
(268, 'post', 'employees', 'EmployeesController', 'store', 'employees.store', '2020-11-04 12:40:26', '2020-11-04 12:40:26'),
(269, 'get', 'employees/{employee}', 'EmployeesController', 'show', 'employees.show', '2020-11-04 12:40:26', '2020-11-04 12:40:26'),
(270, 'get', 'employees/{employee}/edit', 'EmployeesController', 'edit', 'employees.edit', '2020-11-04 12:40:26', '2020-11-04 12:40:26'),
(271, 'put', 'employees/{employee}', 'EmployeesController', 'update', 'employees.update', '2020-11-04 12:40:26', '2020-11-04 12:40:26'),
(272, 'delete', 'employees/{employee}', 'EmployeesController', 'destroy', 'employees.destroy', '2020-11-04 12:40:26', '2020-11-04 12:40:26'),
(273, 'get', 'employees/{id}/show', 'EmployeesController', 'show', NULL, '2020-11-04 12:40:26', '2020-11-04 12:40:26'),
(274, 'post', 'employees/{id}/update', 'EmployeesController', 'update', NULL, '2020-11-04 12:40:26', '2020-11-04 12:40:26'),
(275, 'get', 'employees/{id}/delete', 'EmployeesController', 'destroy', NULL, '2020-11-04 12:40:26', '2020-11-04 12:40:26'),
(276, 'get', 'employees/{id}/contracts', 'EmployeeContractsController', 'create', NULL, '2020-11-04 12:40:26', '2020-11-04 12:40:26'),
(277, 'post', 'employees/{id}/contracts', 'EmployeeContractsController', 'store', NULL, '2020-11-04 12:40:26', '2020-11-04 12:40:26'),
(278, 'get', 'employee_contract/{id}/delete', 'EmployeeContractsController', 'destroy', NULL, '2020-11-04 12:40:26', '2020-11-04 12:40:26'),
(279, 'get', 'employee_contract/{id}/edit', 'EmployeeContractsController', 'edit', NULL, '2020-11-04 12:40:27', '2020-11-04 12:40:27'),
(280, 'post', 'employee_contract/{id}/update', 'EmployeeContractsController', 'update', NULL, '2020-11-04 12:40:27', '2020-11-04 12:40:27'),
(281, 'get', 'department', 'DepartmentController', 'index', 'department.index', '2020-11-04 12:40:27', '2020-11-04 12:40:27'),
(282, 'get', 'department/create', 'DepartmentController', 'create', 'department.create', '2020-11-04 12:40:27', '2020-11-04 12:40:27'),
(283, 'post', 'department', 'DepartmentController', 'store', 'department.store', '2020-11-04 12:40:27', '2020-11-04 12:40:27'),
(284, 'get', 'department/{department}', 'DepartmentController', 'show', 'department.show', '2020-11-04 12:40:27', '2020-11-04 12:40:27'),
(285, 'get', 'department/{department}/edit', 'DepartmentController', 'edit', 'department.edit', '2020-11-04 12:40:27', '2020-11-04 12:40:27'),
(286, 'put', 'department/{department}', 'DepartmentController', 'update', 'department.update', '2020-11-04 12:40:27', '2020-11-04 12:40:27'),
(287, 'delete', 'department/{department}', 'DepartmentController', 'destroy', 'department.destroy', '2020-11-04 12:40:27', '2020-11-04 12:40:27'),
(288, 'get', 'department/{id}/delete', 'DepartmentController', 'destroy', NULL, '2020-11-04 12:40:27', '2020-11-04 12:40:27'),
(289, 'get', 'sendemail', 'DepartmentController', 'contract_items_send_email', NULL, '2020-11-04 12:40:27', '2020-11-04 12:40:27'),
(290, 'get', 'get_table_ids', 'HomeController', 'get_table_ids_list', NULL, '2020-11-04 12:40:28', '2020-11-04 12:40:28'),
(291, 'get', 'fix_date_for_content', 'ContentController', 'fix_date_for_content', NULL, '2020-11-04 12:40:28', '2020-11-04 12:40:28'),
(292, 'get', 'all_routes', 'RouteController', 'index', NULL, '2018-02-05 11:39:21', '2019-10-13 09:51:33'),
(293, 'post', 'routes', 'RouteController', 'store', NULL, '2018-02-05 11:39:21', '2018-02-05 11:39:21'),
(294, 'get', 'routes/{id}/edit', 'RouteController', 'edit', NULL, '2018-02-05 11:39:21', '2018-02-05 11:39:21'),
(295, 'post', 'routes/{id}/update', 'RouteController', 'update', NULL, '2018-02-05 11:39:21', '2018-01-28 07:25:29'),
(296, 'get', 'routes/{id}/delete', 'RouteController', 'destroy', NULL, '2018-02-05 11:39:21', '2018-02-05 11:39:21'),
(297, 'get', 'routes/create', 'RouteController', 'create', NULL, '2018-02-05 11:39:21', '2018-02-05 11:39:21'),
(298, 'get', 'routes/index_v2', 'RouteController', 'index_v2', NULL, '2017-11-12 11:45:15', '2017-11-12 12:04:53'),
(299, 'get', 'all_routes/{id}/edit', 'RouteController', 'edit', NULL, NULL, NULL),
(300, 'get', 'all_routes/{id}/delete', 'RouteController', 'destroy', NULL, NULL, NULL),
(301, 'get', 'routes_v2', 'RouteController', 'create_v2', NULL, NULL, NULL),
(302, 'get', 'get_controller_methods', 'RouteController', 'get_methods_for_selected_controller', NULL, NULL, NULL),
(303, 'post', 'routes/store_v2', 'RouteController', 'store_v2', NULL, NULL, NULL);

-- --------------------------------------------------------

--
-- Table structure for table `second_parties`
--

CREATE TABLE `second_parties` (
  `second_party_id` int(10) UNSIGNED NOT NULL,
  `second_party_type_id` bigint(20) UNSIGNED NOT NULL,
  `second_party_title` varchar(191) COLLATE utf8mb4_unicode_ci NOT NULL,
  `second_party_joining_date` date DEFAULT NULL,
  `second_party_terminate_date` date DEFAULT NULL,
  `second_party_status` tinyint(1) NOT NULL DEFAULT 1 COMMENT '1:working|0:terminated',
  `second_party_identity` varchar(191) COLLATE utf8mb4_unicode_ci DEFAULT NULL,
  `second_party_cr` varchar(191) COLLATE utf8mb4_unicode_ci DEFAULT NULL,
  `second_party_tc` varchar(191) COLLATE utf8mb4_unicode_ci DEFAULT NULL,
  `created_at` timestamp NULL DEFAULT NULL,
  `updated_at` timestamp NULL DEFAULT NULL,
  `entry_by` int(11) DEFAULT NULL,
  `second_party_signature` varchar(191) COLLATE utf8mb4_unicode_ci DEFAULT NULL,
  `second_party_seal` varchar(191) COLLATE utf8mb4_unicode_ci DEFAULT NULL
) ENGINE=InnoDB DEFAULT CHARSET=utf8mb4 COLLATE=utf8mb4_unicode_ci;

--
-- Dumping data for table `second_parties`
--

INSERT INTO `second_parties` (`second_party_id`, `second_party_type_id`, `second_party_title`, `second_party_joining_date`, `second_party_terminate_date`, `second_party_status`, `second_party_identity`, `second_party_cr`, `second_party_tc`, `created_at`, `updated_at`, `entry_by`, `second_party_signature`, `second_party_seal`) VALUES
(24, 1, 'Smart Technology', '2013-06-01', NULL, 1, '1598965833-56294192.pdf', '1598965833-20049365.pdf', NULL, NULL, NULL, NULL, NULL, NULL),
(25, 1, 'EcoVas', '2014-05-01', NULL, 1, NULL, NULL, NULL, NULL, NULL, NULL, NULL, NULL),
(26, 1, 'Qanawat Dubai', '2015-12-01', NULL, 1, NULL, '1598793257-50445550.pdf', NULL, NULL, NULL, NULL, NULL, NULL),
(27, 1, 'Life Connection', '2020-05-28', NULL, 1, NULL, NULL, NULL, NULL, NULL, NULL, NULL, NULL),
(28, 2, 'Mashary Rashed Al Afasy', '2014-09-01', NULL, 1, NULL, NULL, NULL, NULL, NULL, NULL, NULL, NULL),
(29, 4, 'Melody Company', '2015-12-01', NULL, 1, NULL, '1599473516-8444316.pdf', NULL, NULL, NULL, NULL, NULL, NULL),
(30, 5, 'The Wedding House', '2017-06-11', NULL, 1, NULL, NULL, NULL, NULL, NULL, NULL, NULL, NULL),
(31, 2, 'Hussam Aldeen Khalil', '2017-07-01', '2022-07-18', 1, NULL, NULL, NULL, NULL, NULL, NULL, NULL, NULL),
(32, 1, 'ARPU', '2014-10-01', '2030-10-01', 1, NULL, NULL, NULL, NULL, NULL, NULL, NULL, NULL),
(33, 6, 'First Microfinance Foundation', '2017-04-01', '2018-10-01', 1, NULL, NULL, NULL, NULL, NULL, NULL, NULL, NULL),
(34, 4, 'Awakening', '2015-06-01', '2017-06-01', 1, NULL, NULL, NULL, NULL, NULL, NULL, NULL, NULL),
(35, 1, 'Albtros Engineering Company', '2017-05-01', '2017-12-01', 1, NULL, NULL, NULL, NULL, NULL, NULL, NULL, NULL),
(36, 1, 'Tim We Qatar', '2014-07-01', '2016-07-01', 1, NULL, NULL, NULL, NULL, NULL, NULL, NULL, NULL),
(37, 4, 'Nour Eleman for Software', '2015-09-01', '2018-09-17', 1, NULL, NULL, NULL, NULL, NULL, NULL, NULL, NULL),
(38, 6, 'Ehyaa El Toras El Islamy', '2016-05-01', '2017-05-01', 1, NULL, NULL, NULL, NULL, NULL, NULL, NULL, NULL),
(39, 4, 'Sharqy Production', '2017-05-01', '2019-05-11', 1, NULL, NULL, NULL, NULL, NULL, NULL, NULL, NULL),
(40, 5, 'Sharqy Production 2', '2017-05-01', '2019-05-11', 1, NULL, NULL, NULL, NULL, NULL, NULL, NULL, NULL),
(41, 3, 'Etisalat Misr', '2017-05-29', '2025-05-28', 1, NULL, NULL, NULL, NULL, NULL, NULL, NULL, NULL),
(42, 1, 'Celvas', '2014-06-01', '2015-06-22', 1, NULL, NULL, NULL, NULL, NULL, NULL, NULL, NULL),
(43, 1, 'Victory Link', '2013-06-01', '2015-06-01', 1, NULL, NULL, NULL, NULL, NULL, NULL, NULL, NULL),
(44, 3, 'Mobinil', '2015-12-01', '2016-11-30', 1, NULL, NULL, NULL, NULL, NULL, NULL, NULL, NULL),
(45, 5, 'Soft Kinetics', '2017-05-01', '2017-06-25', 1, NULL, NULL, NULL, NULL, NULL, NULL, NULL, NULL),
(46, 5, 'Sign Out Media', '2017-03-01', '2017-09-01', 1, NULL, NULL, NULL, NULL, NULL, NULL, NULL, NULL),
(47, 2, 'Bahaa El Deen Mohammed', '2013-06-01', '2015-06-01', 1, NULL, NULL, NULL, NULL, NULL, NULL, NULL, NULL),
(48, 2, 'Mostafa Qamar', '2017-05-01', '2022-04-30', 1, NULL, NULL, NULL, NULL, NULL, NULL, NULL, NULL),
(49, 2, 'Karim Omar Helal', '2016-12-01', '2018-12-01', 1, NULL, NULL, NULL, NULL, NULL, NULL, NULL, NULL),
(50, 2, 'Reda Murad Teama', '2015-09-01', '2020-08-31', 1, NULL, NULL, NULL, NULL, NULL, NULL, NULL, NULL),
(51, 2, 'Ahmed Mohamed Atya', '2014-12-01', '2019-12-01', 1, NULL, NULL, NULL, NULL, NULL, NULL, NULL, NULL),
(52, 2, 'Lamiaa Abd Al Aziz', '2014-06-01', '2017-06-01', 1, NULL, NULL, NULL, NULL, NULL, NULL, NULL, NULL),
(53, 7, 'MBC', '2020-07-01', NULL, 1, NULL, NULL, NULL, NULL, NULL, NULL, NULL, NULL),
(54, 1, 'Takween', '2020-07-01', NULL, 1, NULL, NULL, NULL, NULL, NULL, NULL, NULL, NULL),
(55, 2, 'Takween', '2020-07-07', NULL, 1, NULL, NULL, NULL, NULL, NULL, NULL, NULL, NULL),
(57, 3, 'Libyana-Libya', '2020-08-01', NULL, 1, NULL, NULL, NULL, NULL, NULL, NULL, NULL, NULL),
(58, 1, 'Rebiana-Libya', '2020-01-01', NULL, 1, NULL, NULL, NULL, NULL, NULL, NULL, NULL, NULL),
(59, 4, 'Rotana', '2020-01-01', NULL, 1, NULL, NULL, NULL, NULL, NULL, NULL, NULL, NULL),
(70, 1, 'DigiZone', '2020-05-28', NULL, 1, NULL, NULL, NULL, NULL, NULL, NULL, NULL, NULL),
(80, 4, 'Ivas', '2020-05-28', NULL, 1, NULL, NULL, NULL, NULL, NULL, NULL, NULL, NULL),
(81, 1, 'Ivas', '2020-05-28', NULL, 1, NULL, NULL, NULL, NULL, NULL, NULL, NULL, NULL),
(82, 8, 'Negoom fm', '2020-05-28', NULL, 1, NULL, NULL, NULL, NULL, NULL, NULL, NULL, NULL),
(83, 1, 'Negoom fm', '2020-05-28', NULL, 1, NULL, NULL, NULL, NULL, NULL, NULL, NULL, NULL),
(84, 4, 'DigiZone', '2020-05-28', NULL, 1, NULL, '1598185728-65151531.pdf', NULL, NULL, NULL, NULL, NULL, NULL),
(85, 1, 'Binary Waves', '2020-05-28', NULL, 1, NULL, NULL, NULL, NULL, NULL, NULL, NULL, NULL),
(86, 4, 'Binary Waves', '2020-05-28', NULL, 1, NULL, NULL, NULL, NULL, NULL, NULL, NULL, NULL),
(87, 1, 'Idex Telecom', '2020-05-28', NULL, 1, NULL, NULL, NULL, NULL, NULL, NULL, NULL, NULL),
(88, 3, 'Ooredoo', '2020-05-28', NULL, 1, NULL, NULL, NULL, NULL, NULL, NULL, NULL, NULL),
(89, 3, 'Zain - Kuwait', '2020-05-28', NULL, 1, NULL, NULL, NULL, NULL, NULL, NULL, NULL, NULL),
(90, 2, 'The Widing House', '2020-05-28', NULL, 1, NULL, NULL, NULL, NULL, NULL, NULL, NULL, NULL),
(91, 2, 'Digital Sound', '2020-05-28', NULL, 1, NULL, NULL, NULL, NULL, NULL, NULL, NULL, NULL),
(92, 2, 'Ivas', '2020-05-28', NULL, 1, NULL, NULL, NULL, NULL, NULL, NULL, NULL, NULL),
(93, 2, 'DigiZone', '2020-05-28', NULL, 1, NULL, NULL, NULL, NULL, NULL, NULL, NULL, NULL),
(94, 1, 'Media World', '2020-05-28', NULL, 1, NULL, NULL, NULL, NULL, NULL, NULL, NULL, NULL),
(95, 1, 'Taqarob - Jordan', '2020-05-28', NULL, 1, NULL, NULL, NULL, NULL, NULL, NULL, NULL, NULL),
(96, 5, 'Valux', '2020-05-28', NULL, 1, NULL, NULL, NULL, NULL, NULL, NULL, NULL, NULL),
(97, 4, 'Victory International', '2020-05-28', NULL, 1, NULL, NULL, NULL, NULL, NULL, NULL, NULL, NULL),
(98, 1, 'Digital Sound', '2020-05-28', NULL, 1, NULL, NULL, NULL, NULL, NULL, NULL, NULL, NULL),
(99, 1, 'Ziadat LLC', '2020-05-28', NULL, 1, NULL, NULL, NULL, NULL, NULL, NULL, NULL, NULL),
(100, 5, 'Optimal Technology Solutions', '2020-05-28', NULL, 1, NULL, NULL, NULL, NULL, NULL, NULL, NULL, NULL),
(101, 1, 'Optimal Technology Solutions', '2020-05-28', NULL, 1, NULL, NULL, NULL, NULL, NULL, NULL, NULL, NULL),
(102, 4, 'Free Music', '2020-05-28', NULL, 1, NULL, '1598185953-779763.pdf', NULL, NULL, NULL, NULL, NULL, NULL),
(103, 1, 'Vas Mix', '2020-05-28', NULL, 1, '1598170447-1233631.pdf', NULL, NULL, NULL, NULL, NULL, NULL, NULL),
(104, 4, 'High Quality', '2020-05-28', NULL, 1, NULL, NULL, '1598347137-75914361.pdf', NULL, NULL, NULL, NULL, NULL),
(105, 4, 'Music House', '2020-05-28', NULL, 1, NULL, NULL, NULL, NULL, NULL, NULL, NULL, NULL),
(106, 5, 'T-Pay', '2020-05-28', NULL, 1, NULL, NULL, NULL, NULL, NULL, NULL, NULL, NULL),
(107, 1, 'Info2Cast', '2020-05-28', NULL, 1, NULL, NULL, NULL, NULL, NULL, NULL, NULL, NULL),
(108, 1, 'Egypt Links', '2020-05-28', NULL, 1, NULL, '1598433257-94057695.pdf', NULL, NULL, NULL, NULL, NULL, NULL),
(109, 1, 'One Global', '2020-05-28', NULL, 1, NULL, '1598440045-53843017.pdf', NULL, NULL, NULL, NULL, NULL, NULL),
(110, 1, 'Mondia Media', '2020-05-28', NULL, 1, NULL, NULL, NULL, NULL, NULL, NULL, NULL, NULL),
(111, 1, 'Mobile Channel Company', '2020-05-28', NULL, 1, NULL, NULL, NULL, NULL, NULL, NULL, NULL, NULL),
(112, 1, 'Mobi Zone', '2020-05-28', NULL, 1, NULL, NULL, NULL, NULL, NULL, NULL, NULL, NULL),
(113, 4, 'TA Telecome', '2020-05-28', NULL, 1, NULL, NULL, NULL, NULL, NULL, NULL, NULL, NULL),
(114, 2, 'Amina Shelbaya', '2020-05-28', NULL, 1, NULL, NULL, NULL, NULL, NULL, NULL, NULL, NULL),
(115, 2, 'Bahaa El Din', '2020-05-28', NULL, 1, NULL, NULL, NULL, NULL, NULL, NULL, NULL, NULL),
(116, 2, 'Lamiaa Abdelaziz', '2020-05-28', NULL, 1, NULL, NULL, NULL, NULL, NULL, NULL, NULL, NULL),
(117, 1, 'TA Telecome', '2020-05-28', NULL, 1, NULL, NULL, NULL, NULL, NULL, NULL, NULL, NULL),
(118, 4, 'Mesk Company for islamic production', '2020-05-28', NULL, 1, NULL, NULL, NULL, NULL, NULL, NULL, NULL, NULL),
(119, 1, 'Elwadi Newspaper', '2020-05-28', NULL, 1, NULL, NULL, NULL, NULL, NULL, NULL, NULL, NULL),
(120, 2, 'Yasmin Ali', '2020-05-28', NULL, 1, '1598883592-53008818.pdf', NULL, NULL, NULL, NULL, NULL, NULL, NULL),
(121, 1, 'On Mobile', '2020-05-28', NULL, 1, NULL, NULL, NULL, NULL, NULL, NULL, NULL, NULL),
(122, 4, 'Qanawat', '2020-05-28', NULL, 1, NULL, NULL, NULL, NULL, NULL, NULL, NULL, NULL),
(123, 1, 'Qanawat', '2020-05-28', NULL, 1, NULL, NULL, NULL, NULL, NULL, NULL, NULL, NULL),
(124, 4, 'Music For All', '2020-05-28', NULL, 1, NULL, NULL, NULL, NULL, NULL, NULL, NULL, NULL),
(125, 4, 'El Dostor', '2020-05-28', NULL, 1, NULL, NULL, NULL, NULL, NULL, NULL, NULL, NULL),
(126, 4, 'Advances', '2020-05-28', NULL, 1, NULL, NULL, NULL, NULL, NULL, NULL, NULL, NULL),
(127, 4, 'Re Media', '2020-05-28', NULL, 1, NULL, NULL, NULL, NULL, NULL, NULL, NULL, NULL),
(128, 2, 'Haitham Mazen', '2020-05-28', NULL, 1, NULL, NULL, NULL, NULL, NULL, NULL, NULL, NULL),
(129, 2, 'Adel Abdel Aal', '2020-05-28', NULL, 1, '1599467047-99145328.pdf', NULL, NULL, NULL, NULL, NULL, NULL, NULL),
(130, 6, 'Khaled Abdel Allah', '2020-05-28', NULL, 1, NULL, NULL, NULL, NULL, NULL, NULL, NULL, NULL),
(131, 6, 'Ahmed El Gafaly', '2020-05-28', NULL, 1, NULL, NULL, NULL, NULL, NULL, NULL, NULL, NULL),
(132, 2, 'Medhat Saleh', '2020-05-28', NULL, 1, NULL, NULL, NULL, NULL, NULL, NULL, NULL, NULL),
(133, 2, 'Abla Fadila', '2020-05-28', NULL, 1, NULL, NULL, NULL, NULL, NULL, NULL, NULL, NULL),
(134, 4, 'Lamp Studios', '2020-05-28', NULL, 1, NULL, NULL, NULL, NULL, NULL, NULL, NULL, NULL),
(135, 8, 'One Thousand Miles', '2020-05-28', NULL, 1, NULL, NULL, NULL, NULL, NULL, NULL, NULL, NULL),
(136, 2, 'Carmen Soliman', '2020-05-28', NULL, 1, NULL, NULL, NULL, NULL, NULL, NULL, NULL, NULL),
(137, 2, 'Loay', '2020-05-28', NULL, 1, NULL, NULL, NULL, NULL, NULL, NULL, NULL, NULL),
(138, 2, 'Mahmoud Mohey', '2020-05-28', NULL, 1, NULL, NULL, NULL, NULL, NULL, NULL, NULL, NULL),
(139, 2, 'Mohamed Galal', '2020-05-28', NULL, 1, NULL, NULL, NULL, NULL, NULL, NULL, NULL, NULL),
(140, 2, 'Mosatafa Gad', '2020-05-28', NULL, 1, NULL, NULL, NULL, NULL, NULL, NULL, NULL, NULL),
(141, 2, 'Ramzy Bshara', '2020-05-28', NULL, 1, NULL, NULL, NULL, NULL, NULL, NULL, NULL, NULL),
(142, 2, 'Hamed Zaid', '2020-05-28', NULL, 1, NULL, NULL, NULL, NULL, NULL, NULL, NULL, NULL),
(143, 2, 'Reham Abdel Hakeem', '2020-05-28', NULL, 1, NULL, NULL, NULL, NULL, NULL, NULL, NULL, NULL),
(144, 2, 'Ahmed Mohamed Attia', '2020-05-28', NULL, 1, NULL, NULL, NULL, NULL, NULL, NULL, NULL, NULL),
(145, 2, 'Ahmed El Moghazi', '2020-05-28', NULL, 1, NULL, NULL, NULL, NULL, NULL, NULL, NULL, NULL),
(146, 2, 'Kareem El Shazely', '2020-05-28', NULL, 1, NULL, NULL, NULL, NULL, NULL, NULL, NULL, NULL),
(147, 2, 'Khaled Agag', '2020-05-28', NULL, 1, NULL, NULL, NULL, NULL, NULL, NULL, NULL, NULL),
(148, 2, 'Mona Aamer', '2020-05-28', NULL, 1, NULL, NULL, NULL, NULL, NULL, NULL, NULL, NULL),
(149, 2, 'Mona Abdel Ghany', '2020-05-28', NULL, 1, NULL, NULL, NULL, NULL, NULL, NULL, NULL, NULL),
(150, 2, 'Telal Fakher', '2020-05-28', NULL, 1, NULL, NULL, NULL, NULL, NULL, NULL, NULL, NULL),
(151, 2, 'Mohamed Hedaya', '2020-05-28', NULL, 1, NULL, NULL, NULL, NULL, NULL, NULL, NULL, NULL),
(152, 2, 'Ahmed El Talhey', '2020-05-28', NULL, 1, NULL, NULL, NULL, NULL, NULL, NULL, NULL, NULL),
(153, 2, 'Abou Sha3rs Brothers', '2020-05-28', NULL, 1, NULL, NULL, NULL, NULL, '2020-11-08 10:43:06', NULL, NULL, NULL),
(154, 4, 'Media World', '2020-05-28', NULL, 1, NULL, NULL, NULL, NULL, NULL, NULL, NULL, NULL),
(155, 4, 'ARPU', '2020-05-28', NULL, 1, NULL, NULL, NULL, NULL, NULL, NULL, NULL, NULL),
(156, 2, 'Aamer El Mohalhal', '2020-05-28', NULL, 1, NULL, NULL, NULL, NULL, NULL, NULL, NULL, NULL),
(157, 2, 'Hany Shaker', '2020-05-28', NULL, 1, '1601379767-95882639.jpg', NULL, NULL, NULL, NULL, NULL, NULL, NULL),
(158, 1, 'Silat solution', '2020-04-01', '2021-03-31', 1, NULL, NULL, NULL, NULL, NULL, NULL, NULL, NULL),
(159, 1, 'ZED', '2020-05-28', NULL, 1, NULL, NULL, NULL, NULL, NULL, NULL, NULL, NULL),
(160, 1, 'First Imaginarium', '2020-05-28', NULL, 1, NULL, NULL, NULL, NULL, NULL, NULL, NULL, NULL),
(161, 1, 'Al Jareed', '2020-05-28', NULL, 1, NULL, NULL, NULL, NULL, NULL, NULL, NULL, NULL),
(162, 3, 'Omani Qatari Tele', '2020-05-28', NULL, 1, NULL, NULL, NULL, NULL, NULL, NULL, NULL, NULL),
(163, 2, 'احمد الطلحي', '2020-05-28', NULL, 1, NULL, NULL, NULL, '2020-11-02 12:26:30', '2020-11-02 12:26:30', NULL, NULL, NULL),
(164, 2, 'مروان الدكاني', '2020-05-28', NULL, 1, NULL, NULL, NULL, '2020-11-02 12:26:44', '2020-11-02 12:26:44', NULL, NULL, NULL),
(165, 2, 'عمرو زكي وشواحة ', '2020-05-28', NULL, 1, NULL, NULL, NULL, '2020-11-02 12:26:45', '2020-11-02 12:26:45', NULL, NULL, NULL),
(166, 2, 'عمرو زكي و ابو ليله', '2020-05-28', NULL, 1, NULL, NULL, NULL, '2020-11-02 12:26:45', '2020-11-02 12:26:45', NULL, NULL, NULL),
(167, 2, 'هاني شاكر', '2020-05-28', NULL, 1, NULL, NULL, NULL, '2020-11-02 12:26:45', '2020-11-02 12:26:45', NULL, NULL, NULL),
(168, 2, 'ياسمين علي', '2020-05-28', NULL, 1, NULL, NULL, NULL, '2020-11-02 12:26:46', '2020-11-02 12:26:46', NULL, NULL, NULL),
(169, 2, 'خالد عجاج', '2020-05-28', NULL, 1, NULL, NULL, NULL, '2020-11-02 12:26:46', '2020-11-02 12:26:46', NULL, NULL, NULL),
(170, 2, 'مدحت صالح', '2020-05-28', NULL, 1, NULL, NULL, NULL, '2020-11-02 12:26:51', '2020-11-02 12:26:51', NULL, NULL, NULL),
(171, 2, 'تامر حسني', '2020-05-28', NULL, 1, NULL, NULL, NULL, '2020-11-02 12:26:54', '2020-11-02 12:26:54', NULL, NULL, NULL),
(172, 2, 'تامر & شيرين ', '2020-05-28', NULL, 1, NULL, NULL, NULL, '2020-11-02 12:27:02', '2020-11-02 12:27:02', NULL, NULL, NULL),
(173, 2, 'فري بيبي & تامر حسني ', '2020-05-28', NULL, 1, NULL, NULL, NULL, '2020-11-02 12:27:05', '2020-11-02 12:27:05', NULL, NULL, NULL),
(174, 2, 'تامر حسني و بهاء', '2020-05-28', NULL, 1, NULL, NULL, NULL, '2020-11-02 12:27:07', '2020-11-02 12:27:07', NULL, NULL, NULL),
(175, 2, 'بهاء سلطان', '2020-05-28', NULL, 1, NULL, NULL, NULL, '2020-11-02 12:27:07', '2020-11-02 12:27:07', NULL, NULL, NULL),
(176, 2, 'دياب', '2020-05-28', NULL, 1, NULL, NULL, NULL, '2020-11-02 12:27:14', '2020-11-02 12:27:14', NULL, NULL, NULL),
(177, 2, 'هيثم شاكر', '2020-05-28', NULL, 1, NULL, NULL, NULL, '2020-11-02 12:27:17', '2020-11-02 12:27:17', NULL, NULL, NULL),
(178, 2, 'محمد فؤاد', '2020-05-28', NULL, 1, NULL, NULL, NULL, '2020-11-02 12:27:19', '2020-11-02 12:27:19', NULL, NULL, NULL),
(179, 2, 'محمد محى', '2020-05-28', NULL, 1, NULL, NULL, NULL, '2020-11-02 12:27:20', '2020-11-02 12:27:20', NULL, NULL, NULL),
(180, 2, 'محمد منير', '2020-05-28', NULL, 1, NULL, NULL, NULL, '2020-11-02 12:27:20', '2020-11-02 12:27:20', NULL, NULL, NULL),
(181, 2, 'سوما ', '2020-05-28', NULL, 1, NULL, NULL, NULL, '2020-11-02 12:27:22', '2020-11-02 12:27:22', NULL, NULL, NULL),
(182, 2, 'مجموعة', '2020-05-28', NULL, 1, NULL, NULL, NULL, '2020-11-02 12:27:27', '2020-11-02 12:27:27', NULL, NULL, NULL),
(183, 2, 'إيهاب عبد العزيز', '2020-05-28', NULL, 1, NULL, NULL, NULL, '2020-11-02 12:27:27', '2020-11-02 12:27:27', NULL, NULL, NULL),
(184, 2, 'نامق', '2020-05-28', NULL, 1, NULL, NULL, NULL, '2020-11-02 12:27:27', '2020-11-02 12:27:27', NULL, NULL, NULL),
(185, 2, 'أمين سامي', '2020-05-28', NULL, 1, NULL, NULL, NULL, '2020-11-02 12:27:28', '2020-11-02 12:27:28', NULL, NULL, NULL),
(186, 2, 'حسن الإســمر', '2020-05-28', NULL, 1, NULL, NULL, NULL, '2020-11-02 12:27:31', '2020-11-02 12:27:31', NULL, NULL, NULL),
(187, 2, 'خالد ومنير', '2020-05-28', NULL, 1, NULL, NULL, NULL, '2020-11-02 12:27:36', '2020-11-02 12:27:36', NULL, NULL, NULL),
(188, 2, 'هدى عمار', '2020-05-28', NULL, 1, NULL, NULL, NULL, '2020-11-02 12:27:36', '2020-11-02 12:27:36', NULL, NULL, NULL),
(189, 2, 'وليد سعد', '2020-05-28', NULL, 1, NULL, NULL, NULL, '2020-11-02 12:27:36', '2020-11-02 12:27:36', NULL, NULL, NULL),
(190, 2, 'طلعت زين', '2020-05-28', NULL, 1, NULL, NULL, NULL, '2020-11-02 12:27:37', '2020-11-02 12:27:37', NULL, NULL, NULL),
(191, 2, 'يسري', '2020-05-28', NULL, 1, NULL, NULL, NULL, '2020-11-02 12:27:37', '2020-11-02 12:27:37', NULL, NULL, NULL),
(192, 2, 'محمـــــد فؤاد', '2020-05-28', NULL, 1, NULL, NULL, NULL, '2020-11-02 12:27:37', '2020-11-02 12:27:37', NULL, NULL, NULL),
(193, 2, 'محمـــد منير', '2020-05-28', NULL, 1, NULL, NULL, NULL, '2020-11-02 12:27:40', '2020-11-02 12:27:40', NULL, NULL, NULL),
(194, 2, 'هشــام عباس', '2020-05-28', NULL, 1, NULL, NULL, NULL, '2020-11-02 12:27:44', '2020-11-02 12:27:44', NULL, NULL, NULL),
(195, 2, 'محمود عبد العزيز', '2020-05-28', NULL, 1, NULL, NULL, NULL, '2020-11-02 12:27:44', '2020-11-02 12:27:44', NULL, NULL, NULL),
(196, 2, 'المجموعة', '2020-05-28', NULL, 1, NULL, NULL, NULL, '2020-11-02 12:27:45', '2020-11-02 12:27:45', NULL, NULL, NULL),
(197, 2, 'محمد أبو الشيخ', '2020-05-28', NULL, 1, NULL, NULL, NULL, '2020-11-02 12:27:47', '2020-11-02 12:27:47', NULL, NULL, NULL),
(198, 2, 'محمد محي', '2020-05-28', NULL, 1, NULL, NULL, NULL, '2020-11-02 12:27:48', '2020-11-02 12:27:48', NULL, NULL, NULL),
(199, 2, 'محمد محي - شيرين', '2020-05-28', NULL, 1, NULL, NULL, NULL, '2020-11-02 12:27:52', '2020-11-02 12:27:52', NULL, NULL, NULL),
(200, 2, 'دنيا', '2020-05-28', NULL, 1, NULL, NULL, NULL, '2020-11-02 12:27:52', '2020-11-02 12:27:52', NULL, NULL, NULL),
(201, 2, 'عاشق الساكس ', '2020-05-28', NULL, 1, NULL, NULL, NULL, '2020-11-02 12:27:53', '2020-11-02 12:27:53', NULL, NULL, NULL),
(202, 2, 'فري بيبي & شيرين', '2020-05-28', NULL, 1, NULL, NULL, NULL, '2020-11-02 12:27:56', '2020-11-02 12:27:56', NULL, NULL, NULL),
(203, 2, 'محمد ابو الشيخ ', '2020-05-28', NULL, 1, NULL, NULL, NULL, '2020-11-02 12:27:56', '2020-11-02 12:27:56', NULL, NULL, NULL),
(204, 1, 'yousef', '2020-05-28', NULL, 1, NULL, NULL, NULL, '2020-11-02 12:35:11', '2020-11-02 12:35:11', NULL, NULL, NULL),
(205, 2, 'test req', '2020-11-01', '2020-11-30', 1, NULL, NULL, NULL, '2020-11-02 12:36:06', '2020-11-02 12:36:06', NULL, NULL, NULL),
(206, 2, 'yousefffff', NULL, NULL, 1, NULL, NULL, NULL, '2020-11-02 12:36:22', '2020-11-02 12:36:22', NULL, NULL, NULL);

-- --------------------------------------------------------

--
-- Table structure for table `second_party_types`
--

CREATE TABLE `second_party_types` (
  `id` bigint(20) UNSIGNED NOT NULL,
  `second_party_type_title` varchar(191) COLLATE utf8mb4_unicode_ci NOT NULL,
  `second_party_type_description` varchar(200) COLLATE utf8mb4_unicode_ci NOT NULL DEFAULT 'set second party type information here!',
  `created_at` timestamp NULL DEFAULT NULL,
  `updated_at` timestamp NULL DEFAULT NULL
) ENGINE=InnoDB DEFAULT CHARSET=utf8mb4 COLLATE=utf8mb4_unicode_ci;

--
-- Dumping data for table `second_party_types`
--

INSERT INTO `second_party_types` (`id`, `second_party_type_title`, `second_party_type_description`, `created_at`, `updated_at`) VALUES
(1, 'Aggregator', 'set second party type information here!', '2020-05-11 22:58:55', NULL),
(2, 'Provider', 'set second party type information here!', '2020-05-11 22:59:17', NULL),
(3, 'Operator', 'set second party type information here!', '2020-05-14 03:34:57', NULL),
(4, 'Content Provider', 'set second party type information here!', '2020-05-14 03:35:21', NULL),
(5, 'Suppliers', 'Sample, hotels,', '2020-05-18 14:04:58', NULL),
(6, 'Client', 'set second party type information here!', '2020-06-28 18:11:46', NULL),
(7, 'TV Channel', 'set second party type information here!', '2020-07-22 22:40:15', NULL),
(8, 'Radio', 'set second party type information here!', '2020-07-22 22:40:25', NULL);

-- --------------------------------------------------------

--
-- Table structure for table `service_types`
--

CREATE TABLE `service_types` (
  `id` bigint(20) UNSIGNED NOT NULL,
  `service_type_title` varchar(60) COLLATE utf8mb4_unicode_ci NOT NULL,
  `created_at` timestamp NULL DEFAULT NULL,
  `updated_at` timestamp NULL DEFAULT NULL
) ENGINE=InnoDB DEFAULT CHARSET=utf8mb4 COLLATE=utf8mb4_unicode_ci;

--
-- Dumping data for table `service_types`
--

INSERT INTO `service_types` (`id`, `service_type_title`, `created_at`, `updated_at`) VALUES
(1, 'VAS (RBT - Alert - IVR - SMS - MMS)', NULL, NULL),
(2, 'RBT', NULL, NULL),
(3, 'Subscription (Alert) included video - audio - gif - jpg - fi', NULL, NULL),
(4, 'SMS', NULL, NULL),
(5, 'MMS', NULL, NULL),
(6, 'IVR', NULL, NULL),
(7, 'Social Media', NULL, NULL),
(8, 'Website', NULL, NULL),
(9, 'Web Application', NULL, NULL),
(10, 'Mobile Application', NULL, NULL),
(11, 'Maintenance', NULL, NULL),
(12, 'Competition', NULL, NULL),
(13, 'Streaming', NULL, NULL),
(14, 'Youtube', NULL, NULL),
(15, 'Digital Media Platforms', NULL, NULL);

-- --------------------------------------------------------

--
-- Table structure for table `settings`
--

CREATE TABLE `settings` (
  `id` int(10) UNSIGNED NOT NULL,
  `key` varchar(191) COLLATE utf8mb4_unicode_ci NOT NULL,
  `value` text COLLATE utf8mb4_unicode_ci NOT NULL,
  `created_at` timestamp NULL DEFAULT NULL,
  `updated_at` timestamp NULL DEFAULT NULL,
  `type_id` int(11) NOT NULL,
  `order` int(11) DEFAULT NULL
) ENGINE=InnoDB DEFAULT CHARSET=utf8mb4 COLLATE=utf8mb4_unicode_ci;

--
-- Dumping data for table `settings`
--

INSERT INTO `settings` (`id`, `key`, `value`, `created_at`, `updated_at`, `type_id`, `order`) VALUES
(1, 'super_email', 'emad@ivas.com.eg', '2020-10-07 18:28:14', '2020-10-07 18:28:14', 2, NULL),
(2, 'rbt_notify_date', '5', '2020-10-22 11:05:47', '2020-10-22 11:05:47', 2, NULL),
(3, 'content_notify_date', '5', '2020-10-22 11:06:01', '2020-10-22 11:06:01', 2, NULL),
(4, 'notifiy_rbt_emails', 'mohammed_hs55@yahoo.com,mh124404@gmail.com', '2020-10-22 12:23:53', '2020-10-22 12:32:53', 2, NULL),
(5, 'notifiy_content_emails', 'mohammed_hs55@yahoo.com,mh124404@gmail.com', '2020-10-22 12:24:27', '2020-10-22 12:32:57', 2, NULL),
(6, 'contract_notify_date', '5', '2020-10-22 11:06:01', '2020-10-22 11:06:01', 2, NULL),
(7, 'notifiy_contract_emails', 'mohammed_hs55@yahoo.com,mh124404@gmail.com', '2020-10-22 12:23:53', '2020-10-22 12:32:53', 2, NULL),
(8, 'roadmap_notify_date', '5', '2020-10-22 05:05:47', '2020-10-22 05:05:47', 2, NULL),
(9, 'notify_roadmap_emails', 'yousef.ashraf@ivas.com.eg,yousefegy94@gmail.com', '2020-10-22 06:23:53', '2020-10-22 06:32:53', 2, NULL),
(10, 'action_roadmap_emails', 'yousef.ashraf@ivas.com.eg,yousefegy94@gmail.com,super_admin@ivas.com', '2020-10-22 06:23:53', '2020-11-03 12:57:15', 2, NULL);

-- --------------------------------------------------------

--
-- Table structure for table `templates`
--

CREATE TABLE `templates` (
  `id` int(10) UNSIGNED NOT NULL,
  `title` varchar(191) COLLATE utf8mb4_unicode_ci NOT NULL,
  `content_type` tinyint(1) NOT NULL COMMENT '1:In / 2:Out',
  `created_at` timestamp NULL DEFAULT NULL,
  `updated_at` timestamp NULL DEFAULT NULL
) ENGINE=InnoDB DEFAULT CHARSET=utf8mb4 COLLATE=utf8mb4_unicode_ci;

--
-- Dumping data for table `templates`
--

INSERT INTO `templates` (`id`, `title`, `content_type`, `created_at`, `updated_at`) VALUES
(1, 'عقد استغلال مصنفات فنية', 1, '2018-11-12 13:07:11', '2019-03-27 17:07:13'),
(2, 'عقد استغلال محتوي لتقديم خدمات القيمة المضافة ', 2, '2018-10-25 13:36:19', '2019-03-27 17:07:22');

-- --------------------------------------------------------

--
-- Table structure for table `template_items`
--

CREATE TABLE `template_items` (
  `id` int(10) UNSIGNED NOT NULL,
  `template_id` int(10) UNSIGNED DEFAULT NULL,
  `item` text COLLATE utf8mb4_unicode_ci NOT NULL,
  `created_at` timestamp NULL DEFAULT NULL,
  `updated_at` timestamp NULL DEFAULT NULL
) ENGINE=InnoDB DEFAULT CHARSET=utf8mb4 COLLATE=utf8mb4_unicode_ci;

--
-- Dumping data for table `template_items`
--

INSERT INTO `template_items` (`id`, `template_id`, `item`, `created_at`, `updated_at`) VALUES
(1, 1, ' <p class=\"MsoNormal\" dir=\"RTL\" style=\"text-align: right; break-after: avoid;\"><b><span lang=\"AR-SA\" style=\"font-size:\n                14.0pt\"> أنه فى يوم <span id=\"signed_date\">...</span> الموافق </span></b><b><span lang=\"AR-SA\"\n                        style=\"font-size:14.0pt;mso-bidi-language:AR-SA;mso-no-proof:no\"> <span id=\"day_name\">......</span> تحرر هذا\n                        العقد بين كل من:<o:p></o:p></span></b></p>\n            <p class=\"MsoNormal\" dir=\"RTL\" style=\"mso-pagination:none;page-break-after:avoid;\n                tab-stops:60.7pt\"><b><span lang=\"AR-SA\" style=\"font-size:14.0pt;\">\n                        <o:p> </o:p>\n                    </span></b></p>\n            <p class=\"MsoNormal\" dir=\"RTL\"\n                style=\"text-align: right; margin-right: 40.2pt; text-indent: -20.1pt; line-height: 115%; break-after: avoid;\"><span\n                    lang=\"AR-SA\" style=\"font-size:14.0pt;line-height:115%;\"> أولا: السادة / شركة <span\n                        id=\"first_part_name\">....</span>\n                    .<o:p></o:p></span></p>\n            <p class=\"MsoNormal\" dir=\"RTL\"\n                style=\"text-align: right; margin-right: 40.2pt; text-indent: -20.1pt; line-height: 115%; break-after: avoid;\"><span\n                    lang=\"AR-SA\" style=\"font-size:14.0pt;line-height:115%;\"> الكائن مقرها في <span\n                        id=\"first_part_address\">...</span>\n                    و لها سجل تجارى رقم <span id=\"first_commercial_register_no\"> .................. </span> و\n                    بطاقة ضريبية رقم <span id=\"first_tax_card_no\"> ........................</span>، و يمثلها فى هذا العقد السيد\n                    <span id=\"first_part_person\">...................</span> بصفته <span\n                        id=\"first_part_character\">...................</span>.</span><span dir=\"LTR\"></span><span dir=\"LTR\"></span><span\n                    lang=\"AR-SA\" dir=\"LTR\" style=\"font-size:14.0pt;line-height:\n                115%;mso-no-proof:no\"><span dir=\"LTR\"></span><span dir=\"LTR\"></span> </span><span lang=\"AR-EG\"\n                    style=\"font-size:14.0pt;line-height:115%;mso-no-proof:no\">\n                    <o:p></o:p>\n                </span></p>\n            <p class=\"MsoNormal\" dir=\"RTL\" style=\"margin-right:40.2pt;text-indent:-20.1pt;\n                line-height:115%;mso-pagination:none;page-break-after:avoid;tab-stops:60.7pt\"><span lang=\"AR-EG\"\n                    style=\"font-size:14.0pt;line-height:115%;\"></span><span lang=\"AR-SA\" style=\"font-size:14.0pt;line-height:115%;\">\n                    (ويشار إليه بالطرف\n                    الأول)<o:p></o:p></span></p>\n            <p class=\"MsoNormal\" align=\"right\" dir=\"RTL\"\n                style=\"margin-right: 20.1pt; text-indent: -20.1pt; line-height: 115%; break-after: avoid;\"><span lang=\"AR-SA\" style=\"font-size:14.0pt;line-height:\n                115%;\">\n                    <o:p> </o:p>\n                </span></p>\n            <p class=\"MsoNormal\" dir=\"RTL\"\n                style=\"text-align: right; margin-right: 40.2pt; text-indent: -20.1pt; line-height: 115%; break-after: avoid;\"><span\n                    lang=\"AR-SA\" style=\"font-size:14.0pt;\n                line-height:115%;\">ثانيا: </span><span lang=\"AR-SA\"\n                    style=\"font-size:14.0pt;line-height:115%;mso-bidi-language:AR-SA;\"> السادة / شركة <span\n                        id=\"second_part_name\">...</span> .</span></p>\n            <p class=\"MsoNormal\" dir=\"RTL\"\n                style=\"text-align: right; margin-right: 40.2pt; text-indent: -20.1pt; line-height: 115%; break-after: avoid;\"><span\n                    lang=\"AR-SA\" style=\"font-size:14.0pt;line-height:115%;\"> الكائن مقرها في <span\n                        id=\"second_part_address\">.....</span> و لها سجل تجارى رقم <span\n                        id=\"second_commercial_register_no\">...................</span> و\n                    بطاقة ضريبية رقم <span id=\"second_tax_card_no\">...................</span>و يمثلها فى هذا العقد السيد\n                    <span id=\"second_part_person\">...................</span> بصفته <span\n                        id=\"second_part_character\">...................</span>.</span><span dir=\"LTR\"></span><span dir=\"LTR\"></span><span\n                    lang=\"AR-SA\" dir=\"LTR\" style=\"font-size:14.0pt;line-height:\n                115%;mso-no-proof:no\"><span dir=\"LTR\"></span><span dir=\"LTR\"></span> </span><span lang=\"AR-EG\"\n                    style=\"font-size:14.0pt;line-height:115%;\"></span></p>\n            <p class=\"MsoNormal\" dir=\"RTL\" style=\"margin-right:40.2pt;text-indent:-20.1pt;\n                line-height:115%;mso-pagination:none;page-break-after:avoid;tab-stops:60.7pt\"><span lang=\"AR-EG\"\n                    style=\"font-size:14.0pt;line-height:115%;mso-no-proof:no\"></span><span lang=\"AR-SA\"\n                    style=\"font-size:14.0pt;line-height:115%;mso-bidi-language:AR-SA;\"> (ويشار إليه بالطرف الثاني)<o:p></o:p></span>\n            </p>', '2018-11-12 13:08:21', '2019-05-05 15:42:39'),
(2, 1, '<div style=\"margin-right:-1.15pt;text-align: right;\">\n    <p class=\"MsoNormal\" align=\"center\" dir=\"RTL\" style=\"text-align:center;line-height:\n    150%\">\n    <b><u><span lang=\"AR-EG\" style=\"font-size:14.0pt;line-height:150%\">\n    تمهيـــــد</span></u></b>\n    </p>\n    <p class=\"MsoNormal\" align=\"right\" dir=\"RTL\" style=\"text-align: right; line-height: 150%;font-size:14.0pt;\">\n    الطرف الأول قدم نفسه على أنه هو حاصل على حقوق استغلال مجموعة من المصنفات الفنية والمدرج بيانها في ملاحق او تفويضات هذا العقد ، بما يمكنه من التعاقد عليها و منح الطرف الثانى حق إتاحتها عبر خدمة الـ <span id=\"services\"></span> بشكل حصرى على شبكة  <span id=\"operators\"></span>\n    </p>\n    <p class=\"MsoNormal\" align=\"right\" dir=\"RTL\" style=\"text-align: right; line-height: 150%;font-size:14.0pt;\">\n    وحيث أن الطرف الثاني يعمل فى مجال تقديم خدمات القيمة المضافة للهاتف المحمول .</p>\n    <p class=\"MsoNormal\" align=\"right\" dir=\"RTL\" style=\"text-align: right; line-height: 150%;font-size:14.0pt;\">\n    ولما رغب الطرفان فى التعاون فيما بينهما فقد إتفق وتراضى الطرفان بعد أن أقر كل منهما بأهليته القانونية للتعاقد وخلو إرادته من كافة عيوب الرضا على ما يلى:</p>\n    <div></div></div>', '2018-11-12 13:10:02', '2018-11-14 19:33:13'),
(3, 1, '<p class=\"MsoNormal\" align=\"center\" dir=\"RTL\" style=\"text-align:center;line-height:\n    150%\"><b><u><span lang=\"AR-EG\" style=\"font-size:14.0pt;line-height:150%\">البند\n    الأول<o:p></o:p></span></u></b></p>\n\n    <p class=\"MsoNormal\" dir=\"RTL\" style=\"margin-right:.25in;text-align:justify;\n    line-height:115%;mso-pagination:none;page-break-after:avoid;tab-stops:60.7pt\"><span lang=\"AR-SA\" style=\"font-size:14.0pt;line-height:115%;mso-bidi-language:AR-SA;\n    mso-no-proof:no\">يعتبر التمهيد السابق جزء لا يتجزأ من هذا العقد ومتمما له\n    ولأحكامة ولا يفسر بدونه.<o:p></o:p></span></p>', '2018-11-12 13:12:25', '2018-11-12 13:12:25'),
(4, 1, '<p class=\"MsoNormal\" align=\"center\" dir=\"RTL\" style=\"text-align:center;line-height:\n    150%\"><b><u><span lang=\"AR-EG\" style=\"font-size:14.0pt;line-height:150%\">البند\n    الثانى<o:p></o:p></span></u></b></p>\n\n    <p class=\"MsoNormal\" dir=\"RTL\" style=\"font-size:14.0pt;text-align: right; margin-right: 0.25in; line-height: 115%; break-after: avoid;\"><br></p><p class=\"MsoNormal\" dir=\"RTL\" style=\"text-align: right; margin-right: 0.25in; line-height: 115%; break-after: avoid;font-size:14.0pt;\">منح الطرف الأول الطرف الثانى بموجب هذا العقد الحق الحصرى في إستغلال والتراخيص باستغلال الأغاني والمصنفات الفنية المتضمنه فى ملاحق هذا العقد وكذا المقاطع الغنائية الخاصة بها وصور المطرب المؤدي لها للاستغلال عبر شبكة <span id=\"operators\"></span>             ، بحيث يقوم الطرف الثانى بإستغلالها بشكل حصرى على شبكة <span id=\"operators\"></span>                               بإستخدام خدمات التفاعل الصوتى عبر الهاتف ( خدمة رنين المتصل RBT ) لمستخدمى تلك الخدمات وبحيث يتمكن مستخدم الخدمة من إستغلال المصنفات الفنية بكافة أشكالها للاستماع  عبر الـ RBT  خدمة الكول تون .</p><div style=\"text-align: right;\"><br></div>', '2018-11-12 13:12:44', '2018-11-15 13:46:18'),
(5, 1, '<p class=\"MsoNormal\" align=\"center\" dir=\"RTL\" style=\"text-align:center;line-height:\n    150%\"><b><u><span lang=\"AR-EG\" style=\"font-size:14.0pt;line-height:150%\">البند\n    الثالث</span></u></b><span lang=\"AR-SA\" style=\"font-size:14.0pt;line-height:150%;\n    mso-bidi-language:AR-SA;mso-no-proof:no\"><o:p></o:p></span></p>\n\n    <p class=\"MsoNormal\" dir=\"RTL\" style=\"margin-right:.25in;text-align:justify;\n    line-height:115%;tab-stops:60.7pt\"><span lang=\"AR-SA\" style=\"font-size:14.0pt;\n    line-height:115%;mso-bidi-language:AR-SA;mso-no-proof:no\">مقابل الحقوق الممنوحة\n    من الطرف الأول للطرف الثانى فى البند الثانى أعلاه يقوم الطرف الثاني بإعطاء\n    الطرف الأول نسبة تعادل        % (          بالمائة) من صافى الدخل ويعتبر صافى\n    الدخل هو العائدات النقدية المحصلة والمحققة من تقديم الخدمات محل العقد بعد خصم\n    حصة شركات الاتصالات وأى مصاريف حكومية خاصة بنشاط خدمات القيمة المضافة على أن\n    تتم المحاسبة بصفة شهريه ، هذا ويتم إحتساب حصة الطرف الأول بناء على التقارير\n    التى تصدر عن شركات الاتصالات والتى تعتبر نهائية وملزمة للطرفين والتى يحق للطرف\n    الاول الاطلاع عليها ومراجعتها ، مع التزام الطرف الثانى بإرسال تقارير شهرية من\n    واقع التقارير المالية الصادره عن شركات الاتصالات خلال 10 ايام من تاريخ استلامها\n    حتى يتسنى للطرف الاول تقديم فاتورة مطالبة لإستلام حصته من صافى الايرادات .<o:p></o:p></span></p>', '2018-11-12 13:13:14', '2018-11-12 13:13:14'),
(6, 1, '<p class=\"MsoNormal\" align=\"center\" dir=\"RTL\" style=\"text-align:center;line-height:\n    150%\"><b><u><span lang=\"AR-EG\" style=\"font-size:14.0pt;line-height:150%\">البند\n    الرابع</span></u></b><span lang=\"AR-SA\" style=\"font-size:14.0pt;line-height:150%;\n    mso-bidi-language:AR-SA;mso-no-proof:no\"><o:p></o:p></span></p><p class=\"MsoNormal\" align=\"center\" dir=\"RTL\" style=\"text-align:center;line-height:\n    150%\">\n\n    </p><p class=\"MsoNormal\" dir=\"RTL\" style=\"margin-right:.25in;text-align:justify;\n    line-height:115%;mso-pagination:none;page-break-after:avoid;tab-stops:60.7pt\"><span lang=\"AR-SA\" style=\"font-size:14.0pt;line-height:115%;mso-bidi-language:AR-SA;\n    mso-no-proof:no\">يتعهد الطرف الأول بأنه يمتلك كافة حقوق استغلال المصنفات\n    المذكورة فى تمهيد هذا العقد بما فيها تحويلها وبثها واستخدامها للتليفون المحمول\n    وبأنه يمتلك الحق بترخيص تلك الحقوق للطرف الثانى ويتعهد بمسئوليته الكاملة أمام\n    أى طرف ثالث قد يدعى أى حقوق له على تلك المصنفات بما فيهم المؤلفين والملحنين\n    بحيث لا يكون الطرف الثاني مسؤولا عن أية قضايا أو منازعات تقام علي الطرف الأول\n    لأسباب  تتعلق بمنحه للطرف الثانى الحقوق\n    الواردة بهذا العقد، وبحيث يتحمل الطرف الأول المسئولية كاملة في كل قضايا أو\n    منازعات تقام علي الطرف الثاني لأسباب تتعلق بمضمون أو محتوى أو ملكية تلك\n    المصنفات.</span><span dir=\"LTR\" style=\"font-size:14.0pt;line-height:115%;\n    mso-bidi-language:AR-SA;mso-no-proof:no\"><o:p></o:p></span></p>', '2018-11-12 13:13:34', '2018-11-12 13:13:34'),
(7, 1, '<p class=\"MsoNormal\" align=\"center\" dir=\"RTL\" style=\"text-align:center;line-height:\n    150%\"><b><u><span lang=\"AR-EG\" style=\"font-size:14.0pt;line-height:150%\">البند\n    الخامس</span></u></b><span lang=\"AR-EG\" style=\"font-size:14.0pt;line-height:150%;\n    mso-no-proof:no\"><o:p></o:p></span></p>\n\n    <p class=\"MsoNormal\" dir=\"RTL\" style=\"margin-right:.25in;text-align:justify;\n    line-height:115%;mso-pagination:none;page-break-after:avoid;tab-stops:60.7pt\"><span lang=\"AR-SA\" style=\"font-size:14.0pt;line-height:115%;mso-bidi-language:AR-SA;\n    mso-no-proof:no\">مدة هذا العقد   <span id=\"peroid\"></span> سنه ميلادية وتتجدد تلقائيا ما لم يخطر أحد الطرفين الآخر\n    برغبته فى عدم التجديد قبل نهايتها بشهر على الأقل.<o:p></o:p></span></p>', '2018-11-12 13:13:50', '2018-11-13 14:36:33'),
(8, 1, '<p class=\"MsoNormal\" align=\"center\" dir=\"RTL\" style=\"text-align:center;line-height:150%\"><b><u><span style=\"font-size:14.0pt;line-height:150%\">البند\n    السادس</span></u></b><span lang=\"AR-SA\" style=\"font-size:14.0pt;line-height:150%;\"></span></p>\n\n    <p class=\"MsoNormal\" align=\"center\" dir=\"RTL\" style=\"text-align:center;line-height:\n    150%\"><b><u></u></b><b><u><span style=\"font-size:14.0pt;line-height:150%\">سرية المعلومات</span></u></b></p>\n\n    <p class=\"MsoNormal\" dir=\"RTL\" style=\"margin-right:.25in;text-align:justify;\n    line-height:115%;tab-stops:60.7pt\"><span lang=\"AR-SA\" style=\"font-size:14.0pt;line-height:115%;\">يلتزم كل طرف ويتعهد للطرف الآخر بالمحافظة على سرية جميع\n    المعلومات التى تصل إليه بصفته طرفاً فى هذا العقد ويتعهد بأن يبذل قصارى جهده لكي\n    يحافظ هو وموظفيه والأشخاص التابعين له على سرية هذه المعلومات ، ولا يجوز لأي من\n    طرفي العقد إفشاء أو إستخدام أي من الأسرار التى قد يطلع عليها بموجب هذا العقد\n    إلا بعد الحصول على الموافقة الكتابية المسبقة للطرف الآخر.</span></p>', '2018-11-12 13:14:00', '2018-11-12 14:38:33'),
(9, 1, '<p class=\"MsoNormal\" align=\"center\" dir=\"RTL\" style=\"text-align:center;line-height:\n    150%\"><b><u><span lang=\"AR-EG\" style=\"font-size:14.0pt;line-height:150%\">البند\n    السابع ( التنازل عن العقد )</span></u></b></p>\n\n    <p class=\"MsoNormal\" dir=\"RTL\" style=\"margin-right:.25in;text-align:justify;\n    line-height:115%;mso-pagination:none;page-break-after:avoid;tab-stops:60.7pt\"><span lang=\"AR-SA\" style=\"font-size:14.0pt;line-height:115%;mso-bidi-language:AR-SA;\n    mso-no-proof:no\">لا يحق للطرفين التنازل أو حوالة هذا العقد أو اي من حقوقه\n    الواردة فيه أو ملحقاته الي اى طرف آخر الا بعد موافقة الطرف الاخر كتابتة على ذلك\n    .<o:p></o:p></span></p>', '2018-11-12 13:14:08', '2018-11-12 18:06:16'),
(10, 1, '<p class=\"MsoNormal\" align=\"center\" dir=\"RTL\" style=\"text-align:center;line-height:\n    150%\"><b><u><span lang=\"AR-EG\" style=\"font-size:14.0pt;line-height:150%\">البند\n    الثامن ( انهاء العقد )<o:p></o:p></span></u></b></p>\n\n    <p class=\"MsoNormal\" dir=\"RTL\" style=\"margin-right:.25in;text-align:justify;\n    line-height:115%;mso-pagination:none;page-break-after:avoid;tab-stops:60.7pt\"><span lang=\"AR-SA\" style=\"font-size:14.0pt;line-height:115%;mso-bidi-language:AR-SA;\n    mso-no-proof:no\">1- عند إنتهاء العقد ، يتوقف الطرف الثانى عن إستغلال محتوى\n    الطرف الاول , وتقديم كشف الحساب الخاص بالخدمة إلى الطرف الاول حتى تاريخ إنتهاء\n    الخدمة .</span><span dir=\"LTR\" style=\"font-size:14.0pt;line-height:115%;\n    mso-bidi-language:AR-SA;mso-no-proof:no\"><o:p></o:p></span></p>\n\n    <p class=\"MsoNormal\" dir=\"RTL\" style=\"margin-right:.25in;text-align:justify;\n    line-height:115%;mso-pagination:none;page-break-after:avoid;tab-stops:60.7pt\"><span dir=\"RTL\"></span><span dir=\"RTL\"></span><span lang=\"AR-SA\" style=\"font-size:14.0pt;\n    line-height:115%;mso-bidi-language:AR-SA;mso-no-proof:no\"><span dir=\"RTL\"></span><span dir=\"RTL\"></span>2- إتفق الطرفان على أن الحالات التّالية تعتبر من قبيل الظّروف\n    الإستثنائيّة أو القوة القاهرة التى تبرّر الإنهاء السّابق من قبل الطّرف الآخر:\n    الإفلاس، خلال الفترات الإستثنائية كالحروب، الكوارث، الأضطرابات ، تعيين قيم أو\n    مصفى أو حارس قضائى.</span><span dir=\"LTR\" style=\"font-size:14.0pt;line-height:\n    115%;mso-bidi-language:AR-SA;mso-no-proof:no\"><o:p></o:p></span></p>\n\n    <p class=\"MsoNormal\" dir=\"RTL\" style=\"margin-right:.25in;text-align:justify;\n    line-height:115%;mso-pagination:none;page-break-after:avoid;tab-stops:60.7pt\"><span dir=\"RTL\"></span><span dir=\"RTL\"></span><span lang=\"AR-SA\" style=\"font-size:14.0pt;\n    line-height:115%;mso-bidi-language:AR-SA;mso-no-proof:no\"><span dir=\"RTL\"></span><span dir=\"RTL\"></span>3- يحق لأي من الطرفين إنهاء هذا العقد فوراً ودون الحاجة إلى\n    إنذار أو أعذار أو إتخاذ أي إجراء قانونى أو قضائى آخر فى حالة إخلال أي من\n    الطرفين بإلتزاماته او تعهداته الواردة فى هذا العقد ، وذلك شريطة إخطار الطرف\n    المخل بما وقع منه من إخلال والتنبيه عليه</span><span dir=\"LTR\"></span><span dir=\"LTR\"></span><span lang=\"AR-SA\" dir=\"LTR\" style=\"font-size:14.0pt;line-height:\n    115%;mso-bidi-language:AR-SA;mso-no-proof:no\"><span dir=\"LTR\"></span><span dir=\"LTR\"></span> </span><span lang=\"AR-SA\" style=\"font-size:14.0pt;line-height:\n    115%;mso-bidi-language:AR-SA;mso-no-proof:no\">بعلاجه خلال 15 يوماً من هذا\n    الإخطار ومرور تلك المدة دون علاج ما وقع منه من إخلال .<o:p></o:p></span></p>', '2018-11-12 13:14:16', '2018-11-12 13:14:16'),
(11, 1, '<p class=\"MsoNormal\" dir=\"RTL\" style=\"text-align: center;line-height: 115%; break-after: avoid;\"><b><u><span lang=\"AR-EG\" style=\"font-size:14.0pt;line-height:115%\">البند التاسع ( الأخطارات\n    والعناوين )</span></u></b></p>\n\n    <p class=\"MsoNormal\" dir=\"RTL\" style=\"margin-right:176.05pt;text-align:justify;\n    line-height:115%;mso-pagination:none;page-break-after:avoid;tab-stops:60.7pt 2.75in\"><span lang=\"AR-SA\" style=\"font-size:14.0pt;line-height:115%;mso-bidi-language:AR-SA;\n    mso-no-proof:no\">      </span><span lang=\"AR-SA\" style=\"font-size:6.0pt;line-height:115%;mso-bidi-language:AR-SA;\n    mso-no-proof:no\"><o:p></o:p></span></p>\n\n    <p class=\"MsoNormal\" dir=\"RTL\" style=\"margin-right:.25in;text-align:justify;\n    line-height:115%;mso-pagination:none;page-break-after:avoid;tab-stops:60.7pt\"><span lang=\"AR-SA\" style=\"font-size:14.0pt;line-height:115%;mso-bidi-language:AR-SA;\n    mso-no-proof:no\">كافة الاخطارات والمراسلات المتعلقة بهذا العقد تكون صحيحة\n    ومنتجة لاثارها القانونية إذا ما أرسلت بإنذار رسمي علي يد محضر او بالبريد المسجل\n    علي العناوين المذكورة اعلاه بالعقد أو أن تسلم إلي الشخص الموجه إليه باليد مقابل\n    إيصال بالاستلام ، وفي حالة تغيير عنوان المراسلات يلتزم كل طرف بإعلان الطرف\n    الاخر بعنوان مراسلاته الجديد ، كما اتفق الأطراف على استخدام الرسائل الالكترونية\n    (</span><span dir=\"LTR\" style=\"font-size:14.0pt;line-height:115%;mso-bidi-language:\n    AR-SA;mso-no-proof:no\">Emails </span><span dir=\"RTL\"></span><span dir=\"RTL\"></span><span lang=\"AR-SA\" style=\"font-size:14.0pt;line-height:115%;mso-bidi-language:AR-SA;\n    mso-no-proof:no\"><span dir=\"RTL\"></span><span dir=\"RTL\"></span> ) كوسيلة معتمدة للتخاطب بخصوص الاعمال اليومية\n    وتفاصيل العمل وتعتبر بمثابة الوثائق الخطية كما تعتبر الرسائل المرسلة من البريد\n    الالكتروني لأي فريق والمخزنة في نظام الفريق الآخر بمثابة موقعة وموثقة بمجرد إرسالها\n    دون الحاجة لتوثيقها بأي وسيلة أخرى او توقيعها بتوقيع الكتروني خاص او تخزينها\n    بشكل خاص.<o:p></o:p></span></p>', '2018-11-12 13:14:23', '2018-11-12 18:07:37'),
(12, 1, ' <p class=\"MsoNormal\" dir=\"RTL\" style=\"margin-right:-1.15pt\"><b><u><span lang=\"AR-EG\">البريد\n    الألكترونى للطرف الأول</span></u><span lang=\"AR-EG\"> :</span></b><span lang=\"AR-EG\">        <span id=\"first_part_email\"> </span></span></p>\n\n    <p class=\"MsoNormal\" dir=\"RTL\" style=\"margin-right:64.45pt;text-align:justify\"></p>\n\n    <p class=\"MsoNormal\" dir=\"RTL\" style=\"margin-right:64.45pt;text-align:justify\"><b></b></p>\n\n    <p class=\"MsoNormal\" dir=\"RTL\" style=\"margin-right:-1.15pt;text-align:justify\"><b><span lang=\"AR-EG\">الأسم:     <span id=\"first_part_name\">.....................</span>                رقم الموبيل: <span id=\"first_part_phone\"></span></span></b></p>\n\n    <p class=\"MsoNormal\" dir=\"RTL\" style=\"margin-right:64.45pt;text-align:justify\"></p>\n\n    <p class=\"MsoNormal\" dir=\"RTL\" style=\"margin-right:-1.15pt\"><b><u><span lang=\"AR-EG\">البريد\n    الألكترونى للطرف الثانى</span></u><span lang=\"AR-EG\"> :</span></b><span lang=\"AR-EG\">       <span id=\"second_part_email\"></span></span></p>\n\n    <p class=\"MsoNormal\" dir=\"RTL\" style=\"margin-right:-1.15pt;text-align:justify\"><b><span lang=\"AR-EG\">الأسم:     <span id=\"second_part_name\">.....................</span>                رقم الموبيل: <span id=\"second_part_phone\"></span></span></b></p>\n    ', '2018-11-12 13:14:42', '2019-05-05 15:46:51'),
(13, 1, '<p class=\"MsoNormal\" dir=\"RTL\" style=\"text-align: center;\"><b><span lang=\"AR-EG\" style=\"font-size:14.0pt\">\n    <u>البند العاشر<o:p></o:p></u></span></b>\n    </p>\n\n    <p class=\"MsoNormal\" dir=\"RTL\" style=\"margin-right:-1.15pt\"><span lang=\"AR-SA\" style=\"font-size:14.0pt;mso-bidi-language:AR-SA;mso-no-proof:no\">يخضع هذا العقد\n    لأحكام القوانين ونظام المحاكم المعمول بهما في جمهورية مصر العربية.</span></p>', '2018-11-12 13:14:58', '2018-11-12 18:32:22'),
(14, 1, '<blockquote style=\"margin: 0 0 0 40px; border: none; padding: 0px;\"><p dir=\"RTL\" style=\"text-align: center; margin: 0in 82.45pt 2pt 0in;\"><b><u><span style=\"font-size:\n    14.0pt\">البند الحادى عشر</span></u></b></p></blockquote>\n\n    <p dir=\"RTL\" style=\"margin-right:-1.15pt\"><span style=\"font-size:14.0pt;\">حرر هذا العقد\n    من نسختين أصليتين بيد كل طرف نسخة  و\n    النسخه مكونه من ثلاث ورقات للعمل بها عند الحاجة.<o:p></o:p></span></p>\n\n    <p dir=\"RTL\" style=\"margin-right:-1.15pt\"><span lang=\"AR-SA\" style=\"font-size:14.0pt;\"><o:p> </o:p></span></p>', '2018-11-12 13:15:18', '2018-11-12 18:34:07'),
(15, 1, '<blockquote style=\"margin: 0 0 0 40px; border: none; padding: 0px;\">\n              <p dir=\"RTL\" style=\"text-align: center; margin: 0in 82.45pt 2pt 0in;\"><b><u><span style=\"font-size:\n              14.0pt\">البند الثانى&nbsp;عشر</span></u></b></p>\n              </blockquote>\n\n              <p dir=\"RTL\" style=\"margin-right:-1.15pt\"><span style=\"font-size: 18.6667px;\">ينص هذا العقد على ان نسبة الطرف الاول <span id=\"first_part_percent\"> .....</span> ونسبة الطرف الثانى <span id=\"second_part_percent\"> .....</span></span></p>\n\n              <p dir=\"RTL\" style=\"margin-right:-1.15pt\"><span lang=\"AR-SA\" style=\"font-size:14.0pt;\"><o:p> </o:p></span></p>', '2018-11-12 13:19:31', '2018-11-13 14:43:02'),
(16, 1, '<table dir=\"rtl\" width=\"100%\">\n                <tbody>\n                  <tr>\n                    <td width=\"50%\">\n                    <h3><u>الطرف الاول</u></h3>\n                    </td>\n                    <td width=\"50%\">\n                    <h3><u>الطرف الثاني</u></h3>\n                    </td>\n                  </tr>\n                  <tr>\n                    <td>شركة/ <span id=\"first_part_name\">....</span></td>\n                    <td>شركة/ <span id=\"second_part_name\">....</span></td>\n                  </tr>\n                  <tr>\n                    <td>الاسم : <span id=\"first_part_person\">....</span></td>\n                    <td>الاسم : <span id=\"second_part_person\">....</span></td>\n                  </tr>\n                  <tr>\n                    <td>الصفة : <span id=\"first_part_character\">....</span></td>\n                    <td>الصفة : <span id=\"second_part_character\">....</span></td>\n                  </tr>\n                  <tr>\n                    <td>\n                    <p style=\"line-height:150%;vertical-align:bottom\"><br>\n                    التوقيع: <span id=\"first_party_signature\"></span></p>\n                    </td>\n                    <td>\n                    <p style=\"line-height:150%;vertical-align:bottom\"><br>\n                    التوقيع: <span id=\"second_party_signature\"></span></p>\n                    </td>\n                  </tr>\n                  <tr>\n                    <td>\n                    <p style=\"line-height:250%;vertical-align:bottom\"><br>\n                    خاتم الشركة : <span id=\"first_party_seal\"></span></p>\n                    </td>\n                    <td>\n                    <p style=\"line-height:250%;vertical-align:bottom\"><br>\n                    خاتم الشركة : <span id=\"second_party_seal\"></span></p>\n                    </td>\n                  </tr>\n                </tbody>\n              </table>', '2018-11-12 13:19:31', '2018-11-13 14:43:02');

-- --------------------------------------------------------

--
-- Table structure for table `types`
--

CREATE TABLE `types` (
  `id` int(10) UNSIGNED NOT NULL,
  `title` varchar(191) COLLATE utf8mb4_unicode_ci NOT NULL,
  `created_at` timestamp NULL DEFAULT NULL,
  `updated_at` timestamp NULL DEFAULT NULL
) ENGINE=InnoDB DEFAULT CHARSET=utf8mb4 COLLATE=utf8mb4_unicode_ci;

--
-- Dumping data for table `types`
--

INSERT INTO `types` (`id`, `title`, `created_at`, `updated_at`) VALUES
(1, 'Advanced Editor', '2018-01-28 13:30:05', '2018-01-28 13:30:05'),
(2, 'Normal Editor', '2018-01-28 13:30:14', '2018-01-28 13:30:14'),
(3, 'Image', '2018-01-28 13:30:29', '2018-01-28 13:30:29'),
(4, 'Video', '2018-01-28 13:30:39', '2018-01-28 13:30:39'),
(5, 'Audio', '2018-01-28 13:30:47', '2018-01-28 13:30:47'),
(6, 'File Manager Uploads Extensions', '2018-01-28 13:30:57', '2018-01-28 13:30:57'),
(7, 'selector', '2019-02-11 18:18:52', '2019-02-11 18:18:52');

-- --------------------------------------------------------

--
-- Table structure for table `users`
--

CREATE TABLE `users` (
  `id` int(10) UNSIGNED NOT NULL,
  `name` varchar(191) COLLATE utf8mb4_unicode_ci NOT NULL,
  `email` varchar(191) COLLATE utf8mb4_unicode_ci NOT NULL,
  `password` varchar(191) COLLATE utf8mb4_unicode_ci NOT NULL,
  `remember_token` varchar(100) COLLATE utf8mb4_unicode_ci DEFAULT NULL,
  `created_at` timestamp NULL DEFAULT NULL,
  `updated_at` timestamp NULL DEFAULT NULL,
  `profile_img` varchar(191) COLLATE utf8mb4_unicode_ci NOT NULL,
  `aggregator_id` int(11) DEFAULT NULL
) ENGINE=InnoDB DEFAULT CHARSET=utf8mb4 COLLATE=utf8mb4_unicode_ci;

--
-- Dumping data for table `users`
--

INSERT INTO `users` (`id`, `name`, `email`, `password`, `remember_token`, `created_at`, `updated_at`, `profile_img`, `aggregator_id`) VALUES
(1, 'super admin', 'super_admin@ivas.com', '$2y$10$u2evAW530miwgUb2jcXkTuqIGswxnSQ3DSmX1Ji5rtO3Tx.MtVcX2', 'q1oa8sGkSMRxvNiPEjncn20sCMFHlABLy6qR2qGwKCVHT0kZVtHfqh5xexCE', '2017-11-09 11:13:14', '2018-11-26 13:11:50', '', NULL),
(13, 'Radwa Elenany', 'radwa.elenany@ivas.com.eg', '$2y$10$/LdvWQ4se9HLmB/WDVQ1fOviZGr1szPVMrquyMOyUHnyDGZNEG1I.', 'KO8Gs6GzfwT9M1xmaGO1fpdR1Tr4GOwZRsgAyMogIfO7G2CMPnNP3kk1vwz3', '2020-11-08 12:10:13', '2020-11-08 12:10:13', '', NULL),
(14, 'Hazem Hossam', 'hazem.hossam@ivas.com.eg', '$2y$10$IPqvIuzOYgQOV/Q.KMprpuKBxfpCLihhIwxiHYIarDlzoIWyC0QtS', NULL, '2020-11-08 12:10:43', '2020-11-08 12:10:43', '', NULL),
(15, 'Mohamed Abdullah', 'm.abdallah@ivas.com.eg', '$2y$10$Mm3ov5Ciu.KTg9T769eNj.abrYfT4eCM/PtWy6q1vITX95iWH4OU6', NULL, '2020-11-08 12:12:32', '2020-11-08 12:12:32', '', NULL),
(16, 'Radwa Atef', 'radwa.atef@ivas.com.eg', '$2y$10$4ojYjqycO7C6XM5JPTnnWewIMjsSxgepoMB2UmRVGHxUYzO8Td3rK', NULL, '2020-11-08 12:17:54', '2020-11-08 12:35:19', '', NULL),
(17, 'Amir Ali', 'amirali@ivas.com.eg', '$2y$10$I9/DR9X90Vt5BCA7yHZ6tuqXrve8SS/5zCQbDuLICkMwP7FEQbU32', NULL, '2020-11-08 12:18:53', '2020-11-08 12:18:53', '', NULL),
(18, 'Sayed Aref', 'sayed@ivas.com.eg', '$2y$10$wlwCYJyDx0eoawpe9yGMbeWTZExtaR0lFhmdIFIkIzt74fPcRrwwi', NULL, '2020-11-08 12:19:28', '2020-11-08 12:19:28', '', NULL),
(19, 'Emad Mohamed', 'emad@ivas.com.eg', '$2y$10$X7rvLxDWJ4W/RdNadnDERepPbi2CXWBR15GtwPH5yf.TjuDMREtRC', NULL, '2020-11-08 12:19:59', '2020-11-08 12:19:59', '', NULL),
(20, 'Raafat Ahmed', 'raafat.ahmed@ivas.com.eg', '$2y$10$oqQv9djdC8.7utB6hjTFXu7u68ODi.LpYGc6kn5B1e0muSe7YFGPq', NULL, '2020-11-08 12:20:23', '2020-11-08 12:20:23', '', NULL),
(21, 'Mohamed Qurashy', 'm.alqurashy@ivas.com.eg', '$2y$10$gO7RmQMiofiUm9/EOg8nUuTHufgqDRDJFHVaRKMM0DaQ76I1nix/q', 'iRlYdvdIzV4CaNTWuGlDCoDfxL7z5xKeEMchPfQf3HiajvYLwNnfBjzdaVSV', '2020-11-08 12:20:55', '2020-11-08 12:20:55', '', NULL),
(22, 'Dalia Solaiman', 'dalia.soliman@ivas.com.eg', '$2y$10$P/C8qrv91p31W5Pp3CQ3re6BACKgCxiCGHFW6W.nMsHsNz./.IURW', NULL, '2020-11-08 12:21:26', '2020-11-08 12:21:26', '', NULL),
(23, 'Hussein Mohamed', 'hussein@ivas.com.eg', '$2y$10$zZQWH0ef2WsO0jP5TisRy.RyCO.DJGgEwR1w0BclRL8PVd00lSh0e', NULL, '2020-11-08 12:22:08', '2020-11-08 12:22:08', '', NULL),
(24, 'Mohamed Hamdy', 'mhamdy@ivas.com.eg', '$2y$10$.QRhJ2B3zVjpfEvOEplnZ.z5PiWcDxz3bUXC1CwNkfrCH42Z5KsKm', NULL, '2020-11-08 12:26:11', '2020-11-08 12:26:11', '', NULL),
(25, 'Tosson Talat', 'tosson@ivas.com.eg', '$2y$10$r4Pp6wng0OHgBKyCKCuxaueBHhTNxyNnCr5.UfRL6qpD9zfoWzan.', NULL, '2020-11-08 12:26:48', '2020-11-08 12:26:48', '', NULL),
(26, 'Ahmed Khattab', 'ahmed.khattab@ivas.com.eg', '$2y$10$HpovyX1.noeH54QqchlQOOU9bXqC9nCyWMcvN0neVrNA7oL.Zt2Zi', NULL, '2020-11-08 12:27:58', '2020-11-08 12:27:58', '', NULL),
(27, 'Mohamed Mostafa', 'm.mostafa@ivas.com.eg', '$2y$10$XjcphPu578UMogklBLm86et94ksXYZI5D/UngyxP2itoaPvIuo0DC', NULL, '2020-11-08 12:28:32', '2020-11-08 12:28:32', '', NULL),
(28, 'Hany Shaker', 'hany@digizone.com.kw', '$2y$10$6HQu5s7bDWM/m2LWORyVYu1fCpixrOQKp/KHAAQJniodb6IqMwJb6', NULL, '2020-11-08 12:30:12', '2020-11-08 12:30:12', '', NULL),
(29, 'Mohamed Falaky', 'mohamed.falaky@ivas.com.eg', '$2y$10$9mb3T0welBGeRYJhHYiFpOlEzpo3mtd32MtaeaCC/0ys.KU8nJzk6', NULL, '2020-11-08 12:31:01', '2020-11-08 12:31:01', '', NULL);

-- --------------------------------------------------------

--
-- Table structure for table `user_has_permissions`
--

CREATE TABLE `user_has_permissions` (
  `user_id` int(10) UNSIGNED NOT NULL,
  `permission_id` int(10) UNSIGNED NOT NULL
) ENGINE=InnoDB DEFAULT CHARSET=utf8mb4 COLLATE=utf8mb4_unicode_ci;

-- --------------------------------------------------------

--
-- Table structure for table `user_has_roles`
--

CREATE TABLE `user_has_roles` (
  `role_id` int(10) UNSIGNED NOT NULL,
  `user_id` int(10) UNSIGNED NOT NULL
) ENGINE=InnoDB DEFAULT CHARSET=utf8mb4 COLLATE=utf8mb4_unicode_ci;

--
-- Dumping data for table `user_has_roles`
--

INSERT INTO `user_has_roles` (`role_id`, `user_id`) VALUES
(1, 1),
(1, 2),
(1, 5),
(1, 6),
(1, 7),
(1, 8),
(1, 9),
(3, 4),
(6, 10),
(7, 11),
(7, 12),
(8, 13),
(8, 14),
(9, 15),
(10, 16),
(11, 17),
(12, 18),
(13, 19),
(14, 20),
(15, 21),
(16, 22),
(17, 23),
(18, 24),
(19, 25),
(20, 26),
(20, 27),
(21, 28),
(21, 29);

--
-- Indexes for dumped tables
--

--
-- Indexes for table `aggregators`
--
ALTER TABLE `aggregators`
  ADD PRIMARY KEY (`id`);

--
-- Indexes for table `amount_revenu`
--
ALTER TABLE `amount_revenu`
  ADD PRIMARY KEY (`id`);

--
-- Indexes for table `attachments`
--
ALTER TABLE `attachments`
  ADD PRIMARY KEY (`id`);

--
-- Indexes for table `contents`
--
ALTER TABLE `contents`
  ADD PRIMARY KEY (`id`),
  ADD KEY `contents_provider_id_foreign` (`provider_id`),
  ADD KEY `contents_user_id_foreign` (`user_id`),
  ADD KEY `contents_occasion_id_foreign` (`occasion_id`);

--
-- Indexes for table `contracts`
--
ALTER TABLE `contracts`
  ADD PRIMARY KEY (`id`),
  ADD KEY `service_type_id` (`service_type_id`),
  ADD KEY `contracts_first_party_id_foreign` (`first_party_id`),
  ADD KEY `contracts_second_party_id_foreign` (`second_party_id`),
  ADD KEY `contracts_contract_duration_id_foreign` (`contract_duration_id`),
  ADD KEY `second_party_type_id` (`second_party_type_id`);

--
-- Indexes for table `contract_duration`
--
ALTER TABLE `contract_duration`
  ADD PRIMARY KEY (`contract_duration_id`);

--
-- Indexes for table `contract_items`
--
ALTER TABLE `contract_items`
  ADD PRIMARY KEY (`id`),
  ADD KEY `contract_id` (`contract_id`);

--
-- Indexes for table `contract_items_approves`
--
ALTER TABLE `contract_items_approves`
  ADD PRIMARY KEY (`id`),
  ADD KEY `contract_items_approves_user_id_foreign` (`user_id`),
  ADD KEY `contract_items_approves_contract_item_id_foreign` (`contract_item_id`);

--
-- Indexes for table `contract_renews`
--
ALTER TABLE `contract_renews`
  ADD PRIMARY KEY (`id`);

--
-- Indexes for table `contract_services`
--
ALTER TABLE `contract_services`
  ADD PRIMARY KEY (`id`);

--
-- Indexes for table `countries`
--
ALTER TABLE `countries`
  ADD PRIMARY KEY (`id`);

--
-- Indexes for table `currencies`
--
ALTER TABLE `currencies`
  ADD PRIMARY KEY (`id`);

--
-- Indexes for table `departments`
--
ALTER TABLE `departments`
  ADD PRIMARY KEY (`id`),
  ADD KEY `departments_manager_id_foreign` (`manager_id`);

--
-- Indexes for table `employees`
--
ALTER TABLE `employees`
  ADD PRIMARY KEY (`id`);

--
-- Indexes for table `employee_contracts`
--
ALTER TABLE `employee_contracts`
  ADD PRIMARY KEY (`id`),
  ADD KEY `employee_contracts_employee_id_foreign` (`employee_id`);

--
-- Indexes for table `first_parties`
--
ALTER TABLE `first_parties`
  ADD PRIMARY KEY (`id`);

--
-- Indexes for table `migrations`
--
ALTER TABLE `migrations`
  ADD PRIMARY KEY (`id`);

--
-- Indexes for table `notifications`
--
ALTER TABLE `notifications`
  ADD PRIMARY KEY (`id`);

--
-- Indexes for table `occasions`
--
ALTER TABLE `occasions`
  ADD PRIMARY KEY (`id`),
  ADD KEY `occasions_country_id_foreign` (`country_id`);

--
-- Indexes for table `operators`
--
ALTER TABLE `operators`
  ADD PRIMARY KEY (`id`),
  ADD KEY `operators_country_id_foreign` (`country_id`);

--
-- Indexes for table `password_resets`
--
ALTER TABLE `password_resets`
  ADD KEY `password_resets_email_index` (`email`),
  ADD KEY `password_resets_token_index` (`token`);

--
-- Indexes for table `percentage`
--
ALTER TABLE `percentage`
  ADD PRIMARY KEY (`id`);

--
-- Indexes for table `permissions`
--
ALTER TABLE `permissions`
  ADD PRIMARY KEY (`id`),
  ADD UNIQUE KEY `permissions_name_unique` (`name`);

--
-- Indexes for table `providers`
--
ALTER TABLE `providers`
  ADD PRIMARY KEY (`id`);

--
-- Indexes for table `provider_contents`
--
ALTER TABLE `provider_contents`
  ADD PRIMARY KEY (`id`),
  ADD KEY `provider_contents_roadmap_id_foreign` (`roadmap_id`),
  ADD KEY `provider_contents_provider_id_foreign` (`provider_id`),
  ADD KEY `provider_contents_content_id_foreign` (`content_id`);

--
-- Indexes for table `rbts`
--
ALTER TABLE `rbts`
  ADD PRIMARY KEY (`id`),
  ADD KEY `rbts_operator_id_foreign` (`operator_id`),
  ADD KEY `rbts_occasion_id_foreign` (`occasion_id`),
  ADD KEY `rbts_aggregator_id_foreign` (`aggregator_id`),
  ADD KEY `rbts_provider_id_foreign` (`provider_id`),
  ADD KEY `rbts_content_id_foreign` (`content_id`);

--
-- Indexes for table `reports`
--
ALTER TABLE `reports`
  ADD PRIMARY KEY (`id`),
  ADD KEY `reports_operator_id_foreign` (`operator_id`),
  ADD KEY `reports_aggregator_id_foreign` (`aggregator_id`),
  ADD KEY `reports_rbt_id_foreign` (`rbt_id`);

--
-- Indexes for table `revenus`
--
ALTER TABLE `revenus`
  ADD PRIMARY KEY (`id`);

--
-- Indexes for table `roadmaps`
--
ALTER TABLE `roadmaps`
  ADD PRIMARY KEY (`id`),
  ADD KEY `roadmaps_country_id_foreign` (`country_id`),
  ADD KEY `roadmaps_occasion_id_foreign` (`occasion_id`),
  ADD KEY `roadmaps_aggregator_id_foreign` (`aggregator_id`),
  ADD KEY `roadmaps_operator_id_foreign` (`operator_id`);

--
-- Indexes for table `roles`
--
ALTER TABLE `roles`
  ADD PRIMARY KEY (`id`),
  ADD UNIQUE KEY `roles_name_unique` (`name`);

--
-- Indexes for table `role_has_permissions`
--
ALTER TABLE `role_has_permissions`
  ADD PRIMARY KEY (`permission_id`,`role_id`),
  ADD KEY `role_has_permissions_role_id_foreign` (`role_id`);

--
-- Indexes for table `role_route`
--
ALTER TABLE `role_route`
  ADD PRIMARY KEY (`id`),
  ADD KEY `role_id_2` (`role_id`),
  ADD KEY `route_id_2` (`route_id`);

--
-- Indexes for table `routes`
--
ALTER TABLE `routes`
  ADD PRIMARY KEY (`id`);

--
-- Indexes for table `second_parties`
--
ALTER TABLE `second_parties`
  ADD PRIMARY KEY (`second_party_id`),
  ADD KEY `second_parties_second_party_type_id_foreign` (`second_party_type_id`);

--
-- Indexes for table `second_party_types`
--
ALTER TABLE `second_party_types`
  ADD PRIMARY KEY (`id`);

--
-- Indexes for table `service_types`
--
ALTER TABLE `service_types`
  ADD PRIMARY KEY (`id`);

--
-- Indexes for table `settings`
--
ALTER TABLE `settings`
  ADD PRIMARY KEY (`id`),
  ADD KEY `settings_type_id_foreign` (`type_id`);

--
-- Indexes for table `templates`
--
ALTER TABLE `templates`
  ADD PRIMARY KEY (`id`);

--
-- Indexes for table `template_items`
--
ALTER TABLE `template_items`
  ADD PRIMARY KEY (`id`),
  ADD KEY `contract_template_id` (`template_id`);

--
-- Indexes for table `types`
--
ALTER TABLE `types`
  ADD PRIMARY KEY (`id`);

--
-- Indexes for table `users`
--
ALTER TABLE `users`
  ADD PRIMARY KEY (`id`),
  ADD UNIQUE KEY `users_email_unique` (`email`);

--
-- Indexes for table `user_has_permissions`
--
ALTER TABLE `user_has_permissions`
  ADD PRIMARY KEY (`user_id`,`permission_id`),
  ADD KEY `user_has_permissions_permission_id_foreign` (`permission_id`);

--
-- Indexes for table `user_has_roles`
--
ALTER TABLE `user_has_roles`
  ADD PRIMARY KEY (`role_id`,`user_id`),
  ADD KEY `user_has_roles_user_id_foreign` (`user_id`);

--
-- AUTO_INCREMENT for dumped tables
--

--
-- AUTO_INCREMENT for table `aggregators`
--
ALTER TABLE `aggregators`
  MODIFY `id` int(10) UNSIGNED NOT NULL AUTO_INCREMENT, AUTO_INCREMENT=2;

--
-- AUTO_INCREMENT for table `amount_revenu`
--
ALTER TABLE `amount_revenu`
  MODIFY `id` bigint(20) UNSIGNED NOT NULL AUTO_INCREMENT, AUTO_INCREMENT=10;

--
-- AUTO_INCREMENT for table `attachments`
--
ALTER TABLE `attachments`
  MODIFY `id` bigint(20) UNSIGNED NOT NULL AUTO_INCREMENT, AUTO_INCREMENT=240;

--
-- AUTO_INCREMENT for table `contents`
--
ALTER TABLE `contents`
  MODIFY `id` int(10) UNSIGNED NOT NULL AUTO_INCREMENT, AUTO_INCREMENT=1118;

--
-- AUTO_INCREMENT for table `contracts`
--
ALTER TABLE `contracts`
  MODIFY `id` bigint(20) UNSIGNED NOT NULL AUTO_INCREMENT, AUTO_INCREMENT=173;

--
-- AUTO_INCREMENT for table `contract_duration`
--
ALTER TABLE `contract_duration`
  MODIFY `contract_duration_id` bigint(20) UNSIGNED NOT NULL AUTO_INCREMENT, AUTO_INCREMENT=11;

--
-- AUTO_INCREMENT for table `contract_items`
--
ALTER TABLE `contract_items`
  MODIFY `id` int(10) UNSIGNED NOT NULL AUTO_INCREMENT, AUTO_INCREMENT=49;

--
-- AUTO_INCREMENT for table `contract_items_approves`
--
ALTER TABLE `contract_items_approves`
  MODIFY `id` int(10) UNSIGNED NOT NULL AUTO_INCREMENT, AUTO_INCREMENT=9;

--
-- AUTO_INCREMENT for table `contract_renews`
--
ALTER TABLE `contract_renews`
  MODIFY `id` int(10) UNSIGNED NOT NULL AUTO_INCREMENT;

--
-- AUTO_INCREMENT for table `contract_services`
--
ALTER TABLE `contract_services`
  MODIFY `id` bigint(20) UNSIGNED NOT NULL AUTO_INCREMENT, AUTO_INCREMENT=39;

--
-- AUTO_INCREMENT for table `countries`
--
ALTER TABLE `countries`
  MODIFY `id` int(10) UNSIGNED NOT NULL AUTO_INCREMENT, AUTO_INCREMENT=27;

--
-- AUTO_INCREMENT for table `currencies`
--
ALTER TABLE `currencies`
  MODIFY `id` int(10) UNSIGNED NOT NULL AUTO_INCREMENT, AUTO_INCREMENT=6;

--
-- AUTO_INCREMENT for table `departments`
--
ALTER TABLE `departments`
  MODIFY `id` int(10) UNSIGNED NOT NULL AUTO_INCREMENT, AUTO_INCREMENT=18;

--
-- AUTO_INCREMENT for table `employees`
--
ALTER TABLE `employees`
  MODIFY `id` int(10) UNSIGNED NOT NULL AUTO_INCREMENT, AUTO_INCREMENT=27;

--
-- AUTO_INCREMENT for table `employee_contracts`
--
ALTER TABLE `employee_contracts`
  MODIFY `id` int(10) UNSIGNED NOT NULL AUTO_INCREMENT, AUTO_INCREMENT=27;

--
-- AUTO_INCREMENT for table `first_parties`
--
ALTER TABLE `first_parties`
  MODIFY `id` bigint(20) UNSIGNED NOT NULL AUTO_INCREMENT, AUTO_INCREMENT=4;

--
-- AUTO_INCREMENT for table `migrations`
--
ALTER TABLE `migrations`
  MODIFY `id` int(10) UNSIGNED NOT NULL AUTO_INCREMENT, AUTO_INCREMENT=115;

--
-- AUTO_INCREMENT for table `notifications`
--
ALTER TABLE `notifications`
  MODIFY `id` int(10) UNSIGNED NOT NULL AUTO_INCREMENT, AUTO_INCREMENT=20;

--
-- AUTO_INCREMENT for table `occasions`
--
ALTER TABLE `occasions`
  MODIFY `id` int(10) UNSIGNED NOT NULL AUTO_INCREMENT, AUTO_INCREMENT=24;

--
-- AUTO_INCREMENT for table `operators`
--
ALTER TABLE `operators`
  MODIFY `id` int(10) UNSIGNED NOT NULL AUTO_INCREMENT, AUTO_INCREMENT=79;

--
-- AUTO_INCREMENT for table `percentage`
--
ALTER TABLE `percentage`
  MODIFY `id` bigint(20) UNSIGNED NOT NULL AUTO_INCREMENT, AUTO_INCREMENT=22;

--
-- AUTO_INCREMENT for table `permissions`
--
ALTER TABLE `permissions`
  MODIFY `id` int(10) UNSIGNED NOT NULL AUTO_INCREMENT;

--
-- AUTO_INCREMENT for table `providers`
--
ALTER TABLE `providers`
  MODIFY `id` int(10) UNSIGNED NOT NULL AUTO_INCREMENT, AUTO_INCREMENT=51;

--
-- AUTO_INCREMENT for table `provider_contents`
--
ALTER TABLE `provider_contents`
  MODIFY `id` int(10) UNSIGNED NOT NULL AUTO_INCREMENT, AUTO_INCREMENT=66;

--
-- AUTO_INCREMENT for table `rbts`
--
ALTER TABLE `rbts`
  MODIFY `id` int(10) UNSIGNED NOT NULL AUTO_INCREMENT, AUTO_INCREMENT=42;

--
-- AUTO_INCREMENT for table `reports`
--
ALTER TABLE `reports`
  MODIFY `id` int(10) UNSIGNED NOT NULL AUTO_INCREMENT, AUTO_INCREMENT=6;

--
-- AUTO_INCREMENT for table `revenus`
--
ALTER TABLE `revenus`
  MODIFY `id` bigint(20) UNSIGNED NOT NULL AUTO_INCREMENT, AUTO_INCREMENT=5;

--
-- AUTO_INCREMENT for table `roadmaps`
--
ALTER TABLE `roadmaps`
  MODIFY `id` int(10) UNSIGNED NOT NULL AUTO_INCREMENT, AUTO_INCREMENT=12;

--
-- AUTO_INCREMENT for table `roles`
--
ALTER TABLE `roles`
  MODIFY `id` int(10) UNSIGNED NOT NULL AUTO_INCREMENT, AUTO_INCREMENT=22;

--
-- AUTO_INCREMENT for table `role_route`
--
ALTER TABLE `role_route`
  MODIFY `id` int(10) UNSIGNED NOT NULL AUTO_INCREMENT, AUTO_INCREMENT=376;

--
-- AUTO_INCREMENT for table `routes`
--
ALTER TABLE `routes`
  MODIFY `id` int(10) UNSIGNED NOT NULL AUTO_INCREMENT, AUTO_INCREMENT=304;

--
-- AUTO_INCREMENT for table `second_parties`
--
ALTER TABLE `second_parties`
  MODIFY `second_party_id` int(10) UNSIGNED NOT NULL AUTO_INCREMENT, AUTO_INCREMENT=207;

--
-- AUTO_INCREMENT for table `second_party_types`
--
ALTER TABLE `second_party_types`
  MODIFY `id` bigint(20) UNSIGNED NOT NULL AUTO_INCREMENT, AUTO_INCREMENT=9;

--
-- AUTO_INCREMENT for table `service_types`
--
ALTER TABLE `service_types`
  MODIFY `id` bigint(20) UNSIGNED NOT NULL AUTO_INCREMENT, AUTO_INCREMENT=16;

--
-- AUTO_INCREMENT for table `settings`
--
ALTER TABLE `settings`
  MODIFY `id` int(10) UNSIGNED NOT NULL AUTO_INCREMENT, AUTO_INCREMENT=11;

--
-- AUTO_INCREMENT for table `templates`
--
ALTER TABLE `templates`
  MODIFY `id` int(10) UNSIGNED NOT NULL AUTO_INCREMENT, AUTO_INCREMENT=7;

--
-- AUTO_INCREMENT for table `template_items`
--
ALTER TABLE `template_items`
  MODIFY `id` int(10) UNSIGNED NOT NULL AUTO_INCREMENT, AUTO_INCREMENT=17;

--
-- AUTO_INCREMENT for table `types`
--
ALTER TABLE `types`
  MODIFY `id` int(10) UNSIGNED NOT NULL AUTO_INCREMENT, AUTO_INCREMENT=8;

--
-- AUTO_INCREMENT for table `users`
--
ALTER TABLE `users`
  MODIFY `id` int(10) UNSIGNED NOT NULL AUTO_INCREMENT, AUTO_INCREMENT=30;

--
-- Constraints for dumped tables
--

--
-- Constraints for table `contents`
--
ALTER TABLE `contents`
  ADD CONSTRAINT `contents_occasion_id_foreign` FOREIGN KEY (`occasion_id`) REFERENCES `occasions` (`id`) ON DELETE CASCADE,
  ADD CONSTRAINT `contents_provider_id_foreign` FOREIGN KEY (`provider_id`) REFERENCES `second_parties` (`second_party_id`),
  ADD CONSTRAINT `contents_user_id_foreign` FOREIGN KEY (`user_id`) REFERENCES `users` (`id`) ON DELETE CASCADE;

--
-- Constraints for table `contract_items_approves`
--
ALTER TABLE `contract_items_approves`
  ADD CONSTRAINT `contract_items_approves_contract_item_id_foreign` FOREIGN KEY (`contract_item_id`) REFERENCES `contract_items` (`id`) ON DELETE CASCADE,
  ADD CONSTRAINT `contract_items_approves_user_id_foreign` FOREIGN KEY (`user_id`) REFERENCES `users` (`id`) ON DELETE CASCADE;

--
-- Constraints for table `departments`
--
ALTER TABLE `departments`
  ADD CONSTRAINT `departments_manager_id_foreign` FOREIGN KEY (`manager_id`) REFERENCES `users` (`id`) ON DELETE CASCADE;

--
-- Constraints for table `occasions`
--
ALTER TABLE `occasions`
  ADD CONSTRAINT `occasions_country_id_foreign` FOREIGN KEY (`country_id`) REFERENCES `countries` (`id`) ON DELETE CASCADE;

--
-- Constraints for table `operators`
--
ALTER TABLE `operators`
  ADD CONSTRAINT `operators_country_id_foreign` FOREIGN KEY (`country_id`) REFERENCES `countries` (`id`) ON DELETE CASCADE;

--
-- Constraints for table `reports`
--
ALTER TABLE `reports`
  ADD CONSTRAINT `reports_aggregator_id_foreign` FOREIGN KEY (`aggregator_id`) REFERENCES `aggregators` (`id`) ON DELETE CASCADE,
  ADD CONSTRAINT `reports_operator_id_foreign` FOREIGN KEY (`operator_id`) REFERENCES `operators` (`id`) ON DELETE CASCADE,
  ADD CONSTRAINT `reports_rbt_id_foreign` FOREIGN KEY (`rbt_id`) REFERENCES `rbts` (`id`) ON DELETE CASCADE;

--
-- Constraints for table `role_route`
--
ALTER TABLE `role_route`
  ADD CONSTRAINT `role_route_ibfk_1` FOREIGN KEY (`route_id`) REFERENCES `routes` (`id`) ON DELETE CASCADE ON UPDATE CASCADE,
  ADD CONSTRAINT `role_route_ibfk_2` FOREIGN KEY (`role_id`) REFERENCES `roles` (`id`) ON DELETE CASCADE ON UPDATE CASCADE;
COMMIT;

/*!40101 SET CHARACTER_SET_CLIENT=@OLD_CHARACTER_SET_CLIENT */;
/*!40101 SET CHARACTER_SET_RESULTS=@OLD_CHARACTER_SET_RESULTS */;
/*!40101 SET COLLATION_CONNECTION=@OLD_COLLATION_CONNECTION */;
